[00:00:08.697,143] [0m<dbg> zmk: apply_config: LISTENER INDEX: 0[0m
[00:00:08.697,174] [0m<dbg> zmk: scale_val: scaled 0 with 1/1 to 0 with remainder 0[0m
[00:00:08.697,235] [0m<dbg> zmk: apply_config: LISTENER INDEX: 0[0m
[00:00:08.697,265] [0m<dbg> zmk: scale_val: scaled -1 with 1/1 to -1 with remainder 0[0m
[00:00:08.697,265] [0m<dbg> zmk: zmk_hid_mouse_movement_set: Mouse movement set to 0/-1[0m
[00:00:08.697,326] [0m<dbg> zmk: zmk_hid_mouse_scroll_set: Mouse scroll set to 0/0[0m
[00:00:08.697,326] [0m<dbg> zmk: zmk_hid_mouse_movement_set: Mouse movement set to 0/0[0m
[00:00:08.714,569] [0m<dbg> zmk: apply_config: LISTENER INDEX: 0[0m
[00:00:08.714,569] [0m<dbg> zmk: scale_val: scaled 1 with 1/1 to 1 with remainder 0[0m
[00:00:08.714,630] [0m<dbg> zmk: apply_config: LISTENER INDEX: 0[0m
[00:00:08.714,660] [0m<dbg> zmk: scale_val: scaled 0 with 1/1 to 0 with remainder 0[0m
[00:00:08.714,660] [0m<dbg> zmk: zmk_hid_mouse_movement_set: Mouse movement set to 1/0[0m
[00:00:08.714,721] [0m<dbg> zmk: zmk_hid_mouse_scroll_set: Mouse scroll set to 0/0[0m
[00:00:08.714,752] [0m<dbg> zmk: zmk_hid_mouse_movement_set: Mouse movement set to 0/0[0m
[00:00:08.722,625] [0m<dbg> zmk: apply_config: LISTENER INDEX: 0[0m
[00:00:08.722,656] [0m<dbg> zmk: scale_val: scaled 1 with 1/1 to 1 with remainder 0[0m
[00:00:08.722,717] [0m<dbg> zmk: apply_config: LISTENER INDEX: 0[0m
[00:00:08.722,717] [0m<dbg> zmk: scale_val: scaled -1 with 1/1 to -1 with remainder 0[0m
[00:00:08.722,747] [0m<dbg> zmk: zmk_hid_mouse_movement_set: Mouse movement set to 1/-1[0m
[00:00:08.722,808] [0m<dbg> zmk: zmk_hid_mouse_scroll_set: Mouse scroll set to 0/0[0m
[00:00:08.722,808] [0m<dbg> zmk: zmk_hid_mouse_movement_set: Mouse movement set to 0/0[0m
[00:00:08.745,513] [0m<dbg> zmk: apply_config: LISTENER INDEX: 0[0m
[00:00:08.745,544] [0m<dbg> zmk: scale_val: scaled 0 with 1/1 to 0 with remainder 0[0m
[00:00:08.745,605] [0m<dbg> zmk: apply_config: LISTENER INDEX: 0[0m
[00:00:08.745,635] [0m<dbg> zmk: scale_val: scaled -1 with 1/1 to -1 with remainder 0[0m
[00:00:08.745,635] [0m<dbg> zmk: zmk_hid_mouse_movement_set: Mouse movement set to 0/-1[0m
[00:00:08.745,697] [0m<dbg> zmk: zmk_hid_mouse_scroll_set: Mouse scroll set to 0/0[0m
[00:00:08.745,697] [0m<dbg> zmk: zmk_hid_mouse_movement_set: Mouse movement set to 0/0[0m
[00:00:08.753,601] [0m<dbg> zmk: apply_config: LISTENER INDEX: 0[0m
[00:00:08.753,601] [0m<dbg> zmk: scale_val: scaled 0 with 1/1 to 0 with remainder 0[0m
[00:00:08.753,662] [0m<dbg> zmk: apply_config: LISTENER INDEX: 0[0m
[00:00:08.753,692] [0m<dbg> zmk: scale_val: scaled -1 with 1/1 to -1 with remainder 0[0m
[00:00:08.753,723] [0m<dbg> zmk: zmk_hid_mouse_movement_set: Mouse movement set to 0/-1[0m
[00:00:08.753,753] [0m<dbg> zmk: zmk_hid_mouse_scroll_set: Mouse scroll set to 0/0[0m
[00:00:08.753,784] [0m<dbg> zmk: zmk_hid_mouse_movement_set: Mouse movement set to 0/0[0m
[00:00:08.761,627] [0m<dbg> zmk: apply_config: LISTENER INDEX: 0[0m
[00:00:08.761,657] [0m<dbg> zmk: scale_val: scaled 0 with 1/1 to 0 with remainder 0[0m
[00:00:08.761,688] [0m<dbg> zmk: apply_config: LISTENER INDEX: 0[0m
[00:00:08.761,718] [0m<dbg> zmk: scale_val: scaled -1 with 1/1 to -1 with remainder 0[0m
[00:00:08.761,749] [0m<dbg> zmk: zmk_hid_mouse_movement_set: Mouse movement set to 0/-1[0m
[00:00:08.761,932] [0m<dbg> zmk: zmk_hid_mouse_scroll_set: Mouse scroll set to 0/0[0m
[00:00:08.762,023] [0m<dbg> zmk: zmk_hid_mouse_movement_set: Mouse movement set to 0/0[0m
[00:00:08.769,683] [0m<dbg> zmk: apply_config: LISTENER INDEX: 0[0m
[00:00:08.769,714] [0m<dbg> zmk: scale_val: scaled 0 with 1/1 to 0 with remainder 0[0m
[00:00:08.769,775] [0m<dbg> zmk: apply_config: LISTENER INDEX: 0[0m
[00:00:08.769,775] [0m<dbg> zmk: scale_val: scaled -5 with 1/1 to -5 with remainder 0[0m
[00:00:08.769,805] [0m<dbg> zmk: zmk_hid_mouse_movement_set: Mouse movement set to 0/-5[0m
[00:00:08.769,836] [0m<dbg> zmk: zmk_hid_mouse_scroll_set: Mouse scroll set to 0/0[0m
[00:00:08.769,866] [0m<dbg> zmk: zmk_hid_mouse_movement_set: Mouse movement set to 0/0[0m
[00:00:08.777,923] [0m<dbg> zmk: apply_config: LISTENER INDEX: 0[0m
[00:00:08.777,954] [0m<dbg> zmk: scale_val: scaled -1 with 1/1 to -1 with remainder 0[0m
[00:00:08.777,984] [0m<dbg> zmk: apply_config: LISTENER INDEX: 0[0m
[00:00:08.778,015] [0m<dbg> zmk: scale_val: scaled -2 with 1/1 to -2 with remainder 0[0m
[00:00:08.778,045] [0m<dbg> zmk: zmk_hid_mouse_movement_set: Mouse movement set to -1/-2[0m
[00:00:08.778,076] [0m<dbg> zmk: zmk_hid_mouse_scroll_set: Mouse scroll set to 0/0[0m
[00:00:08.778,106] [0m<dbg> zmk: zmk_hid_mouse_movement_set: Mouse movement set to 0/0[0m
[00:00:08.787,109] [0m<dbg> zmk: apply_config: LISTENER INDEX: 0[0m
[00:00:08.787,139] [0m<dbg> zmk: scale_val: scaled -3 with 1/1 to -3 with remainder 0[0m
[00:00:08.787,170] [0m<dbg> zmk: apply_config: LISTENER INDEX: 0[0m
[00:00:08.787,200] [0m<dbg> zmk: scale_val: scaled -7 with 1/1 to -7 with remainder 0[0m
[00:00:08.787,231] [0m<dbg> zmk: zmk_hid_mouse_movement_set: Mouse movement set to -3/-7[0m
[00:00:08.787,261] [0m<dbg> zmk: zmk_hid_mouse_scroll_set: Mouse scroll set to 0/0[0m
[00:00:08.787,292] [0m<dbg> zmk: zmk_hid_mouse_movement_set: Mouse movement set to 0/0[0m
[00:00:08.795,166] [0m<dbg> zmk: apply_config: LISTENER INDEX: 0[0m
[00:00:08.795,196] [0m<dbg> zmk: scale_val: scaled -9 with 1/1 to -9 with remainder 0[0m
[00:00:08.795,227] [0m<dbg> zmk: apply_config: LISTENER INDEX: 0[0m
[00:00:08.795,257] [0m<dbg> zmk: scale_val: scaled -11 with 1/1 to -11 with remainder 0[0m
[00:00:08.795,288] [0m<dbg> zmk: zmk_hid_mouse_movement_set: Mouse movement set to -9/-11[0m
[00:00:08.795,349] [0m<dbg> zmk: zmk_hid_mouse_scroll_set: Mouse scroll set to 0/0[0m
[00:00:08.795,349] [0m<dbg> zmk: zmk_hid_mouse_movement_set: Mouse movement set to 0/0[0m
[00:00:08.802,642] [0m<dbg> zmk: apply_config: LISTENER INDEX: 0[0m
[00:00:08.802,642] [0m<dbg> zmk: scale_val: scaled -15 with 1/1 to -15 with remainder 0[0m
[00:00:08.802,764] [0m<dbg> zmk: apply_config: LISTENER INDEX: 0[0m
[00:00:08.802,795] [0m<dbg> zmk: scale_val: scaled -18 with 1/1 to -18 with remainder 0[0m
[00:00:08.802,795] [0m<dbg> zmk: zmk_hid_mouse_movement_set: Mouse movement set to -15/-18[0m
[00:00:08.802,856] [0m<dbg> zmk: zmk_hid_mouse_scroll_set: Mouse scroll set to 0/0[0m
[00:00:08.802,886] [0m<dbg> zmk: zmk_hid_mouse_movement_set: Mouse movement set to 0/0[0m
[00:00:08.810,668] [0m<dbg> zmk: apply_config: LISTENER INDEX: 0[0m
[00:00:08.810,699] [0m<dbg> zmk: scale_val: scaled -21 with 1/1 to -21 with remainder 0[0m
[00:00:08.810,760] [0m<dbg> zmk: apply_config: LISTENER INDEX: 0[0m
[00:00:08.810,760] [0m<dbg> zmk: scale_val: scaled -24 with 1/1 to -24 with remainder 0[0m
[00:00:08.810,791] [0m<dbg> zmk: zmk_hid_mouse_movement_set: Mouse movement set to -21/-24[0m
[00:00:08.811,035] [0m<dbg> zmk: zmk_hid_mouse_scroll_set: Mouse scroll set to 0/0[0m
[00:00:08.811,065] [0m<dbg> zmk: zmk_hid_mouse_movement_set: Mouse movement set to 0/0[0m
[00:00:08.818,634] [0m<dbg> zmk: apply_config: LISTENER INDEX: 0[0m
[00:00:08.818,634] [0m<dbg> zmk: scale_val: scaled -24 with 1/1 to -24 with remainder 0[0m
[00:00:08.818,695] [0m<dbg> zmk: apply_config: LISTENER INDEX: 0[0m
[00:00:08.818,725] [0m<dbg> zmk: scale_val: scaled -27 with 1/1 to -27 with remainder 0[0m
[00:00:08.818,725] [0m<dbg> zmk: zmk_hid_mouse_movement_set: Mouse movement set to -24/-27[0m
[00:00:08.818,786] [0m<dbg> zmk: zmk_hid_mouse_scroll_set: Mouse scroll set to 0/0[0m
[00:00:08.818,817] [0m<dbg> zmk: zmk_hid_mouse_movement_set: Mouse movement set to 0/0[0m
[00:00:08.826,660] [0m<dbg> zmk: apply_config: LISTENER INDEX: 0[0m
[00:00:08.826,660] [0m<dbg> zmk: scale_val: scaled -27 with 1/1 to -27 with remainder 0[0m
[00:00:08.826,721] [0m<dbg> zmk: apply_config: LISTENER INDEX: 0[0m
[00:00:08.826,751] [0m<dbg> zmk: scale_val: scaled -33 with 1/1 to -33 with remainder 0[0m
[00:00:08.826,751] [0m<dbg> zmk: zmk_hid_mouse_movement_set: Mouse movement set to -27/-33[0m
[00:00:08.826,812] [0m<dbg> zmk: zmk_hid_mouse_scroll_set: Mouse scroll set to 0/0[0m
[00:00:08.826,843] [0m<dbg> zmk: zmk_hid_mouse_movement_set: Mouse movement set to 0/0[0m
[00:00:08.834,960] [0m<dbg> zmk: apply_config: LISTENER INDEX: 0[0m
[00:00:08.834,991] [0m<dbg> zmk: scale_val: scaled -30 with 1/1 to -30 with remainder 0[0m
[00:00:08.835,052] [0m<dbg> zmk: apply_config: LISTENER INDEX: 0[0m
[00:00:08.835,083] [0m<dbg> zmk: scale_val: scaled -37 with 1/1 to -37 with remainder 0[0m
[00:00:08.835,083] [0m<dbg> zmk: zmk_hid_mouse_movement_set: Mouse movement set to -30/-37[0m
[00:00:08.835,144] [0m<dbg> zmk: zmk_hid_mouse_scroll_set: Mouse scroll set to 0/0[0m
[00:00:08.835,144] [0m<dbg> zmk: zmk_hid_mouse_movement_set: Mouse movement set to 0/0[0m
[00:00:08.842,834] [0m<dbg> zmk: apply_config: LISTENER INDEX: 0[0m
[00:00:08.842,864] [0m<dbg> zmk: scale_val: scaled -27 with 1/1 to -27 with remainder 0[0m
[00:00:08.842,926] [0m<dbg> zmk: apply_config: LISTENER INDEX: 0[0m
[00:00:08.842,926] [0m<dbg> zmk: scale_val: scaled -37 with 1/1 to -37 with remainder 0[0m
[00:00:08.842,956] [0m<dbg> zmk: zmk_hid_mouse_movement_set: Mouse movement set to -27/-37[0m
[00:00:08.843,017] [0m<dbg> zmk: zmk_hid_mouse_scroll_set: Mouse scroll set to 0/0[0m
[00:00:08.843,017] [0m<dbg> zmk: zmk_hid_mouse_movement_set: Mouse movement set to 0/0[0m
[00:00:08.850,860] [0m<dbg> zmk: apply_config: LISTENER INDEX: 0[0m
[00:00:08.850,860] [0m<dbg> zmk: scale_val: scaled -21 with 1/1 to -21 with remainder 0[0m
[00:00:08.850,921] [0m<dbg> zmk: apply_config: LISTENER INDEX: 0[0m
[00:00:08.850,952] [0m<dbg> zmk: scale_val: scaled -33 with 1/1 to -33 with remainder 0[0m
[00:00:08.850,982] [0m<dbg> zmk: zmk_hid_mouse_movement_set: Mouse movement set to -21/-33[0m
[00:00:08.851,013] [0m<dbg> zmk: zmk_hid_mouse_scroll_set: Mouse scroll set to 0/0[0m
[00:00:08.851,043] [0m<dbg> zmk: zmk_hid_mouse_movement_set: Mouse movement set to 0/0[0m
[00:00:08.858,917] [0m<dbg> zmk: apply_config: LISTENER INDEX: 0[0m
[00:00:08.858,917] [0m<dbg> zmk: scale_val: scaled -18 with 1/1 to -18 with remainder 0[0m
[00:00:08.858,978] [0m<dbg> zmk: apply_config: LISTENER INDEX: 0[0m
[00:00:08.859,008] [0m<dbg> zmk: scale_val: scaled -30 with 1/1 to -30 with remainder 0[0m
[00:00:08.859,008] [0m<dbg> zmk: zmk_hid_mouse_movement_set: Mouse movement set to -18/-30[0m
[00:00:08.859,069] [0m<dbg> zmk: zmk_hid_mouse_scroll_set: Mouse scroll set to 0/0[0m
[00:00:08.859,100] [0m<dbg> zmk: zmk_hid_mouse_movement_set: Mouse movement set to 0/0[0m
[00:00:08.866,973] [0m<dbg> zmk: apply_config: LISTENER INDEX: 0[0m
[00:00:08.866,973] [0m<dbg> zmk: scale_val: scaled -18 with 1/1 to -18 with remainder 0[0m
[00:00:08.867,034] [0m<dbg> zmk: apply_config: LISTENER INDEX: 0[0m
[00:00:08.867,065] [0m<dbg> zmk: scale_val: scaled -27 with 1/1 to -27 with remainder 0[0m
[00:00:08.867,065] [0m<dbg> zmk: zmk_hid_mouse_movement_set: Mouse movement set to -18/-27[0m
[00:00:08.867,126] [0m<dbg> zmk: zmk_hid_mouse_scroll_set: Mouse scroll set to 0/0[0m
[00:00:08.867,126] [0m<dbg> zmk: zmk_hid_mouse_movement_set: Mouse movement set to 0/0[0m
[00:00:08.875,030] [0m<dbg> zmk: apply_config: LISTENER INDEX: 0[0m
[00:00:08.875,030] [0m<dbg> zmk: scale_val: scaled -21 with 1/1 to -21 with remainder 0[0m
[00:00:08.875,091] [0m<dbg> zmk: apply_config: LISTENER INDEX: 0[0m
[00:00:08.875,122] [0m<dbg> zmk: scale_val: scaled -21 with 1/1 to -21 with remainder 0[0m
[00:00:08.875,122] [0m<dbg> zmk: zmk_hid_mouse_movement_set: Mouse movement set to -21/-21[0m
[00:00:08.875,183] [0m<dbg> zmk: zmk_hid_mouse_scroll_set: Mouse scroll set to 0/0[0m
[00:00:08.875,183] [0m<dbg> zmk: zmk_hid_mouse_movement_set: Mouse movement set to 0/0[0m
[00:00:08.883,148] [0m<dbg> zmk: apply_config: LISTENER INDEX: 0[0m
[00:00:08.883,148] [0m<dbg> zmk: scale_val: scaled -30 with 1/1 to -30 with remainder 0[0m
[00:00:08.883,209] [0m<dbg> zmk: apply_config: LISTENER INDEX: 0[0m
[00:00:08.883,239] [0m<dbg> zmk: scale_val: scaled -15 with 1/1 to -15 with remainder 0[0m
[00:00:08.883,239] [0m<dbg> zmk: zmk_hid_mouse_movement_set: Mouse movement set to -30/-15[0m
[00:00:08.883,300] [0m<dbg> zmk: zmk_hid_mouse_scroll_set: Mouse scroll set to 0/0[0m
[00:00:08.883,300] [0m<dbg> zmk: zmk_hid_mouse_movement_set: Mouse movement set to 0/0[0m
[00:00:08.891,204] [0m<dbg> zmk: apply_config: LISTENER INDEX: 0[0m
[00:00:08.891,204] [0m<dbg> zmk: scale_val: scaled -37 with 1/1 to -37 with remainder 0[0m
[00:00:08.891,265] [0m<dbg> zmk: apply_config: LISTENER INDEX: 0[0m
[00:00:08.891,296] [0m<dbg> zmk: scale_val: scaled -15 with 1/1 to -15 with remainder 0[0m
[00:00:08.891,296] [0m<dbg> zmk: zmk_hid_mouse_movement_set: Mouse movement set to -37/-15[0m
[00:00:08.891,357] [0m<dbg> zmk: zmk_hid_mouse_scroll_set: Mouse scroll set to 0/0[0m
[00:00:08.891,387] [0m<dbg> zmk: zmk_hid_mouse_movement_set: Mouse movement set to 0/0[0m
[00:00:08.899,230] [0m<dbg> zmk: apply_config: LISTENER INDEX: 0[0m
[00:00:08.899,261] [0m<dbg> zmk: scale_val: scaled -45 with 1/1 to -45 with remainder 0[0m
[00:00:08.899,291] [0m<dbg> zmk: apply_config: LISTENER INDEX: 0[0m
[00:00:08.899,322] [0m<dbg> zmk: scale_val: scaled -11 with 1/1 to -11 with remainder 0[0m
[00:00:08.899,353] [0m<dbg> zmk: zmk_hid_mouse_movement_set: Mouse movement set to -45/-11[0m
[00:00:08.899,414] [0m<dbg> zmk: zmk_hid_mouse_scroll_set: Mouse scroll set to 0/0[0m
[00:00:08.899,414] [0m<dbg> zmk: zmk_hid_mouse_movement_set: Mouse movement set to 0/0[0m
[00:00:08.907,257] [0m<dbg> zmk: apply_config: LISTENER INDEX: 0[0m
[00:00:08.907,287] [0m<dbg> zmk: scale_val: scaled -45 with 1/1 to -45 with remainder 0[0m
[00:00:08.907,348] [0m<dbg> zmk: apply_config: LISTENER INDEX: 0[0m
[00:00:08.907,348] [0m<dbg> zmk: scale_val: scaled -9 with 1/1 to -9 with remainder 0[0m
[00:00:08.907,379] [0m<dbg> zmk: zmk_hid_mouse_movement_set: Mouse movement set to -45/-9[0m
[00:00:08.907,440] [0m<dbg> zmk: zmk_hid_mouse_scroll_set: Mouse scroll set to 0/0[0m
[00:00:08.907,440] [0m<dbg> zmk: zmk_hid_mouse_movement_set: Mouse movement set to 0/0[0m
[00:00:08.915,344] [0m<dbg> zmk: apply_config: LISTENER INDEX: 0[0m
[00:00:08.915,344] [0m<dbg> zmk: scale_val: scaled -49 with 1/1 to -49 with remainder 0[0m
[00:00:08.915,496] [0m<dbg> zmk: apply_config: LISTENER INDEX: 0[0m
[00:00:08.915,527] [0m<dbg> zmk: scale_val: scaled -7 with 1/1 to -7 with remainder 0[0m
[00:00:08.915,557] [0m<dbg> zmk: zmk_hid_mouse_movement_set: Mouse movement set to -49/-7[0m
[00:00:08.915,710] [0m<dbg> zmk: zmk_hid_mouse_scroll_set: Mouse scroll set to 0/0[0m
[00:00:08.915,710] [0m<dbg> zmk: zmk_hid_mouse_movement_set: Mouse movement set to 0/0[0m
[00:00:08.923,431] [0m<dbg> zmk: apply_config: LISTENER INDEX: 0[0m
[00:00:08.923,461] [0m<dbg> zmk: scale_val: scaled -49 with 1/1 to -49 with remainder 0[0m
[00:00:08.923,522] [0m<dbg> zmk: apply_config: LISTENER INDEX: 0[0m
[00:00:08.923,522] [0m<dbg> zmk: scale_val: scaled -5 with 1/1 to -5 with remainder 0[0m
[00:00:08.923,553] [0m<dbg> zmk: zmk_hid_mouse_movement_set: Mouse movement set to -49/-5[0m
[00:00:08.923,614] [0m<dbg> zmk: zmk_hid_mouse_scroll_set: Mouse scroll set to 0/0[0m
[00:00:08.923,614] [0m<dbg> zmk: zmk_hid_mouse_movement_set: Mouse movement set to 0/0[0m
[00:00:08.931,457] [0m<dbg> zmk: apply_config: LISTENER INDEX: 0[0m
[00:00:08.931,457] [0m<dbg> zmk: scale_val: scaled -37 with 1/1 to -37 with remainder 0[0m
[00:00:08.931,518] [0m<dbg> zmk: apply_config: LISTENER INDEX: 0[0m
[00:00:08.931,549] [0m<dbg> zmk: scale_val: scaled -5 with 1/1 to -5 with remainder 0[0m
[00:00:08.931,549] [0m<dbg> zmk: zmk_hid_mouse_movement_set: Mouse movement set to -37/-5[0m
[00:00:08.931,610] [0m<dbg> zmk: zmk_hid_mouse_scroll_set: Mouse scroll set to 0/0[0m
[00:00:08.931,640] [0m<dbg> zmk: zmk_hid_mouse_movement_set: Mouse movement set to 0/0[0m
[00:00:08.939,514] [0m<dbg> zmk: apply_config: LISTENER INDEX: 0[0m
[00:00:08.939,544] [0m<dbg> zmk: scale_val: scaled -41 with 1/1 to -41 with remainder 0[0m
[00:00:08.939,605] [0m<dbg> zmk: apply_config: LISTENER INDEX: 0[0m
[00:00:08.939,636] [0m<dbg> zmk: scale_val: scaled -2 with 1/1 to -2 with remainder 0[0m
[00:00:08.939,636] [0m<dbg> zmk: zmk_hid_mouse_movement_set: Mouse movement set to -41/-2[0m
[00:00:08.939,697] [0m<dbg> zmk: zmk_hid_mouse_scroll_set: Mouse scroll set to 0/0[0m
[00:00:08.939,697] [0m<dbg> zmk: zmk_hid_mouse_movement_set: Mouse movement set to 0/0[0m
[00:00:08.947,692] [0m<dbg> zmk: apply_config: LISTENER INDEX: 0[0m
[00:00:08.947,723] [0m<dbg> zmk: scale_val: scaled -41 with 1/1 to -41 with remainder 0[0m
[00:00:08.947,753] [0m<dbg> zmk: apply_config: LISTENER INDEX: 0[0m
[00:00:08.947,784] [0m<dbg> zmk: scale_val: scaled -1 with 1/1 to -1 with remainder 0[0m
[00:00:08.947,814] [0m<dbg> zmk: zmk_hid_mouse_movement_set: Mouse movement set to -41/-1[0m
[00:00:08.947,875] [0m<dbg> zmk: zmk_hid_mouse_scroll_set: Mouse scroll set to 0/0[0m
[00:00:08.947,875] [0m<dbg> zmk: zmk_hid_mouse_movement_set: Mouse movement set to 0/0[0m
[00:00:08.955,657] [0m<dbg> zmk: apply_config: LISTENER INDEX: 0[0m
[00:00:08.955,657] [0m<dbg> zmk: scale_val: scaled -45 with 1/1 to -45 with remainder 0[0m
[00:00:08.955,718] [0m<dbg> zmk: apply_config: LISTENER INDEX: 0[0m
[00:00:08.955,749] [0m<dbg> zmk: scale_val: scaled 0 with 1/1 to 0 with remainder 0[0m
[00:00:08.955,749] [0m<dbg> zmk: zmk_hid_mouse_movement_set: Mouse movement set to -45/0[0m
[00:00:08.955,810] [0m<dbg> zmk: zmk_hid_mouse_scroll_set: Mouse scroll set to 0/0[0m
[00:00:08.955,841] [0m<dbg> zmk: zmk_hid_mouse_movement_set: Mouse movement set to 0/0[0m
[00:00:08.963,714] [0m<dbg> zmk: apply_config: LISTENER INDEX: 0[0m
[00:00:08.963,714] [0m<dbg> zmk: scale_val: scaled -53 with 1/1 to -53 with remainder 0[0m
[00:00:08.963,775] [0m<dbg> zmk: apply_config: LISTENER INDEX: 0[0m
[00:00:08.963,806] [0m<dbg> zmk: scale_val: scaled 1 with 1/1 to 1 with remainder 0[0m
[00:00:08.963,806] [0m<dbg> zmk: zmk_hid_mouse_movement_set: Mouse movement set to -53/1[0m
[00:00:08.963,867] [0m<dbg> zmk: zmk_hid_mouse_scroll_set: Mouse scroll set to 0/0[0m
[00:00:08.963,897] [0m<dbg> zmk: zmk_hid_mouse_movement_set: Mouse movement set to 0/0[0m
[00:00:08.971,771] [0m<dbg> zmk: apply_config: LISTENER INDEX: 0[0m
[00:00:08.971,771] [0m<dbg> zmk: scale_val: scaled -41 with 1/1 to -41 with remainder 0[0m
[00:00:08.971,832] [0m<dbg> zmk: apply_config: LISTENER INDEX: 0[0m
[00:00:08.971,862] [0m<dbg> zmk: scale_val: scaled 3 with 1/1 to 3 with remainder 0[0m
[00:00:08.971,862] [0m<dbg> zmk: zmk_hid_mouse_movement_set: Mouse movement set to -41/3[0m
[00:00:08.971,923] [0m<dbg> zmk: zmk_hid_mouse_scroll_set: Mouse scroll set to 0/0[0m
[00:00:08.971,954] [0m<dbg> zmk: zmk_hid_mouse_movement_set: Mouse movement set to 0/0[0m
[00:00:08.979,827] [0m<dbg> zmk: apply_config: LISTENER INDEX: 0[0m
[00:00:08.979,858] [0m<dbg> zmk: scale_val: scaled -33 with 1/1 to -33 with remainder 0[0m
[00:00:08.979,919] [0m<dbg> zmk: apply_config: LISTENER INDEX: 0[0m
[00:00:08.979,919] [0m<dbg> zmk: scale_val: scaled 3 with 1/1 to 3 with remainder 0[0m
[00:00:08.979,949] [0m<dbg> zmk: zmk_hid_mouse_movement_set: Mouse movement set to -33/3[0m
[00:00:08.980,010] [0m<dbg> zmk: zmk_hid_mouse_scroll_set: Mouse scroll set to 0/0[0m
[00:00:08.980,010] [0m<dbg> zmk: zmk_hid_mouse_movement_set: Mouse movement set to 0/0[0m
[00:00:08.987,915] [0m<dbg> zmk: apply_config: LISTENER INDEX: 0[0m
[00:00:08.987,945] [0m<dbg> zmk: scale_val: scaled -30 with 1/1 to -30 with remainder 0[0m
[00:00:08.987,976] [0m<dbg> zmk: apply_config: LISTENER INDEX: 0[0m
[00:00:08.988,006] [0m<dbg> zmk: scale_val: scaled 7 with 1/1 to 7 with remainder 0[0m
[00:00:08.988,037] [0m<dbg> zmk: zmk_hid_mouse_movement_set: Mouse movement set to -30/7[0m
[00:00:08.988,067] [0m<dbg> zmk: zmk_hid_mouse_scroll_set: Mouse scroll set to 0/0[0m
[00:00:08.988,098] [0m<dbg> zmk: zmk_hid_mouse_movement_set: Mouse movement set to 0/0[0m
[00:00:08.995,971] [0m<dbg> zmk: apply_config: LISTENER INDEX: 0[0m
[00:00:08.996,002] [0m<dbg> zmk: scale_val: scaled -30 with 1/1 to -30 with remainder 0[0m
[00:00:08.996,032] [0m<dbg> zmk: apply_config: LISTENER INDEX: 0[0m
[00:00:08.996,063] [0m<dbg> zmk: scale_val: scaled 7 with 1/1 to 7 with remainder 0[0m
[00:00:08.996,093] [0m<dbg> zmk: zmk_hid_mouse_movement_set: Mouse movement set to -30/7[0m
[00:00:08.996,154] [0m<dbg> zmk: zmk_hid_mouse_scroll_set: Mouse scroll set to 0/0[0m
[00:00:08.996,154] [0m<dbg> zmk: zmk_hid_mouse_movement_set: Mouse movement set to 0/0[0m
[00:00:09.003,997] [0m<dbg> zmk: apply_config: LISTENER INDEX: 0[0m
[00:00:09.004,028] [0m<dbg> zmk: scale_val: scaled -24 with 1/1 to -24 with remainder 0[0m
[00:00:09.004,089] [0m<dbg> zmk: apply_config: LISTENER INDEX: 0[0m
[00:00:09.004,089] [0m<dbg> zmk: scale_val: scaled 9 with 1/1 to 9 with remainder 0[0m
[00:00:09.004,486] [0m<dbg> zmk: zmk_hid_mouse_movement_set: Mouse movement set to -24/9[0m
[00:00:09.004,547] [0m<dbg> zmk: zmk_hid_mouse_scroll_set: Mouse scroll set to 0/0[0m
[00:00:09.004,547] [0m<dbg> zmk: zmk_hid_mouse_movement_set: Mouse movement set to 0/0[0m
[00:00:09.012,054] [0m<dbg> zmk: apply_config: LISTENER INDEX: 0[0m
[00:00:09.012,084] [0m<dbg> zmk: scale_val: scaled -24 with 1/1 to -24 with remainder 0[0m
[00:00:09.012,145] [0m<dbg> zmk: apply_config: LISTENER INDEX: 0[0m
[00:00:09.012,145] [0m<dbg> zmk: scale_val: scaled 13 with 1/1 to 13 with remainder 0[0m
[00:00:09.012,176] [0m<dbg> zmk: zmk_hid_mouse_movement_set: Mouse movement set to -24/13[0m
[00:00:09.012,237] [0m<dbg> zmk: zmk_hid_mouse_scroll_set: Mouse scroll set to 0/0[0m
[00:00:09.012,237] [0m<dbg> zmk: zmk_hid_mouse_movement_set: Mouse movement set to 0/0[0m
[00:00:09.020,172] [0m<dbg> zmk: apply_config: LISTENER INDEX: 0[0m
[00:00:09.020,202] [0m<dbg> zmk: scale_val: scaled -18 with 1/1 to -18 with remainder 0[0m
[00:00:09.020,233] [0m<dbg> zmk: apply_config: LISTENER INDEX: 0[0m
[00:00:09.020,263] [0m<dbg> zmk: scale_val: scaled 15 with 1/1 to 15 with remainder 0[0m
[00:00:09.020,294] [0m<dbg> zmk: zmk_hid_mouse_movement_set: Mouse movement set to -18/15[0m
[00:00:09.020,324] [0m<dbg> zmk: zmk_hid_mouse_scroll_set: Mouse scroll set to 0/0[0m
[00:00:09.020,355] [0m<dbg> zmk: zmk_hid_mouse_movement_set: Mouse movement set to 0/0[0m
[00:00:09.028,381] [0m<dbg> zmk: apply_config: LISTENER INDEX: 0[0m
[00:00:09.028,381] [0m<dbg> zmk: scale_val: scaled -11 with 1/1 to -11 with remainder 0[0m
[00:00:09.028,442] [0m<dbg> zmk: apply_config: LISTENER INDEX: 0[0m
[00:00:09.028,472] [0m<dbg> zmk: scale_val: scaled 15 with 1/1 to 15 with remainder 0[0m
[00:00:09.028,472] [0m<dbg> zmk: zmk_hid_mouse_movement_set: Mouse movement set to -11/15[0m
[00:00:09.028,533] [0m<dbg> zmk: zmk_hid_mouse_scroll_set: Mouse scroll set to 0/0[0m
[00:00:09.028,564] [0m<dbg> zmk: zmk_hid_mouse_movement_set: Mouse movement set to 0/0[0m
[00:00:09.036,315] [0m<dbg> zmk: apply_config: LISTENER INDEX: 0[0m
[00:00:09.036,346] [0m<dbg> zmk: scale_val: scaled -9 with 1/1 to -9 with remainder 0[0m
[00:00:09.036,407] [0m<dbg> zmk: apply_config: LISTENER INDEX: 0[0m
[00:00:09.036,407] [0m<dbg> zmk: scale_val: scaled 18 with 1/1 to 18 with remainder 0[0m
[00:00:09.036,437] [0m<dbg> zmk: zmk_hid_mouse_movement_set: Mouse movement set to -9/18[0m
[00:00:09.036,499] [0m<dbg> zmk: zmk_hid_mouse_scroll_set: Mouse scroll set to 0/0[0m
[00:00:09.036,499] [0m<dbg> zmk: zmk_hid_mouse_movement_set: Mouse movement set to 0/0[0m
[00:00:09.044,342] [0m<dbg> zmk: apply_config: LISTENER INDEX: 0[0m
[00:00:09.044,342] [0m<dbg> zmk: scale_val: scaled -3 with 1/1 to -3 with remainder 0[0m
[00:00:09.044,403] [0m<dbg> zmk: apply_config: LISTENER INDEX: 0[0m
[00:00:09.044,433] [0m<dbg> zmk: scale_val: scaled 30 with 1/1 to 30 with remainder 0[0m
[00:00:09.044,464] [0m<dbg> zmk: zmk_hid_mouse_movement_set: Mouse movement set to -3/30[0m
[00:00:09.044,555] [0m<dbg> zmk: zmk_hid_mouse_scroll_set: Mouse scroll set to 0/0[0m
[00:00:09.044,555] [0m<dbg> zmk: zmk_hid_mouse_movement_set: Mouse movement set to 0/0[0m
[00:00:09.052,398] [0m<dbg> zmk: apply_config: LISTENER INDEX: 0[0m
[00:00:09.052,429] [0m<dbg> zmk: scale_val: scaled 0 with 1/1 to 0 with remainder 0[0m
[00:00:09.052,490] [0m<dbg> zmk: apply_config: LISTENER INDEX: 0[0m
[00:00:09.052,490] [0m<dbg> zmk: scale_val: scaled 33 with 1/1 to 33 with remainder 0[0m
[00:00:09.052,520] [0m<dbg> zmk: zmk_hid_mouse_movement_set: Mouse movement set to 0/33[0m
[00:00:09.052,581] [0m<dbg> zmk: zmk_hid_mouse_scroll_set: Mouse scroll set to 0/0[0m
[00:00:09.052,795] [0m<dbg> zmk: zmk_hid_mouse_movement_set: Mouse movement set to 0/0[0m
[00:00:09.060,516] [0m<dbg> zmk: apply_config: LISTENER INDEX: 0[0m
[00:00:09.060,516] [0m<dbg> zmk: scale_val: scaled 2 with 1/1 to 2 with remainder 0[0m
[00:00:09.060,577] [0m<dbg> zmk: apply_config: LISTENER INDEX: 0[0m
[00:00:09.060,607] [0m<dbg> zmk: scale_val: scaled 37 with 1/1 to 37 with remainder 0[0m
[00:00:09.060,607] [0m<dbg> zmk: zmk_hid_mouse_movement_set: Mouse movement set to 2/37[0m
[00:00:09.060,668] [0m<dbg> zmk: zmk_hid_mouse_scroll_set: Mouse scroll set to 0/0[0m
[00:00:09.060,668] [0m<dbg> zmk: zmk_hid_mouse_movement_set: Mouse movement set to 0/0[0m
[00:00:09.068,511] [0m<dbg> zmk: apply_config: LISTENER INDEX: 0[0m
[00:00:09.068,511] [0m<dbg> zmk: scale_val: scaled 9 with 1/1 to 9 with remainder 0[0m
[00:00:09.068,572] [0m<dbg> zmk: apply_config: LISTENER INDEX: 0[0m
[00:00:09.068,603] [0m<dbg> zmk: scale_val: scaled 45 with 1/1 to 45 with remainder 0[0m
[00:00:09.068,603] [0m<dbg> zmk: zmk_hid_mouse_movement_set: Mouse movement set to 9/45[0m
[00:00:09.068,664] [0m<dbg> zmk: zmk_hid_mouse_scroll_set: Mouse scroll set to 0/0[0m
[00:00:09.068,664] [0m<dbg> zmk: zmk_hid_mouse_movement_set: Mouse movement set to 0/0[0m
[00:00:09.076,599] [0m<dbg> zmk: apply_config: LISTENER INDEX: 0[0m
[00:00:09.076,629] [0m<dbg> zmk: scale_val: scaled 15 with 1/1 to 15 with remainder 0[0m
[00:00:09.076,690] [0m<dbg> zmk: apply_config: LISTENER INDEX: 0[0m
[00:00:09.076,690] [0m<dbg> zmk: scale_val: scaled 49 with 1/1 to 49 with remainder 0[0m
[00:00:09.076,721] [0m<dbg> zmk: zmk_hid_mouse_movement_set: Mouse movement set to 15/49[0m
[00:00:09.076,782] [0m<dbg> zmk: zmk_hid_mouse_scroll_set: Mouse scroll set to 0/0[0m
[00:00:09.076,782] [0m<dbg> zmk: zmk_hid_mouse_movement_set: Mouse movement set to 0/0[0m
[00:00:09.084,808] [0m<dbg> zmk: apply_config: LISTENER INDEX: 0[0m
[00:00:09.084,808] [0m<dbg> zmk: scale_val: scaled 21 with 1/1 to 21 with remainder 0[0m
[00:00:09.084,869] [0m<dbg> zmk: apply_config: LISTENER INDEX: 0[0m
[00:00:09.084,899] [0m<dbg> zmk: scale_val: scaled 49 with 1/1 to 49 with remainder 0[0m
[00:00:09.084,899] [0m<dbg> zmk: zmk_hid_mouse_movement_set: Mouse movement set to 21/49[0m
[00:00:09.084,960] [0m<dbg> zmk: zmk_hid_mouse_scroll_set: Mouse scroll set to 0/0[0m
[00:00:09.084,991] [0m<dbg> zmk: zmk_hid_mouse_movement_set: Mouse movement set to 0/0[0m
[00:00:09.092,712] [0m<dbg> zmk: apply_config: LISTENER INDEX: 0[0m
[00:00:09.092,712] [0m<dbg> zmk: scale_val: scaled 27 with 1/1 to 27 with remainder 0[0m
[00:00:09.092,773] [0m<dbg> zmk: apply_config: LISTENER INDEX: 0[0m
[00:00:09.092,803] [0m<dbg> zmk: scale_val: scaled 49 with 1/1 to 49 with remainder 0[0m
[00:00:09.092,834] [0m<dbg> zmk: zmk_hid_mouse_movement_set: Mouse movement set to 27/49[0m
[00:00:09.092,864] [0m<dbg> zmk: zmk_hid_mouse_scroll_set: Mouse scroll set to 0/0[0m
[00:00:09.092,895] [0m<dbg> zmk: zmk_hid_mouse_movement_set: Mouse movement set to 0/0[0m
[00:00:09.100,738] [0m<dbg> zmk: apply_config: LISTENER INDEX: 0[0m
[00:00:09.100,769] [0m<dbg> zmk: scale_val: scaled 27 with 1/1 to 27 with remainder 0[0m
[00:00:09.100,799] [0m<dbg> zmk: apply_config: LISTENER INDEX: 0[0m
[00:00:09.100,830] [0m<dbg> zmk: scale_val: scaled 49 with 1/1 to 49 with remainder 0[0m
[00:00:09.100,860] [0m<dbg> zmk: zmk_hid_mouse_movement_set: Mouse movement set to 27/49[0m
[00:00:09.101,043] [0m<dbg> zmk: zmk_hid_mouse_scroll_set: Mouse scroll set to 0/0[0m
[00:00:09.101,104] [0m<dbg> zmk: zmk_hid_mouse_movement_set: Mouse movement set to 0/0[0m
[00:00:09.108,795] [0m<dbg> zmk: apply_config: LISTENER INDEX: 0[0m
[00:00:09.108,825] [0m<dbg> zmk: scale_val: scaled 30 with 1/1 to 30 with remainder 0[0m
[00:00:09.108,886] [0m<dbg> zmk: apply_config: LISTENER INDEX: 0[0m
[00:00:09.108,886] [0m<dbg> zmk: scale_val: scaled 49 with 1/1 to 49 with remainder 0[0m
[00:00:09.108,917] [0m<dbg> zmk: zmk_hid_mouse_movement_set: Mouse movement set to 30/49[0m
[00:00:09.108,978] [0m<dbg> zmk: zmk_hid_mouse_scroll_set: Mouse scroll set to 0/0[0m
[00:00:09.108,978] [0m<dbg> zmk: zmk_hid_mouse_movement_set: Mouse movement set to 0/0[0m
[00:00:09.116,851] [0m<dbg> zmk: apply_config: LISTENER INDEX: 0[0m
[00:00:09.116,882] [0m<dbg> zmk: scale_val: scaled 24 with 1/1 to 24 with remainder 0[0m
[00:00:09.116,943] [0m<dbg> zmk: apply_config: LISTENER INDEX: 0[0m
[00:00:09.116,943] [0m<dbg> zmk: scale_val: scaled 37 with 1/1 to 37 with remainder 0[0m
[00:00:09.116,973] [0m<dbg> zmk: zmk_hid_mouse_movement_set: Mouse movement set to 24/37[0m
[00:00:09.117,034] [0m<dbg> zmk: zmk_hid_mouse_scroll_set: Mouse scroll set to 0/0[0m
[00:00:09.117,034] [0m<dbg> zmk: zmk_hid_mouse_movement_set: Mouse movement set to 0/0[0m
[00:00:09.126,007] [0m<dbg> zmk: apply_config: LISTENER INDEX: 0[0m
[00:00:09.126,037] [0m<dbg> zmk: scale_val: scaled 24 with 1/1 to 24 with remainder 0[0m
[00:00:09.126,098] [0m<dbg> zmk: apply_config: LISTENER INDEX: 0[0m
[00:00:09.126,129] [0m<dbg> zmk: scale_val: scaled 45 with 1/1 to 45 with remainder 0[0m
[00:00:09.126,129] [0m<dbg> zmk: zmk_hid_mouse_movement_set: Mouse movement set to 24/45[0m
[00:00:09.126,190] [0m<dbg> zmk: zmk_hid_mouse_scroll_set: Mouse scroll set to 0/0[0m
[00:00:09.126,190] [0m<dbg> zmk: zmk_hid_mouse_movement_set: Mouse movement set to 0/0[0m
[00:00:09.133,758] [0m<dbg> zmk: apply_config: LISTENER INDEX: 0[0m
[00:00:09.133,789] [0m<dbg> zmk: scale_val: scaled 27 with 1/1 to 27 with remainder 0[0m
[00:00:09.133,850] [0m<dbg> zmk: apply_config: LISTENER INDEX: 0[0m
[00:00:09.133,850] [0m<dbg> zmk: scale_val: scaled 41 with 1/1 to 41 with remainder 0[0m
[00:00:09.133,880] [0m<dbg> zmk: zmk_hid_mouse_movement_set: Mouse movement set to 27/41[0m
[00:00:09.133,941] [0m<dbg> zmk: zmk_hid_mouse_scroll_set: Mouse scroll set to 0/0[0m
[00:00:09.133,941] [0m<dbg> zmk: zmk_hid_mouse_movement_set: Mouse movement set to 0/0[0m
[00:00:09.141,815] [0m<dbg> zmk: apply_config: LISTENER INDEX: 0[0m
[00:00:09.141,815] [0m<dbg> zmk: scale_val: scaled 21 with 1/1 to 21 with remainder 0[0m
[00:00:09.141,876] [0m<dbg> zmk: apply_config: LISTENER INDEX: 0[0m
[00:00:09.141,906] [0m<dbg> zmk: scale_val: scaled 37 with 1/1 to 37 with remainder 0[0m
[00:00:09.141,906] [0m<dbg> zmk: zmk_hid_mouse_movement_set: Mouse movement set to 21/37[0m
[00:00:09.142,242] [0m<dbg> zmk: zmk_hid_mouse_scroll_set: Mouse scroll set to 0/0[0m
[00:00:09.142,333] [0m<dbg> zmk: zmk_hid_mouse_movement_set: Mouse movement set to 0/0[0m
[00:00:09.149,108] [0m<dbg> zmk: apply_config: LISTENER INDEX: 0[0m
[00:00:09.149,139] [0m<dbg> zmk: scale_val: scaled 21 with 1/1 to 21 with remainder 0[0m
[00:00:09.149,200] [0m<dbg> zmk: apply_config: LISTENER INDEX: 0[0m
[00:00:09.149,200] [0m<dbg> zmk: scale_val: scaled 30 with 1/1 to 30 with remainder 0[0m
[00:00:09.149,230] [0m<dbg> zmk: zmk_hid_mouse_movement_set: Mouse movement set to 21/30[0m
[00:00:09.149,291] [0m<dbg> zmk: zmk_hid_mouse_scroll_set: Mouse scroll set to 0/0[0m
[00:00:09.149,291] [0m<dbg> zmk: zmk_hid_mouse_movement_set: Mouse movement set to 0/0[0m
[00:00:09.157,165] [0m<dbg> zmk: apply_config: LISTENER INDEX: 0[0m
[00:00:09.157,196] [0m<dbg> zmk: scale_val: scaled 18 with 1/1 to 18 with remainder 0[0m
[00:00:09.157,226] [0m<dbg> zmk: apply_config: LISTENER INDEX: 0[0m
[00:00:09.157,257] [0m<dbg> zmk: scale_val: scaled 27 with 1/1 to 27 with remainder 0[0m
[00:00:09.157,287] [0m<dbg> zmk: zmk_hid_mouse_movement_set: Mouse movement set to 18/27[0m
[00:00:09.157,318] [0m<dbg> zmk: zmk_hid_mouse_scroll_set: Mouse scroll set to 0/0[0m
[00:00:09.157,348] [0m<dbg> zmk: zmk_hid_mouse_movement_set: Mouse movement set to 0/0[0m
[00:00:09.165,313] [0m<dbg> zmk: apply_config: LISTENER INDEX: 0[0m
[00:00:09.165,344] [0m<dbg> zmk: scale_val: scaled 18 with 1/1 to 18 with remainder 0[0m
[00:00:09.165,405] [0m<dbg> zmk: apply_config: LISTENER INDEX: 0[0m
[00:00:09.165,405] [0m<dbg> zmk: scale_val: scaled 24 with 1/1 to 24 with remainder 0[0m
[00:00:09.165,435] [0m<dbg> zmk: zmk_hid_mouse_movement_set: Mouse movement set to 18/24[0m
[00:00:09.165,466] [0m<dbg> zmk: zmk_hid_mouse_scroll_set: Mouse scroll set to 0/0[0m
[00:00:09.165,496] [0m<dbg> zmk: zmk_hid_mouse_movement_set: Mouse movement set to 0/0[0m
[00:00:09.173,278] [0m<dbg> zmk: apply_config: LISTENER INDEX: 0[0m
[00:00:09.173,309] [0m<dbg> zmk: scale_val: scaled 13 with 1/1 to 13 with remainder 0[0m
[00:00:09.173,370] [0m<dbg> zmk: apply_config: LISTENER INDEX: 0[0m
[00:00:09.173,400] [0m<dbg> zmk: scale_val: scaled 18 with 1/1 to 18 with remainder 0[0m
[00:00:09.173,400] [0m<dbg> zmk: zmk_hid_mouse_movement_set: Mouse movement set to 13/18[0m
[00:00:09.173,461] [0m<dbg> zmk: zmk_hid_mouse_scroll_set: Mouse scroll set to 0/0[0m
[00:00:09.173,461] [0m<dbg> zmk: zmk_hid_mouse_movement_set: Mouse movement set to 0/0[0m
[00:00:09.182,098] [0m<dbg> zmk: apply_config: LISTENER INDEX: 0[0m
[00:00:09.182,128] [0m<dbg> zmk: scale_val: scaled 15 with 1/1 to 15 with remainder 0[0m
[00:00:09.182,189] [0m<dbg> zmk: apply_config: LISTENER INDEX: 0[0m
[00:00:09.182,189] [0m<dbg> zmk: scale_val: scaled 15 with 1/1 to 15 with remainder 0[0m
[00:00:09.182,220] [0m<dbg> zmk: zmk_hid_mouse_movement_set: Mouse movement set to 15/15[0m
[00:00:09.182,281] [0m<dbg> zmk: zmk_hid_mouse_scroll_set: Mouse scroll set to 0/0[0m
[00:00:09.182,281] [0m<dbg> zmk: zmk_hid_mouse_movement_set: Mouse movement set to 0/0[0m
[00:00:09.190,155] [0m<dbg> zmk: apply_config: LISTENER INDEX: 0[0m
[00:00:09.190,185] [0m<dbg> zmk: scale_val: scaled 18 with 1/1 to 18 with remainder 0[0m
[00:00:09.190,246] [0m<dbg> zmk: apply_config: LISTENER INDEX: 0[0m
[00:00:09.190,277] [0m<dbg> zmk: scale_val: scaled 11 with 1/1 to 11 with remainder 0[0m
[00:00:09.190,277] [0m<dbg> zmk: zmk_hid_mouse_movement_set: Mouse movement set to 18/11[0m
[00:00:09.190,338] [0m<dbg> zmk: zmk_hid_mouse_scroll_set: Mouse scroll set to 0/0[0m
[00:00:09.190,338] [0m<dbg> zmk: zmk_hid_mouse_movement_set: Mouse movement set to 0/0[0m
[00:00:09.197,723] [0m<dbg> zmk: apply_config: LISTENER INDEX: 0[0m
[00:00:09.197,753] [0m<dbg> zmk: scale_val: scaled 18 with 1/1 to 18 with remainder 0[0m
[00:00:09.197,875] [0m<dbg> zmk: apply_config: LISTENER INDEX: 0[0m
[00:00:09.197,875] [0m<dbg> zmk: scale_val: scaled 9 with 1/1 to 9 with remainder 0[0m
[00:00:09.197,906] [0m<dbg> zmk: zmk_hid_mouse_movement_set: Mouse movement set to 18/9[0m
[00:00:09.197,967] [0m<dbg> zmk: zmk_hid_mouse_scroll_set: Mouse scroll set to 0/0[0m
[00:00:09.197,967] [0m<dbg> zmk: zmk_hid_mouse_movement_set: Mouse movement set to 0/0[0m
[00:00:09.206,359] [0m<dbg> zmk: apply_config: LISTENER INDEX: 0[0m
[00:00:09.206,390] [0m<dbg> zmk: scale_val: scaled 13 with 1/1 to 13 with remainder 0[0m
[00:00:09.206,451] [0m<dbg> zmk: apply_config: LISTENER INDEX: 0[0m
[00:00:09.206,451] [0m<dbg> zmk: scale_val: scaled 5 with 1/1 to 5 with remainder 0[0m
[00:00:09.206,481] [0m<dbg> zmk: zmk_hid_mouse_movement_set: Mouse movement set to 13/5[0m
[00:00:09.206,542] [0m<dbg> zmk: zmk_hid_mouse_scroll_set: Mouse scroll set to 0/0[0m
[00:00:09.206,542] [0m<dbg> zmk: zmk_hid_mouse_movement_set: Mouse movement set to 0/0[0m
[00:00:09.214,324] [0m<dbg> zmk: apply_config: LISTENER INDEX: 0[0m
[00:00:09.214,355] [0m<dbg> zmk: scale_val: scaled 9 with 1/1 to 9 with remainder 0[0m
[00:00:09.214,385] [0m<dbg> zmk: apply_config: LISTENER INDEX: 0[0m
[00:00:09.214,416] [0m<dbg> zmk: scale_val: scaled 5 with 1/1 to 5 with remainder 0[0m
[00:00:09.214,447] [0m<dbg> zmk: zmk_hid_mouse_movement_set: Mouse movement set to 9/5[0m
[00:00:09.214,477] [0m<dbg> zmk: zmk_hid_mouse_scroll_set: Mouse scroll set to 0/0[0m
[00:00:09.214,813] [0m<dbg> zmk: zmk_hid_mouse_movement_set: Mouse movement set to 0/0[0m
[00:00:09.222,381] [0m<dbg> zmk: apply_config: LISTENER INDEX: 0[0m
[00:00:09.222,412] [0m<dbg> zmk: scale_val: scaled 9 with 1/1 to 9 with remainder 0[0m
[00:00:09.222,473] [0m<dbg> zmk: apply_config: LISTENER INDEX: 0[0m
[00:00:09.222,473] [0m<dbg> zmk: scale_val: scaled 5 with 1/1 to 5 with remainder 0[0m
[00:00:09.222,503] [0m<dbg> zmk: zmk_hid_mouse_movement_set: Mouse movement set to 9/5[0m
[00:00:09.222,564] [0m<dbg> zmk: zmk_hid_mouse_scroll_set: Mouse scroll set to 0/0[0m
[00:00:09.222,564] [0m<dbg> zmk: zmk_hid_mouse_movement_set: Mouse movement set to 0/0[0m
[00:00:09.230,590] [0m<dbg> zmk: apply_config: LISTENER INDEX: 0[0m
[00:00:09.230,590] [0m<dbg> zmk: scale_val: scaled 9 with 1/1 to 9 with remainder 0[0m
[00:00:09.230,712] [0m<dbg> zmk: apply_config: LISTENER INDEX: 0[0m
[00:00:09.230,712] [0m<dbg> zmk: scale_val: scaled 2 with 1/1 to 2 with remainder 0[0m
[00:00:09.230,743] [0m<dbg> zmk: zmk_hid_mouse_movement_set: Mouse movement set to 9/2[0m
[00:00:09.230,804] [0m<dbg> zmk: zmk_hid_mouse_scroll_set: Mouse scroll set to 0/0[0m
[00:00:09.230,804] [0m<dbg> zmk: zmk_hid_mouse_movement_set: Mouse movement set to 0/0[0m
[00:00:09.238,525] [0m<dbg> zmk: apply_config: LISTENER INDEX: 0[0m
[00:00:09.238,555] [0m<dbg> zmk: scale_val: scaled 7 with 1/1 to 7 with remainder 0[0m
[00:00:09.238,616] [0m<dbg> zmk: apply_config: LISTENER INDEX: 0[0m
[00:00:09.238,616] [0m<dbg> zmk: scale_val: scaled 2 with 1/1 to 2 with remainder 0[0m
[00:00:09.238,647] [0m<dbg> zmk: zmk_hid_mouse_movement_set: Mouse movement set to 7/2[0m
[00:00:09.238,708] [0m<dbg> zmk: zmk_hid_mouse_scroll_set: Mouse scroll set to 0/0[0m
[00:00:09.238,708] [0m<dbg> zmk: zmk_hid_mouse_movement_set: Mouse movement set to 0/0[0m
[00:00:09.246,582] [0m<dbg> zmk: apply_config: LISTENER INDEX: 0[0m
[00:00:09.246,582] [0m<dbg> zmk: scale_val: scaled 5 with 1/1 to 5 with remainder 0[0m
[00:00:09.246,643] [0m<dbg> zmk: apply_config: LISTENER INDEX: 0[0m
[00:00:09.246,673] [0m<dbg> zmk: scale_val: scaled 2 with 1/1 to 2 with remainder 0[0m
[00:00:09.246,673] [0m<dbg> zmk: zmk_hid_mouse_movement_set: Mouse movement set to 5/2[0m
[00:00:09.246,734] [0m<dbg> zmk: zmk_hid_mouse_scroll_set: Mouse scroll set to 0/0[0m
[00:00:09.246,765] [0m<dbg> zmk: zmk_hid_mouse_movement_set: Mouse movement set to 0/0[0m
[00:00:09.254,638] [0m<dbg> zmk: apply_config: LISTENER INDEX: 0[0m
[00:00:09.254,638] [0m<dbg> zmk: scale_val: scaled 5 with 1/1 to 5 with remainder 0[0m
[00:00:09.254,730] [0m<dbg> zmk: apply_config: LISTENER INDEX: 0[0m
[00:00:09.254,760] [0m<dbg> zmk: scale_val: scaled 1 with 1/1 to 1 with remainder 0[0m
[00:00:09.254,760] [0m<dbg> zmk: zmk_hid_mouse_movement_set: Mouse movement set to 5/1[0m
[00:00:09.254,821] [0m<dbg> zmk: zmk_hid_mouse_scroll_set: Mouse scroll set to 0/0[0m
[00:00:09.254,852] [0m<dbg> zmk: zmk_hid_mouse_movement_set: Mouse movement set to 0/0[0m
[00:00:09.269,531] [0m<dbg> zmk: apply_config: LISTENER INDEX: 0[0m
[00:00:09.269,561] [0m<dbg> zmk: scale_val: scaled 0 with 1/1 to 0 with remainder 0[0m
[00:00:09.269,622] [0m<dbg> zmk: apply_config: LISTENER INDEX: 0[0m
[00:00:09.269,622] [0m<dbg> zmk: scale_val: scaled 1 with 1/1 to 1 with remainder 0[0m
[00:00:09.269,653] [0m<dbg> zmk: zmk_hid_mouse_movement_set: Mouse movement set to 0/1[0m
[00:00:09.269,714] [0m<dbg> zmk: zmk_hid_mouse_scroll_set: Mouse scroll set to 0/0[0m
[00:00:09.269,714] [0m<dbg> zmk: zmk_hid_mouse_movement_set: Mouse movement set to 0/0[0m
[00:00:09.309,844] [0m<dbg> zmk: apply_config: LISTENER INDEX: 0[0m
[00:00:09.309,875] [0m<dbg> zmk: scale_val: scaled 1 with 1/1 to 1 with remainder 0[0m
[00:00:09.309,906] [0m<dbg> zmk: apply_config: LISTENER INDEX: 0[0m
[00:00:09.309,936] [0m<dbg> zmk: scale_val: scaled 0 with 1/1 to 0 with remainder 0[0m
[00:00:09.309,967] [0m<dbg> zmk: zmk_hid_mouse_movement_set: Mouse movement set to 1/0[0m
[00:00:09.310,028] [0m<dbg> zmk: zmk_hid_mouse_scroll_set: Mouse scroll set to 0/0[0m
[00:00:09.310,028] [0m<dbg> zmk: zmk_hid_mouse_movement_set: Mouse movement set to 0/0[0m
[00:00:09.358,306] [0m<dbg> zmk: apply_config: LISTENER INDEX: 0[0m
[00:00:09.358,337] [0m<dbg> zmk: scale_val: scaled 0 with 1/1 to 0 with remainder 0[0m
[00:00:09.358,367] [0m<dbg> zmk: apply_config: LISTENER INDEX: 0[0m
[00:00:09.358,398] [0m<dbg> zmk: scale_val: scaled 1 with 1/1 to 1 with remainder 0[0m
[00:00:09.358,428] [0m<dbg> zmk: zmk_hid_mouse_movement_set: Mouse movement set to 0/1[0m
[00:00:09.358,459] [0m<dbg> zmk: zmk_hid_mouse_scroll_set: Mouse scroll set to 0/0[0m
[00:00:09.358,489] [0m<dbg> zmk: zmk_hid_mouse_movement_set: Mouse movement set to 0/0[0m
[00:00:09.423,980] [0m<dbg> zmk: apply_config: LISTENER INDEX: 0[0m
[00:00:09.423,980] [0m<dbg> zmk: scale_val: scaled 1 with 1/1 to 1 with remainder 0[0m
[00:00:09.424,041] [0m<dbg> zmk: apply_config: LISTENER INDEX: 0[0m
[00:00:09.424,072] [0m<dbg> zmk: scale_val: scaled 0 with 1/1 to 0 with remainder 0[0m
[00:00:09.424,072] [0m<dbg> zmk: zmk_hid_mouse_movement_set: Mouse movement set to 1/0[0m
[00:00:09.424,133] [0m<dbg> zmk: zmk_hid_mouse_scroll_set: Mouse scroll set to 0/0[0m
[00:00:09.424,163] [0m<dbg> zmk: zmk_hid_mouse_movement_set: Mouse movement set to 0/0[0m
[00:00:09.432,067] [0m<dbg> zmk: apply_config: LISTENER INDEX: 0[0m
[00:00:09.432,098] [0m<dbg> zmk: scale_val: scaled 2 with 1/1 to 2 with remainder 0[0m
[00:00:09.432,159] [0m<dbg> zmk: apply_config: LISTENER INDEX: 0[0m
[00:00:09.432,159] [0m<dbg> zmk: scale_val: scaled -5 with 1/1 to -5 with remainder 0[0m
[00:00:09.432,189] [0m<dbg> zmk: zmk_hid_mouse_movement_set: Mouse movement set to 2/-5[0m
[00:00:09.432,373] [0m<dbg> zmk: zmk_hid_mouse_scroll_set: Mouse scroll set to 0/0[0m
[00:00:09.432,434] [0m<dbg> zmk: zmk_hid_mouse_movement_set: Mouse movement set to 0/0[0m
[00:00:09.439,544] [0m<dbg> zmk: apply_config: LISTENER INDEX: 0[0m
[00:00:09.439,575] [0m<dbg> zmk: scale_val: scaled 5 with 1/1 to 5 with remainder 0[0m
[00:00:09.439,605] [0m<dbg> zmk: apply_config: LISTENER INDEX: 0[0m
[00:00:09.439,636] [0m<dbg> zmk: scale_val: scaled -7 with 1/1 to -7 with remainder 0[0m
[00:00:09.439,666] [0m<dbg> zmk: zmk_hid_mouse_movement_set: Mouse movement set to 5/-7[0m
[00:00:09.439,697] [0m<dbg> zmk: zmk_hid_mouse_scroll_set: Mouse scroll set to 0/0[0m
[00:00:09.439,727] [0m<dbg> zmk: zmk_hid_mouse_movement_set: Mouse movement set to 0/0[0m
[00:00:09.448,303] [0m<dbg> zmk: apply_config: LISTENER INDEX: 0[0m
[00:00:09.448,303] [0m<dbg> zmk: scale_val: scaled 7 with 1/1 to 7 with remainder 0[0m
[00:00:09.448,364] [0m<dbg> zmk: apply_config: LISTENER INDEX: 0[0m
[00:00:09.448,394] [0m<dbg> zmk: scale_val: scaled -7 with 1/1 to -7 with remainder 0[0m
[00:00:09.448,394] [0m<dbg> zmk: zmk_hid_mouse_movement_set: Mouse movement set to 7/-7[0m
[00:00:09.448,455] [0m<dbg> zmk: zmk_hid_mouse_scroll_set: Mouse scroll set to 0/0[0m
[00:00:09.448,455] [0m<dbg> zmk: zmk_hid_mouse_movement_set: Mouse movement set to 0/0[0m
[00:00:09.456,329] [0m<dbg> zmk: apply_config: LISTENER INDEX: 0[0m
[00:00:09.456,390] [0m<dbg> zmk: scale_val: scaled 13 with 1/1 to 13 with remainder 0[0m
[00:00:09.456,451] [0m<dbg> zmk: apply_config: LISTENER INDEX: 0[0m
[00:00:09.456,481] [0m<dbg> zmk: scale_val: scaled 0 with 1/1 to 0 with remainder 0[0m
[00:00:09.456,481] [0m<dbg> zmk: zmk_hid_mouse_movement_set: Mouse movement set to 13/0[0m
[00:00:09.456,542] [0m<dbg> zmk: zmk_hid_mouse_scroll_set: Mouse scroll set to 0/0[0m
[00:00:09.456,573] [0m<dbg> zmk: zmk_hid_mouse_movement_set: Mouse movement set to 0/0[0m
[00:00:09.464,294] [0m<dbg> zmk: apply_config: LISTENER INDEX: 0[0m
[00:00:09.464,294] [0m<dbg> zmk: scale_val: scaled 18 with 1/1 to 18 with remainder 0[0m
[00:00:09.464,355] [0m<dbg> zmk: apply_config: LISTENER INDEX: 0[0m
[00:00:09.464,385] [0m<dbg> zmk: scale_val: scaled 0 with 1/1 to 0 with remainder 0[0m
[00:00:09.464,385] [0m<dbg> zmk: zmk_hid_mouse_movement_set: Mouse movement set to 18/0[0m
[00:00:09.464,447] [0m<dbg> zmk: zmk_hid_mouse_scroll_set: Mouse scroll set to 0/0[0m
[00:00:09.464,477] [0m<dbg> zmk: zmk_hid_mouse_movement_set: Mouse movement set to 0/0[0m
[00:00:09.472,351] [0m<dbg> zmk: apply_config: LISTENER INDEX: 0[0m
[00:00:09.472,351] [0m<dbg> zmk: scale_val: scaled 27 with 1/1 to 27 with remainder 0[0m
[00:00:09.472,442] [0m<dbg> zmk: apply_config: LISTENER INDEX: 0[0m
[00:00:09.472,473] [0m<dbg> zmk: scale_val: scaled 0 with 1/1 to 0 with remainder 0[0m
[00:00:09.472,473] [0m<dbg> zmk: zmk_hid_mouse_movement_set: Mouse movement set to 27/0[0m
[00:00:09.472,534] [0m<dbg> zmk: zmk_hid_mouse_scroll_set: Mouse scroll set to 0/0[0m
[00:00:09.472,564] [0m<dbg> zmk: zmk_hid_mouse_movement_set: Mouse movement set to 0/0[0m
[00:00:09.479,736] [0m<dbg> zmk: apply_config: LISTENER INDEX: 0[0m
[00:00:09.479,766] [0m<dbg> zmk: scale_val: scaled 37 with 1/1 to 37 with remainder 0[0m
[00:00:09.479,919] [0m<dbg> zmk: apply_config: LISTENER INDEX: 0[0m
[00:00:09.479,919] [0m<dbg> zmk: scale_val: scaled 0 with 1/1 to 0 with remainder 0[0m
[00:00:09.479,949] [0m<dbg> zmk: zmk_hid_mouse_movement_set: Mouse movement set to 37/0[0m
[00:00:09.480,010] [0m<dbg> zmk: zmk_hid_mouse_scroll_set: Mouse scroll set to 0/0[0m
[00:00:09.480,041] [0m<dbg> zmk: zmk_hid_mouse_movement_set: Mouse movement set to 0/0[0m
[00:00:09.487,731] [0m<dbg> zmk: apply_config: LISTENER INDEX: 0[0m
[00:00:09.487,762] [0m<dbg> zmk: scale_val: scaled 53 with 1/1 to 53 with remainder 0[0m
[00:00:09.487,823] [0m<dbg> zmk: apply_config: LISTENER INDEX: 0[0m
[00:00:09.487,823] [0m<dbg> zmk: scale_val: scaled 2 with 1/1 to 2 with remainder 0[0m
[00:00:09.487,854] [0m<dbg> zmk: zmk_hid_mouse_movement_set: Mouse movement set to 53/2[0m
[00:00:09.487,884] [0m<dbg> zmk: zmk_hid_mouse_scroll_set: Mouse scroll set to 0/0[0m
[00:00:09.487,915] [0m<dbg> zmk: zmk_hid_mouse_movement_set: Mouse movement set to 0/0[0m
[00:00:09.495,788] [0m<dbg> zmk: apply_config: LISTENER INDEX: 0[0m
[00:00:09.495,788] [0m<dbg> zmk: scale_val: scaled 67 with 1/1 to 67 with remainder 0[0m
[00:00:09.495,849] [0m<dbg> zmk: apply_config: LISTENER INDEX: 0[0m
[00:00:09.495,880] [0m<dbg> zmk: scale_val: scaled 2 with 1/1 to 2 with remainder 0[0m
[00:00:09.495,880] [0m<dbg> zmk: zmk_hid_mouse_movement_set: Mouse movement set to 67/2[0m
[00:00:09.495,941] [0m<dbg> zmk: zmk_hid_mouse_scroll_set: Mouse scroll set to 0/0[0m
[00:00:09.495,971] [0m<dbg> zmk: zmk_hid_mouse_movement_set: Mouse movement set to 0/0[0m
[00:00:09.503,845] [0m<dbg> zmk: apply_config: LISTENER INDEX: 0[0m
[00:00:09.503,875] [0m<dbg> zmk: scale_val: scaled 82 with 1/1 to 82 with remainder 0[0m
[00:00:09.503,906] [0m<dbg> zmk: apply_config: LISTENER INDEX: 0[0m
[00:00:09.503,936] [0m<dbg> zmk: scale_val: scaled 3 with 1/1 to 3 with remainder 0[0m
[00:00:09.503,967] [0m<dbg> zmk: zmk_hid_mouse_movement_set: Mouse movement set to 82/3[0m
[00:00:09.503,997] [0m<dbg> zmk: zmk_hid_mouse_scroll_set: Mouse scroll set to 0/0[0m
[00:00:09.504,028] [0m<dbg> zmk: zmk_hid_mouse_movement_set: Mouse movement set to 0/0[0m
[00:00:09.511,901] [0m<dbg> zmk: apply_config: LISTENER INDEX: 0[0m
[00:00:09.511,932] [0m<dbg> zmk: scale_val: scaled 93 with 1/1 to 93 with remainder 0[0m
[00:00:09.511,993] [0m<dbg> zmk: apply_config: LISTENER INDEX: 0[0m
[00:00:09.511,993] [0m<dbg> zmk: scale_val: scaled 7 with 1/1 to 7 with remainder 0[0m
[00:00:09.512,023] [0m<dbg> zmk: zmk_hid_mouse_movement_set: Mouse movement set to 93/7[0m
[00:00:09.512,084] [0m<dbg> zmk: zmk_hid_mouse_scroll_set: Mouse scroll set to 0/0[0m
[00:00:09.512,084] [0m<dbg> zmk: zmk_hid_mouse_movement_set: Mouse movement set to 0/0[0m
[00:00:09.520,141] [0m<dbg> zmk: apply_config: LISTENER INDEX: 0[0m
[00:00:09.520,141] [0m<dbg> zmk: scale_val: scaled 111 with 1/1 to 111 with remainder 0[0m
[00:00:09.520,202] [0m<dbg> zmk: apply_config: LISTENER INDEX: 0[0m
[00:00:09.520,233] [0m<dbg> zmk: scale_val: scaled 9 with 1/1 to 9 with remainder 0[0m
[00:00:09.520,233] [0m<dbg> zmk: zmk_hid_mouse_movement_set: Mouse movement set to 111/9[0m
[00:00:09.520,294] [0m<dbg> zmk: zmk_hid_mouse_scroll_set: Mouse scroll set to 0/0[0m
[00:00:09.520,324] [0m<dbg> zmk: zmk_hid_mouse_movement_set: Mouse movement set to 0/0[0m
[00:00:09.528,045] [0m<dbg> zmk: apply_config: LISTENER INDEX: 0[0m
[00:00:09.528,076] [0m<dbg> zmk: scale_val: scaled 117 with 1/1 to 117 with remainder 0[0m
[00:00:09.528,137] [0m<dbg> zmk: apply_config: LISTENER INDEX: 0[0m
[00:00:09.528,137] [0m<dbg> zmk: scale_val: scaled 11 with 1/1 to 11 with remainder 0[0m
[00:00:09.528,167] [0m<dbg> zmk: zmk_hid_mouse_movement_set: Mouse movement set to 117/11[0m
[00:00:09.528,228] [0m<dbg> zmk: zmk_hid_mouse_scroll_set: Mouse scroll set to 0/0[0m
[00:00:09.528,228] [0m<dbg> zmk: zmk_hid_mouse_movement_set: Mouse movement set to 0/0[0m
[00:00:09.536,102] [0m<dbg> zmk: apply_config: LISTENER INDEX: 0[0m
[00:00:09.536,102] [0m<dbg> zmk: scale_val: scaled 111 with 1/1 to 111 with remainder 0[0m
[00:00:09.536,163] [0m<dbg> zmk: apply_config: LISTENER INDEX: 0[0m
[00:00:09.536,193] [0m<dbg> zmk: scale_val: scaled 13 with 1/1 to 13 with remainder 0[0m
[00:00:09.536,193] [0m<dbg> zmk: zmk_hid_mouse_movement_set: Mouse movement set to 111/13[0m
[00:00:09.536,254] [0m<dbg> zmk: zmk_hid_mouse_scroll_set: Mouse scroll set to 0/0[0m
[00:00:09.536,285] [0m<dbg> zmk: zmk_hid_mouse_movement_set: Mouse movement set to 0/0[0m
[00:00:09.544,860] [0m<dbg> zmk: apply_config: LISTENER INDEX: 0[0m
[00:00:09.544,891] [0m<dbg> zmk: scale_val: scaled 105 with 1/1 to 105 with remainder 0[0m
[00:00:09.544,982] [0m<dbg> zmk: apply_config: LISTENER INDEX: 0[0m
[00:00:09.545,013] [0m<dbg> zmk: scale_val: scaled 15 with 1/1 to 15 with remainder 0[0m
[00:00:09.545,013] [0m<dbg> zmk: zmk_hid_mouse_movement_set: Mouse movement set to 105/15[0m
[00:00:09.545,074] [0m<dbg> zmk: zmk_hid_mouse_scroll_set: Mouse scroll set to 0/0[0m
[00:00:09.545,074] [0m<dbg> zmk: zmk_hid_mouse_movement_set: Mouse movement set to 0/0[0m
[00:00:09.552,276] [0m<dbg> zmk: apply_config: LISTENER INDEX: 0[0m
[00:00:09.552,307] [0m<dbg> zmk: scale_val: scaled 93 with 1/1 to 93 with remainder 0[0m
[00:00:09.552,368] [0m<dbg> zmk: apply_config: LISTENER INDEX: 0[0m
[00:00:09.552,368] [0m<dbg> zmk: scale_val: scaled 18 with 1/1 to 18 with remainder 0[0m
[00:00:09.552,398] [0m<dbg> zmk: zmk_hid_mouse_movement_set: Mouse movement set to 93/18[0m
[00:00:09.552,459] [0m<dbg> zmk: zmk_hid_mouse_scroll_set: Mouse scroll set to 0/0[0m
[00:00:09.552,459] [0m<dbg> zmk: zmk_hid_mouse_movement_set: Mouse movement set to 0/0[0m
[00:00:09.561,004] [0m<dbg> zmk: apply_config: LISTENER INDEX: 0[0m
[00:00:09.561,004] [0m<dbg> zmk: scale_val: scaled 77 with 1/1 to 77 with remainder 0[0m
[00:00:09.561,401] [0m<dbg> zmk: apply_config: LISTENER INDEX: 0[0m
[00:00:09.561,431] [0m<dbg> zmk: scale_val: scaled 21 with 1/1 to 21 with remainder 0[0m
[00:00:09.561,431] [0m<dbg> zmk: zmk_hid_mouse_movement_set: Mouse movement set to 77/21[0m
[00:00:09.561,492] [0m<dbg> zmk: zmk_hid_mouse_scroll_set: Mouse scroll set to 0/0[0m
[00:00:09.561,523] [0m<dbg> zmk: zmk_hid_mouse_movement_set: Mouse movement set to 0/0[0m
[00:00:09.569,061] [0m<dbg> zmk: apply_config: LISTENER INDEX: 0[0m
[00:00:09.569,091] [0m<dbg> zmk: scale_val: scaled 77 with 1/1 to 77 with remainder 0[0m
[00:00:09.569,152] [0m<dbg> zmk: apply_config: LISTENER INDEX: 0[0m
[00:00:09.569,183] [0m<dbg> zmk: scale_val: scaled 24 with 1/1 to 24 with remainder 0[0m
[00:00:09.569,183] [0m<dbg> zmk: zmk_hid_mouse_movement_set: Mouse movement set to 77/24[0m
[00:00:09.569,244] [0m<dbg> zmk: zmk_hid_mouse_scroll_set: Mouse scroll set to 0/0[0m
[00:00:09.569,244] [0m<dbg> zmk: zmk_hid_mouse_movement_set: Mouse movement set to 0/0[0m
[00:00:09.577,148] [0m<dbg> zmk: apply_config: LISTENER INDEX: 0[0m
[00:00:09.577,148] [0m<dbg> zmk: scale_val: scaled 62 with 1/1 to 62 with remainder 0[0m
[00:00:09.577,209] [0m<dbg> zmk: apply_config: LISTENER INDEX: 0[0m
[00:00:09.577,239] [0m<dbg> zmk: scale_val: scaled 24 with 1/1 to 24 with remainder 0[0m
[00:00:09.577,239] [0m<dbg> zmk: zmk_hid_mouse_movement_set: Mouse movement set to 62/24[0m
[00:00:09.577,301] [0m<dbg> zmk: zmk_hid_mouse_scroll_set: Mouse scroll set to 0/0[0m
[00:00:09.577,331] [0m<dbg> zmk: zmk_hid_mouse_movement_set: Mouse movement set to 0/0[0m
[00:00:09.585,388] [0m<dbg> zmk: apply_config: LISTENER INDEX: 0[0m
[00:00:09.585,449] [0m<dbg> zmk: scale_val: scaled 57 with 1/1 to 57 with remainder 0[0m
[00:00:09.585,540] [0m<dbg> zmk: apply_config: LISTENER INDEX: 0[0m
[00:00:09.585,571] [0m<dbg> zmk: scale_val: scaled 24 with 1/1 to 24 with remainder 0[0m
[00:00:09.585,601] [0m<dbg> zmk: zmk_hid_mouse_movement_set: Mouse movement set to 57/24[0m
[00:00:09.585,662] [0m<dbg> zmk: zmk_hid_mouse_scroll_set: Mouse scroll set to 0/0[0m
[00:00:09.585,662] [0m<dbg> zmk: zmk_hid_mouse_movement_set: Mouse movement set to 0/0[0m
[00:00:09.592,498] [0m<dbg> zmk: apply_config: LISTENER INDEX: 0[0m
[00:00:09.592,529] [0m<dbg> zmk: scale_val: scaled 45 with 1/1 to 45 with remainder 0[0m
[00:00:09.592,834] [0m<dbg> zmk: apply_config: LISTENER INDEX: 0[0m
[00:00:09.592,834] [0m<dbg> zmk: scale_val: scaled 24 with 1/1 to 24 with remainder 0[0m
[00:00:09.592,864] [0m<dbg> zmk: zmk_hid_mouse_movement_set: Mouse movement set to 45/24[0m
[00:00:09.592,926] [0m<dbg> zmk: zmk_hid_mouse_scroll_set: Mouse scroll set to 0/0[0m
[00:00:09.592,926] [0m<dbg> zmk: zmk_hid_mouse_movement_set: Mouse movement set to 0/0[0m
[00:00:09.600,555] [0m<dbg> zmk: apply_config: LISTENER INDEX: 0[0m
[00:00:09.600,585] [0m<dbg> zmk: scale_val: scaled 37 with 1/1 to 37 with remainder 0[0m
[00:00:09.600,616] [0m<dbg> zmk: apply_config: LISTENER INDEX: 0[0m
[00:00:09.600,646] [0m<dbg> zmk: scale_val: scaled 18 with 1/1 to 18 with remainder 0[0m
[00:00:09.600,677] [0m<dbg> zmk: zmk_hid_mouse_movement_set: Mouse movement set to 37/18[0m
[00:00:09.600,708] [0m<dbg> zmk: zmk_hid_mouse_scroll_set: Mouse scroll set to 0/0[0m
[00:00:09.600,738] [0m<dbg> zmk: zmk_hid_mouse_movement_set: Mouse movement set to 0/0[0m
[00:00:09.608,612] [0m<dbg> zmk: apply_config: LISTENER INDEX: 0[0m
[00:00:09.608,642] [0m<dbg> zmk: scale_val: scaled 30 with 1/1 to 30 with remainder 0[0m
[00:00:09.608,673] [0m<dbg> zmk: apply_config: LISTENER INDEX: 0[0m
[00:00:09.608,703] [0m<dbg> zmk: scale_val: scaled 18 with 1/1 to 18 with remainder 0[0m
[00:00:09.608,703] [0m<dbg> zmk: zmk_hid_mouse_movement_set: Mouse movement set to 30/18[0m
[00:00:09.608,764] [0m<dbg> zmk: zmk_hid_mouse_scroll_set: Mouse scroll set to 0/0[0m
[00:00:09.608,795] [0m<dbg> zmk: zmk_hid_mouse_movement_set: Mouse movement set to 0/0[0m
[00:00:09.617,401] [0m<dbg> zmk: apply_config: LISTENER INDEX: 0[0m
[00:00:09.617,431] [0m<dbg> zmk: scale_val: scaled 27 with 1/1 to 27 with remainder 0[0m
[00:00:09.617,492] [0m<dbg> zmk: apply_config: LISTENER INDEX: 0[0m
[00:00:09.617,492] [0m<dbg> zmk: scale_val: scaled 15 with 1/1 to 15 with remainder 0[0m
[00:00:09.617,523] [0m<dbg> zmk: zmk_hid_mouse_movement_set: Mouse movement set to 27/15[0m
[00:00:09.617,584] [0m<dbg> zmk: zmk_hid_mouse_scroll_set: Mouse scroll set to 0/0[0m
[00:00:09.617,584] [0m<dbg> zmk: zmk_hid_mouse_movement_set: Mouse movement set to 0/0[0m
[00:00:09.625,488] [0m<dbg> zmk: apply_config: LISTENER INDEX: 0[0m
[00:00:09.625,488] [0m<dbg> zmk: scale_val: scaled 21 with 1/1 to 21 with remainder 0[0m
[00:00:09.625,549] [0m<dbg> zmk: apply_config: LISTENER INDEX: 0[0m
[00:00:09.625,579] [0m<dbg> zmk: scale_val: scaled 15 with 1/1 to 15 with remainder 0[0m
[00:00:09.625,610] [0m<dbg> zmk: zmk_hid_mouse_movement_set: Mouse movement set to 21/15[0m
[00:00:09.625,640] [0m<dbg> zmk: zmk_hid_mouse_scroll_set: Mouse scroll set to 0/0[0m
[00:00:09.625,671] [0m<dbg> zmk: zmk_hid_mouse_movement_set: Mouse movement set to 0/0[0m
[00:00:09.633,514] [0m<dbg> zmk: apply_config: LISTENER INDEX: 0[0m
[00:00:09.633,544] [0m<dbg> zmk: scale_val: scaled 13 with 1/1 to 13 with remainder 0[0m
[00:00:09.633,575] [0m<dbg> zmk: apply_config: LISTENER INDEX: 0[0m
[00:00:09.633,605] [0m<dbg> zmk: scale_val: scaled 15 with 1/1 to 15 with remainder 0[0m
[00:00:09.633,636] [0m<dbg> zmk: zmk_hid_mouse_movement_set: Mouse movement set to 13/15[0m
[00:00:09.633,850] [0m<dbg> zmk: zmk_hid_mouse_scroll_set: Mouse scroll set to 0/0[0m
[00:00:09.633,972] [0m<dbg> zmk: zmk_hid_mouse_movement_set: Mouse movement set to 0/0[0m
[00:00:09.641,632] [0m<dbg> zmk: apply_config: LISTENER INDEX: 0[0m
[00:00:09.641,632] [0m<dbg> zmk: scale_val: scaled 7 with 1/1 to 7 with remainder 0[0m
[00:00:09.641,693] [0m<dbg> zmk: apply_config: LISTENER INDEX: 0[0m
[00:00:09.641,693] [0m<dbg> zmk: scale_val: scaled 21 with 1/1 to 21 with remainder 0[0m
[00:00:09.641,723] [0m<dbg> zmk: zmk_hid_mouse_movement_set: Mouse movement set to 7/21[0m
[00:00:09.641,784] [0m<dbg> zmk: zmk_hid_mouse_scroll_set: Mouse scroll set to 0/0[0m
[00:00:09.641,784] [0m<dbg> zmk: zmk_hid_mouse_movement_set: Mouse movement set to 0/0[0m
[00:00:09.648,895] [0m<dbg> zmk: apply_config: LISTENER INDEX: 0[0m
[00:00:09.648,925] [0m<dbg> zmk: scale_val: scaled 5 with 1/1 to 5 with remainder 0[0m
[00:00:09.648,956] [0m<dbg> zmk: apply_config: LISTENER INDEX: 0[0m
[00:00:09.648,986] [0m<dbg> zmk: scale_val: scaled 18 with 1/1 to 18 with remainder 0[0m
[00:00:09.649,017] [0m<dbg> zmk: zmk_hid_mouse_movement_set: Mouse movement set to 5/18[0m
[00:00:09.649,047] [0m<dbg> zmk: zmk_hid_mouse_scroll_set: Mouse scroll set to 0/0[0m
[00:00:09.649,078] [0m<dbg> zmk: zmk_hid_mouse_movement_set: Mouse movement set to 0/0[0m
[00:00:09.657,989] [0m<dbg> zmk: apply_config: LISTENER INDEX: 0[0m
[00:00:09.658,020] [0m<dbg> zmk: scale_val: scaled 0 with 1/1 to 0 with remainder 0[0m
[00:00:09.658,081] [0m<dbg> zmk: apply_config: LISTENER INDEX: 0[0m
[00:00:09.658,203] [0m<dbg> zmk: scale_val: scaled 15 with 1/1 to 15 with remainder 0[0m
[00:00:09.658,233] [0m<dbg> zmk: zmk_hid_mouse_movement_set: Mouse movement set to 0/15[0m
[00:00:09.658,264] [0m<dbg> zmk: zmk_hid_mouse_scroll_set: Mouse scroll set to 0/0[0m
[00:00:09.658,294] [0m<dbg> zmk: zmk_hid_mouse_movement_set: Mouse movement set to 0/0[0m
[00:00:09.665,924] [0m<dbg> zmk: apply_config: LISTENER INDEX: 0[0m
[00:00:09.665,954] [0m<dbg> zmk: scale_val: scaled -11 with 1/1 to -11 with remainder 0[0m
[00:00:09.666,015] [0m<dbg> zmk: apply_config: LISTENER INDEX: 0[0m
[00:00:09.666,015] [0m<dbg> zmk: scale_val: scaled 15 with 1/1 to 15 with remainder 0[0m
[00:00:09.666,046] [0m<dbg> zmk: zmk_hid_mouse_movement_set: Mouse movement set to -11/15[0m
[00:00:09.666,107] [0m<dbg> zmk: zmk_hid_mouse_scroll_set: Mouse scroll set to 0/0[0m
[00:00:09.666,107] [0m<dbg> zmk: zmk_hid_mouse_movement_set: Mouse movement set to 0/0[0m
[00:00:09.673,828] [0m<dbg> zmk: apply_config: LISTENER INDEX: 0[0m
[00:00:09.673,858] [0m<dbg> zmk: scale_val: scaled -21 with 1/1 to -21 with remainder 0[0m
[00:00:09.673,919] [0m<dbg> zmk: apply_config: LISTENER INDEX: 0[0m
[00:00:09.673,950] [0m<dbg> zmk: scale_val: scaled 15 with 1/1 to 15 with remainder 0[0m
[00:00:09.673,950] [0m<dbg> zmk: zmk_hid_mouse_movement_set: Mouse movement set to -21/15[0m
[00:00:09.674,011] [0m<dbg> zmk: zmk_hid_mouse_scroll_set: Mouse scroll set to 0/0[0m
[00:00:09.674,011] [0m<dbg> zmk: zmk_hid_mouse_movement_set: Mouse movement set to 0/0[0m
[00:00:09.681,335] [0m<dbg> zmk: apply_config: LISTENER INDEX: 0[0m
[00:00:09.681,365] [0m<dbg> zmk: scale_val: scaled -27 with 1/1 to -27 with remainder 0[0m
[00:00:09.681,427] [0m<dbg> zmk: apply_config: LISTENER INDEX: 0[0m
[00:00:09.681,427] [0m<dbg> zmk: scale_val: scaled 13 with 1/1 to 13 with remainder 0[0m
[00:00:09.681,457] [0m<dbg> zmk: zmk_hid_mouse_movement_set: Mouse movement set to -27/13[0m
[00:00:09.681,518] [0m<dbg> zmk: zmk_hid_mouse_scroll_set: Mouse scroll set to 0/0[0m
[00:00:09.681,518] [0m<dbg> zmk: zmk_hid_mouse_movement_set: Mouse movement set to 0/0[0m
[00:00:09.690,124] [0m<dbg> zmk: apply_config: LISTENER INDEX: 0[0m
[00:00:09.690,124] [0m<dbg> zmk: scale_val: scaled -41 with 1/1 to -41 with remainder 0[0m
[00:00:09.690,185] [0m<dbg> zmk: apply_config: LISTENER INDEX: 0[0m
[00:00:09.690,216] [0m<dbg> zmk: scale_val: scaled 13 with 1/1 to 13 with remainder 0[0m
[00:00:09.690,277] [0m<dbg> zmk: zmk_hid_mouse_movement_set: Mouse movement set to -41/13[0m
[00:00:09.690,338] [0m<dbg> zmk: zmk_hid_mouse_scroll_set: Mouse scroll set to 0/0[0m
[00:00:09.690,338] [0m<dbg> zmk: zmk_hid_mouse_movement_set: Mouse movement set to 0/0[0m
[00:00:09.697,509] [0m<dbg> zmk: apply_config: LISTENER INDEX: 0[0m
[00:00:09.697,509] [0m<dbg> zmk: scale_val: scaled -49 with 1/1 to -49 with remainder 0[0m
[00:00:09.697,570] [0m<dbg> zmk: apply_config: LISTENER INDEX: 0[0m
[00:00:09.697,601] [0m<dbg> zmk: scale_val: scaled 9 with 1/1 to 9 with remainder 0[0m
[00:00:09.697,601] [0m<dbg> zmk: zmk_hid_mouse_movement_set: Mouse movement set to -49/9[0m
[00:00:09.697,662] [0m<dbg> zmk: zmk_hid_mouse_scroll_set: Mouse scroll set to 0/0[0m
[00:00:09.697,814] [0m<dbg> zmk: zmk_hid_mouse_movement_set: Mouse movement set to 0/0[0m
[00:00:09.706,237] [0m<dbg> zmk: apply_config: LISTENER INDEX: 0[0m
[00:00:09.706,268] [0m<dbg> zmk: scale_val: scaled -45 with 1/1 to -45 with remainder 0[0m
[00:00:09.706,329] [0m<dbg> zmk: apply_config: LISTENER INDEX: 0[0m
[00:00:09.706,329] [0m<dbg> zmk: scale_val: scaled 9 with 1/1 to 9 with remainder 0[0m
[00:00:09.706,359] [0m<dbg> zmk: zmk_hid_mouse_movement_set: Mouse movement set to -45/9[0m
[00:00:09.706,390] [0m<dbg> zmk: zmk_hid_mouse_scroll_set: Mouse scroll set to 0/0[0m
[00:00:09.706,420] [0m<dbg> zmk: zmk_hid_mouse_movement_set: Mouse movement set to 0/0[0m
[00:00:09.714,111] [0m<dbg> zmk: apply_config: LISTENER INDEX: 0[0m
[00:00:09.714,141] [0m<dbg> zmk: scale_val: scaled -49 with 1/1 to -49 with remainder 0[0m
[00:00:09.714,202] [0m<dbg> zmk: apply_config: LISTENER INDEX: 0[0m
[00:00:09.714,233] [0m<dbg> zmk: scale_val: scaled 7 with 1/1 to 7 with remainder 0[0m
[00:00:09.714,233] [0m<dbg> zmk: zmk_hid_mouse_movement_set: Mouse movement set to -49/7[0m
[00:00:09.714,294] [0m<dbg> zmk: zmk_hid_mouse_scroll_set: Mouse scroll set to 0/0[0m
[00:00:09.714,294] [0m<dbg> zmk: zmk_hid_mouse_movement_set: Mouse movement set to 0/0[0m
[00:00:09.721,435] [0m<dbg> zmk: apply_config: LISTENER INDEX: 0[0m
[00:00:09.721,466] [0m<dbg> zmk: scale_val: scaled -33 with 1/1 to -33 with remainder 0[0m
[00:00:09.721,527] [0m<dbg> zmk: apply_config: LISTENER INDEX: 0[0m
[00:00:09.721,557] [0m<dbg> zmk: scale_val: scaled 7 with 1/1 to 7 with remainder 0[0m
[00:00:09.721,557] [0m<dbg> zmk: zmk_hid_mouse_movement_set: Mouse movement set to -33/7[0m
[00:00:09.721,618] [0m<dbg> zmk: zmk_hid_mouse_scroll_set: Mouse scroll set to 0/0[0m
[00:00:09.721,618] [0m<dbg> zmk: zmk_hid_mouse_movement_set: Mouse movement set to 0/0[0m
[00:00:09.730,255] [0m<dbg> zmk: apply_config: LISTENER INDEX: 0[0m
[00:00:09.730,285] [0m<dbg> zmk: scale_val: scaled -41 with 1/1 to -41 with remainder 0[0m
[00:00:09.730,316] [0m<dbg> zmk: apply_config: LISTENER INDEX: 0[0m
[00:00:09.730,346] [0m<dbg> zmk: scale_val: scaled 7 with 1/1 to 7 with remainder 0[0m
[00:00:09.730,346] [0m<dbg> zmk: zmk_hid_mouse_movement_set: Mouse movement set to -41/7[0m
[00:00:09.730,407] [0m<dbg> zmk: zmk_hid_mouse_scroll_set: Mouse scroll set to 0/0[0m
[00:00:09.730,438] [0m<dbg> zmk: zmk_hid_mouse_movement_set: Mouse movement set to 0/0[0m
[00:00:09.738,311] [0m<dbg> zmk: apply_config: LISTENER INDEX: 0[0m
[00:00:09.738,342] [0m<dbg> zmk: scale_val: scaled -49 with 1/1 to -49 with remainder 0[0m
[00:00:09.738,403] [0m<dbg> zmk: apply_config: LISTENER INDEX: 0[0m
[00:00:09.738,403] [0m<dbg> zmk: scale_val: scaled 5 with 1/1 to 5 with remainder 0[0m
[00:00:09.738,433] [0m<dbg> zmk: zmk_hid_mouse_movement_set: Mouse movement set to -49/5[0m
[00:00:09.738,494] [0m<dbg> zmk: zmk_hid_mouse_scroll_set: Mouse scroll set to 0/0[0m
[00:00:09.738,494] [0m<dbg> zmk: zmk_hid_mouse_movement_set: Mouse movement set to 0/0[0m
[00:00:09.745,635] [0m<dbg> zmk: apply_config: LISTENER INDEX: 0[0m
[00:00:09.745,635] [0m<dbg> zmk: scale_val: scaled -53 with 1/1 to -53 with remainder 0[0m
[00:00:09.745,697] [0m<dbg> zmk: apply_config: LISTENER INDEX: 0[0m
[00:00:09.745,727] [0m<dbg> zmk: scale_val: scaled 3 with 1/1 to 3 with remainder 0[0m
[00:00:09.745,727] [0m<dbg> zmk: zmk_hid_mouse_movement_set: Mouse movement set to -53/3[0m
[00:00:09.745,788] [0m<dbg> zmk: zmk_hid_mouse_scroll_set: Mouse scroll set to 0/0[0m
[00:00:09.745,819] [0m<dbg> zmk: zmk_hid_mouse_movement_set: Mouse movement set to 0/0[0m
[00:00:09.753,692] [0m<dbg> zmk: apply_config: LISTENER INDEX: 0[0m
[00:00:09.753,723] [0m<dbg> zmk: scale_val: scaled -53 with 1/1 to -53 with remainder 0[0m
[00:00:09.753,784] [0m<dbg> zmk: apply_config: LISTENER INDEX: 0[0m
[00:00:09.753,784] [0m<dbg> zmk: scale_val: scaled 0 with 1/1 to 0 with remainder 0[0m
[00:00:09.753,814] [0m<dbg> zmk: zmk_hid_mouse_movement_set: Mouse movement set to -53/0[0m
[00:00:09.753,845] [0m<dbg> zmk: zmk_hid_mouse_scroll_set: Mouse scroll set to 0/0[0m
[00:00:09.753,875] [0m<dbg> zmk: zmk_hid_mouse_movement_set: Mouse movement set to 0/0[0m
[00:00:09.761,779] [0m<dbg> zmk: apply_config: LISTENER INDEX: 0[0m
[00:00:09.761,810] [0m<dbg> zmk: scale_val: scaled -57 with 1/1 to -57 with remainder 0[0m
[00:00:09.761,840] [0m<dbg> zmk: apply_config: LISTENER INDEX: 0[0m
[00:00:09.761,871] [0m<dbg> zmk: scale_val: scaled 0 with 1/1 to 0 with remainder 0[0m
[00:00:09.761,901] [0m<dbg> zmk: zmk_hid_mouse_movement_set: Mouse movement set to -57/0[0m
[00:00:09.761,932] [0m<dbg> zmk: zmk_hid_mouse_scroll_set: Mouse scroll set to 0/0[0m
[00:00:09.761,962] [0m<dbg> zmk: zmk_hid_mouse_movement_set: Mouse movement set to 0/0[0m
[00:00:09.769,836] [0m<dbg> zmk: apply_config: LISTENER INDEX: 0[0m
[00:00:09.769,866] [0m<dbg> zmk: scale_val: scaled -72 with 1/1 to -72 with remainder 0[0m
[00:00:09.769,897] [0m<dbg> zmk: apply_config: LISTENER INDEX: 0[0m
[00:00:09.769,927] [0m<dbg> zmk: scale_val: scaled -1 with 1/1 to -1 with remainder 0[0m
[00:00:09.769,958] [0m<dbg> zmk: zmk_hid_mouse_movement_set: Mouse movement set to -72/-1[0m
[00:00:09.770,019] [0m<dbg> zmk: zmk_hid_mouse_scroll_set: Mouse scroll set to 0/0[0m
[00:00:09.770,019] [0m<dbg> zmk: zmk_hid_mouse_movement_set: Mouse movement set to 0/0[0m
[00:00:09.777,893] [0m<dbg> zmk: apply_config: LISTENER INDEX: 0[0m
[00:00:09.777,893] [0m<dbg> zmk: scale_val: scaled -77 with 1/1 to -77 with remainder 0[0m
[00:00:09.778,259] [0m<dbg> zmk: apply_config: LISTENER INDEX: 0[0m
[00:00:09.778,289] [0m<dbg> zmk: scale_val: scaled -2 with 1/1 to -2 with remainder 0[0m
[00:00:09.778,289] [0m<dbg> zmk: zmk_hid_mouse_movement_set: Mouse movement set to -77/-2[0m
[00:00:09.778,350] [0m<dbg> zmk: zmk_hid_mouse_scroll_set: Mouse scroll set to 0/0[0m
[00:00:09.778,381] [0m<dbg> zmk: zmk_hid_mouse_movement_set: Mouse movement set to 0/0[0m
[00:00:09.785,949] [0m<dbg> zmk: apply_config: LISTENER INDEX: 0[0m
[00:00:09.785,949] [0m<dbg> zmk: scale_val: scaled -93 with 1/1 to -93 with remainder 0[0m
[00:00:09.786,010] [0m<dbg> zmk: apply_config: LISTENER INDEX: 0[0m
[00:00:09.786,041] [0m<dbg> zmk: scale_val: scaled -9 with 1/1 to -9 with remainder 0[0m
[00:00:09.786,041] [0m<dbg> zmk: zmk_hid_mouse_movement_set: Mouse movement set to -93/-9[0m
[00:00:09.786,102] [0m<dbg> zmk: zmk_hid_mouse_scroll_set: Mouse scroll set to 0/0[0m
[00:00:09.786,102] [0m<dbg> zmk: zmk_hid_mouse_movement_set: Mouse movement set to 0/0[0m
[00:00:09.794,006] [0m<dbg> zmk: apply_config: LISTENER INDEX: 0[0m
[00:00:09.794,006] [0m<dbg> zmk: scale_val: scaled -93 with 1/1 to -93 with remainder 0[0m
[00:00:09.794,067] [0m<dbg> zmk: apply_config: LISTENER INDEX: 0[0m
[00:00:09.794,097] [0m<dbg> zmk: scale_val: scaled -18 with 1/1 to -18 with remainder 0[0m
[00:00:09.794,097] [0m<dbg> zmk: zmk_hid_mouse_movement_set: Mouse movement set to -93/-18[0m
[00:00:09.794,158] [0m<dbg> zmk: zmk_hid_mouse_scroll_set: Mouse scroll set to 0/0[0m
[00:00:09.794,189] [0m<dbg> zmk: zmk_hid_mouse_movement_set: Mouse movement set to 0/0[0m
[00:00:09.802,062] [0m<dbg> zmk: apply_config: LISTENER INDEX: 0[0m
[00:00:09.802,062] [0m<dbg> zmk: scale_val: scaled -111 with 1/1 to -111 with remainder 0[0m
[00:00:09.802,124] [0m<dbg> zmk: apply_config: LISTENER INDEX: 0[0m
[00:00:09.802,154] [0m<dbg> zmk: scale_val: scaled -24 with 1/1 to -24 with remainder 0[0m
[00:00:09.802,154] [0m<dbg> zmk: zmk_hid_mouse_movement_set: Mouse movement set to -111/-24[0m
[00:00:09.802,215] [0m<dbg> zmk: zmk_hid_mouse_scroll_set: Mouse scroll set to 0/0[0m
[00:00:09.802,246] [0m<dbg> zmk: zmk_hid_mouse_movement_set: Mouse movement set to 0/0[0m
[00:00:09.810,363] [0m<dbg> zmk: apply_config: LISTENER INDEX: 0[0m
[00:00:09.810,394] [0m<dbg> zmk: scale_val: scaled -117 with 1/1 to -117 with remainder 0[0m
[00:00:09.810,455] [0m<dbg> zmk: apply_config: LISTENER INDEX: 0[0m
[00:00:09.810,455] [0m<dbg> zmk: scale_val: scaled -41 with 1/1 to -41 with remainder 0[0m
[00:00:09.810,485] [0m<dbg> zmk: zmk_hid_mouse_movement_set: Mouse movement set to -117/-41[0m
[00:00:09.810,546] [0m<dbg> zmk: zmk_hid_mouse_scroll_set: Mouse scroll set to 0/0[0m
[00:00:09.810,546] [0m<dbg> zmk: zmk_hid_mouse_movement_set: Mouse movement set to 0/0[0m
[00:00:09.818,206] [0m<dbg> zmk: apply_config: LISTENER INDEX: 0[0m
[00:00:09.818,237] [0m<dbg> zmk: scale_val: scaled -117 with 1/1 to -117 with remainder 0[0m
[00:00:09.818,298] [0m<dbg> zmk: apply_config: LISTENER INDEX: 0[0m
[00:00:09.818,328] [0m<dbg> zmk: scale_val: scaled -49 with 1/1 to -49 with remainder 0[0m
[00:00:09.818,328] [0m<dbg> zmk: zmk_hid_mouse_movement_set: Mouse movement set to -117/-49[0m
[00:00:09.818,389] [0m<dbg> zmk: zmk_hid_mouse_scroll_set: Mouse scroll set to 0/0[0m
[00:00:09.818,389] [0m<dbg> zmk: zmk_hid_mouse_movement_set: Mouse movement set to 0/0[0m
[00:00:09.826,263] [0m<dbg> zmk: apply_config: LISTENER INDEX: 0[0m
[00:00:09.826,263] [0m<dbg> zmk: scale_val: scaled -111 with 1/1 to -111 with remainder 0[0m
[00:00:09.826,324] [0m<dbg> zmk: apply_config: LISTENER INDEX: 0[0m
[00:00:09.826,354] [0m<dbg> zmk: scale_val: scaled -67 with 1/1 to -67 with remainder 0[0m
[00:00:09.826,354] [0m<dbg> zmk: zmk_hid_mouse_movement_set: Mouse movement set to -111/-67[0m
[00:00:09.826,416] [0m<dbg> zmk: zmk_hid_mouse_scroll_set: Mouse scroll set to 0/0[0m
[00:00:09.826,446] [0m<dbg> zmk: zmk_hid_mouse_movement_set: Mouse movement set to 0/0[0m
[00:00:09.834,320] [0m<dbg> zmk: apply_config: LISTENER INDEX: 0[0m
[00:00:09.834,320] [0m<dbg> zmk: scale_val: scaled -99 with 1/1 to -99 with remainder 0[0m
[00:00:09.834,381] [0m<dbg> zmk: apply_config: LISTENER INDEX: 0[0m
[00:00:09.834,411] [0m<dbg> zmk: scale_val: scaled -72 with 1/1 to -72 with remainder 0[0m
[00:00:09.834,411] [0m<dbg> zmk: zmk_hid_mouse_movement_set: Mouse movement set to -99/-72[0m
[00:00:09.834,472] [0m<dbg> zmk: zmk_hid_mouse_scroll_set: Mouse scroll set to 0/0[0m
[00:00:09.834,472] [0m<dbg> zmk: zmk_hid_mouse_movement_set: Mouse movement set to 0/0[0m
[00:00:09.842,376] [0m<dbg> zmk: apply_config: LISTENER INDEX: 0[0m
[00:00:09.842,407] [0m<dbg> zmk: scale_val: scaled -82 with 1/1 to -82 with remainder 0[0m
[00:00:09.842,437] [0m<dbg> zmk: apply_config: LISTENER INDEX: 0[0m
[00:00:09.842,468] [0m<dbg> zmk: scale_val: scaled -77 with 1/1 to -77 with remainder 0[0m
[00:00:09.842,498] [0m<dbg> zmk: zmk_hid_mouse_movement_set: Mouse movement set to -82/-77[0m
[00:00:09.842,529] [0m<dbg> zmk: zmk_hid_mouse_scroll_set: Mouse scroll set to 0/0[0m
[00:00:09.842,559] [0m<dbg> zmk: zmk_hid_mouse_movement_set: Mouse movement set to 0/0[0m
[00:00:09.850,524] [0m<dbg> zmk: apply_config: LISTENER INDEX: 0[0m
[00:00:09.850,555] [0m<dbg> zmk: scale_val: scaled -62 with 1/1 to -62 with remainder 0[0m
[00:00:09.850,616] [0m<dbg> zmk: apply_config: LISTENER INDEX: 0[0m
[00:00:09.850,616] [0m<dbg> zmk: scale_val: scaled -93 with 1/1 to -93 with remainder 0[0m
[00:00:09.850,646] [0m<dbg> zmk: zmk_hid_mouse_movement_set: Mouse movement set to -62/-93[0m
[00:00:09.850,738] [0m<dbg> zmk: zmk_hid_mouse_scroll_set: Mouse scroll set to 0/0[0m
[00:00:09.850,769] [0m<dbg> zmk: zmk_hid_mouse_movement_set: Mouse movement set to 0/0[0m
[00:00:09.858,581] [0m<dbg> zmk: apply_config: LISTENER INDEX: 0[0m
[00:00:09.858,612] [0m<dbg> zmk: scale_val: scaled -49 with 1/1 to -49 with remainder 0[0m
[00:00:09.858,673] [0m<dbg> zmk: apply_config: LISTENER INDEX: 0[0m
[00:00:09.858,703] [0m<dbg> zmk: scale_val: scaled -99 with 1/1 to -99 with remainder 0[0m
[00:00:09.858,703] [0m<dbg> zmk: zmk_hid_mouse_movement_set: Mouse movement set to -49/-99[0m
[00:00:09.858,764] [0m<dbg> zmk: zmk_hid_mouse_scroll_set: Mouse scroll set to 0/0[0m
[00:00:09.858,764] [0m<dbg> zmk: zmk_hid_mouse_movement_set: Mouse movement set to 0/0[0m
[00:00:09.866,577] [0m<dbg> zmk: apply_config: LISTENER INDEX: 0[0m
[00:00:09.866,607] [0m<dbg> zmk: scale_val: scaled -33 with 1/1 to -33 with remainder 0[0m
[00:00:09.866,668] [0m<dbg> zmk: apply_config: LISTENER INDEX: 0[0m
[00:00:09.866,699] [0m<dbg> zmk: scale_val: scaled -99 with 1/1 to -99 with remainder 0[0m
[00:00:09.866,699] [0m<dbg> zmk: zmk_hid_mouse_movement_set: Mouse movement set to -33/-99[0m
[00:00:09.866,760] [0m<dbg> zmk: zmk_hid_mouse_scroll_set: Mouse scroll set to 0/0[0m
[00:00:09.866,760] [0m<dbg> zmk: zmk_hid_mouse_movement_set: Mouse movement set to 0/0[0m
[00:00:09.874,633] [0m<dbg> zmk: apply_config: LISTENER INDEX: 0[0m
[00:00:09.874,633] [0m<dbg> zmk: scale_val: scaled -24 with 1/1 to -24 with remainder 0[0m
[00:00:09.874,694] [0m<dbg> zmk: apply_config: LISTENER INDEX: 0[0m
[00:00:09.874,725] [0m<dbg> zmk: scale_val: scaled -99 with 1/1 to -99 with remainder 0[0m
[00:00:09.874,725] [0m<dbg> zmk: zmk_hid_mouse_movement_set: Mouse movement set to -24/-99[0m
[00:00:09.874,786] [0m<dbg> zmk: zmk_hid_mouse_scroll_set: Mouse scroll set to 0/0[0m
[00:00:09.874,938] [0m<dbg> zmk: zmk_hid_mouse_movement_set: Mouse movement set to 0/0[0m
[00:00:09.882,690] [0m<dbg> zmk: apply_config: LISTENER INDEX: 0[0m
[00:00:09.882,690] [0m<dbg> zmk: scale_val: scaled -13 with 1/1 to -13 with remainder 0[0m
[00:00:09.882,751] [0m<dbg> zmk: apply_config: LISTENER INDEX: 0[0m
[00:00:09.882,781] [0m<dbg> zmk: scale_val: scaled -87 with 1/1 to -87 with remainder 0[0m
[00:00:09.882,781] [0m<dbg> zmk: zmk_hid_mouse_movement_set: Mouse movement set to -13/-87[0m
[00:00:09.882,843] [0m<dbg> zmk: zmk_hid_mouse_scroll_set: Mouse scroll set to 0/0[0m
[00:00:09.882,873] [0m<dbg> zmk: zmk_hid_mouse_movement_set: Mouse movement set to 0/0[0m
[00:00:09.890,869] [0m<dbg> zmk: apply_config: LISTENER INDEX: 0[0m
[00:00:09.890,899] [0m<dbg> zmk: scale_val: scaled -7 with 1/1 to -7 with remainder 0[0m
[00:00:09.890,960] [0m<dbg> zmk: apply_config: LISTENER INDEX: 0[0m
[00:00:09.890,960] [0m<dbg> zmk: scale_val: scaled -82 with 1/1 to -82 with remainder 0[0m
[00:00:09.890,991] [0m<dbg> zmk: zmk_hid_mouse_movement_set: Mouse movement set to -7/-82[0m
[00:00:09.891,021] [0m<dbg> zmk: zmk_hid_mouse_scroll_set: Mouse scroll set to 0/0[0m
[00:00:09.891,052] [0m<dbg> zmk: zmk_hid_mouse_movement_set: Mouse movement set to 0/0[0m
[00:00:09.899,658] [0m<dbg> zmk: apply_config: LISTENER INDEX: 0[0m
[00:00:09.899,688] [0m<dbg> zmk: scale_val: scaled -1 with 1/1 to -1 with remainder 0[0m
[00:00:09.899,810] [0m<dbg> zmk: apply_config: LISTENER INDEX: 0[0m
[00:00:09.899,810] [0m<dbg> zmk: scale_val: scaled -72 with 1/1 to -72 with remainder 0[0m
[00:00:09.899,841] [0m<dbg> zmk: zmk_hid_mouse_movement_set: Mouse movement set to -1/-72[0m
[00:00:09.899,902] [0m<dbg> zmk: zmk_hid_mouse_scroll_set: Mouse scroll set to 0/0[0m
[00:00:09.899,902] [0m<dbg> zmk: zmk_hid_mouse_movement_set: Mouse movement set to 0/0[0m
[00:00:09.907,623] [0m<dbg> zmk: apply_config: LISTENER INDEX: 0[0m
[00:00:09.907,653] [0m<dbg> zmk: scale_val: scaled 0 with 1/1 to 0 with remainder 0[0m
[00:00:09.907,684] [0m<dbg> zmk: apply_config: LISTENER INDEX: 0[0m
[00:00:09.907,745] [0m<dbg> zmk: scale_val: scaled -67 with 1/1 to -67 with remainder 0[0m
[00:00:09.907,775] [0m<dbg> zmk: zmk_hid_mouse_movement_set: Mouse movement set to 0/-67[0m
[00:00:09.907,836] [0m<dbg> zmk: zmk_hid_mouse_scroll_set: Mouse scroll set to 0/0[0m
[00:00:09.907,836] [0m<dbg> zmk: zmk_hid_mouse_movement_set: Mouse movement set to 0/0[0m
[00:00:09.914,947] [0m<dbg> zmk: apply_config: LISTENER INDEX: 0[0m
[00:00:09.914,947] [0m<dbg> zmk: scale_val: scaled 1 with 1/1 to 1 with remainder 0[0m
[00:00:09.915,039] [0m<dbg> zmk: apply_config: LISTENER INDEX: 0[0m
[00:00:09.915,039] [0m<dbg> zmk: scale_val: scaled -53 with 1/1 to -53 with remainder 0[0m
[00:00:09.915,069] [0m<dbg> zmk: zmk_hid_mouse_movement_set: Mouse movement set to 1/-53[0m
[00:00:09.915,130] [0m<dbg> zmk: zmk_hid_mouse_scroll_set: Mouse scroll set to 0/0[0m
[00:00:09.915,130] [0m<dbg> zmk: zmk_hid_mouse_movement_set: Mouse movement set to 0/0[0m
[00:00:09.923,004] [0m<dbg> zmk: apply_config: LISTENER INDEX: 0[0m
[00:00:09.923,034] [0m<dbg> zmk: scale_val: scaled 3 with 1/1 to 3 with remainder 0[0m
[00:00:09.923,065] [0m<dbg> zmk: apply_config: LISTENER INDEX: 0[0m
[00:00:09.923,095] [0m<dbg> zmk: scale_val: scaled -37 with 1/1 to -37 with remainder 0[0m
[00:00:09.923,126] [0m<dbg> zmk: zmk_hid_mouse_movement_set: Mouse movement set to 3/-37[0m
[00:00:09.923,156] [0m<dbg> zmk: zmk_hid_mouse_scroll_set: Mouse scroll set to 0/0[0m
[00:00:09.923,187] [0m<dbg> zmk: zmk_hid_mouse_movement_set: Mouse movement set to 0/0[0m
[00:00:09.931,823] [0m<dbg> zmk: apply_config: LISTENER INDEX: 0[0m
[00:00:09.931,854] [0m<dbg> zmk: scale_val: scaled 9 with 1/1 to 9 with remainder 0[0m
[00:00:09.931,915] [0m<dbg> zmk: apply_config: LISTENER INDEX: 0[0m
[00:00:09.931,915] [0m<dbg> zmk: scale_val: scaled -37 with 1/1 to -37 with remainder 0[0m
[00:00:09.931,945] [0m<dbg> zmk: zmk_hid_mouse_movement_set: Mouse movement set to 9/-37[0m
[00:00:09.931,976] [0m<dbg> zmk: zmk_hid_mouse_scroll_set: Mouse scroll set to 0/0[0m
[00:00:09.932,006] [0m<dbg> zmk: zmk_hid_mouse_movement_set: Mouse movement set to 0/0[0m
[00:00:09.939,086] [0m<dbg> zmk: apply_config: LISTENER INDEX: 0[0m
[00:00:09.939,117] [0m<dbg> zmk: scale_val: scaled 13 with 1/1 to 13 with remainder 0[0m
[00:00:09.939,178] [0m<dbg> zmk: apply_config: LISTENER INDEX: 0[0m
[00:00:09.939,178] [0m<dbg> zmk: scale_val: scaled -30 with 1/1 to -30 with remainder 0[0m
[00:00:09.939,208] [0m<dbg> zmk: zmk_hid_mouse_movement_set: Mouse movement set to 13/-30[0m
[00:00:09.939,239] [0m<dbg> zmk: zmk_hid_mouse_scroll_set: Mouse scroll set to 0/0[0m
[00:00:09.939,270] [0m<dbg> zmk: zmk_hid_mouse_movement_set: Mouse movement set to 0/0[0m
[00:00:09.947,143] [0m<dbg> zmk: apply_config: LISTENER INDEX: 0[0m
[00:00:09.947,174] [0m<dbg> zmk: scale_val: scaled 11 with 1/1 to 11 with remainder 0[0m
[00:00:09.947,235] [0m<dbg> zmk: apply_config: LISTENER INDEX: 0[0m
[00:00:09.947,235] [0m<dbg> zmk: scale_val: scaled -21 with 1/1 to -21 with remainder 0[0m
[00:00:09.947,265] [0m<dbg> zmk: zmk_hid_mouse_movement_set: Mouse movement set to 11/-21[0m
[00:00:09.947,326] [0m<dbg> zmk: zmk_hid_mouse_scroll_set: Mouse scroll set to 0/0[0m
[00:00:09.947,326] [0m<dbg> zmk: zmk_hid_mouse_movement_set: Mouse movement set to 0/0[0m
[00:00:09.955,963] [0m<dbg> zmk: apply_config: LISTENER INDEX: 0[0m
[00:00:09.955,993] [0m<dbg> zmk: scale_val: scaled 24 with 1/1 to 24 with remainder 0[0m
[00:00:09.956,054] [0m<dbg> zmk: apply_config: LISTENER INDEX: 0[0m
[00:00:09.956,054] [0m<dbg> zmk: scale_val: scaled -21 with 1/1 to -21 with remainder 0[0m
[00:00:09.956,085] [0m<dbg> zmk: zmk_hid_mouse_movement_set: Mouse movement set to 24/-21[0m
[00:00:09.956,115] [0m<dbg> zmk: zmk_hid_mouse_scroll_set: Mouse scroll set to 0/0[0m
[00:00:09.956,146] [0m<dbg> zmk: zmk_hid_mouse_movement_set: Mouse movement set to 0/0[0m
[00:00:09.964,050] [0m<dbg> zmk: apply_config: LISTENER INDEX: 0[0m
[00:00:09.964,050] [0m<dbg> zmk: scale_val: scaled 30 with 1/1 to 30 with remainder 0[0m
[00:00:09.964,111] [0m<dbg> zmk: apply_config: LISTENER INDEX: 0[0m
[00:00:09.964,141] [0m<dbg> zmk: scale_val: scaled -18 with 1/1 to -18 with remainder 0[0m
[00:00:09.964,172] [0m<dbg> zmk: zmk_hid_mouse_movement_set: Mouse movement set to 30/-18[0m
[00:00:09.964,202] [0m<dbg> zmk: zmk_hid_mouse_scroll_set: Mouse scroll set to 0/0[0m
[00:00:09.964,233] [0m<dbg> zmk: zmk_hid_mouse_movement_set: Mouse movement set to 0/0[0m
[00:00:09.971,374] [0m<dbg> zmk: apply_config: LISTENER INDEX: 0[0m
[00:00:09.971,374] [0m<dbg> zmk: scale_val: scaled 33 with 1/1 to 33 with remainder 0[0m
[00:00:09.971,435] [0m<dbg> zmk: apply_config: LISTENER INDEX: 0[0m
[00:00:09.971,557] [0m<dbg> zmk: scale_val: scaled -13 with 1/1 to -13 with remainder 0[0m
[00:00:09.971,618] [0m<dbg> zmk: zmk_hid_mouse_movement_set: Mouse movement set to 33/-13[0m
[00:00:09.971,679] [0m<dbg> zmk: zmk_hid_mouse_scroll_set: Mouse scroll set to 0/0[0m
[00:00:09.971,679] [0m<dbg> zmk: zmk_hid_mouse_movement_set: Mouse movement set to 0/0[0m
[00:00:09.979,431] [0m<dbg> zmk: apply_config: LISTENER INDEX: 0[0m
[00:00:09.979,461] [0m<dbg> zmk: scale_val: scaled 49 with 1/1 to 49 with remainder 0[0m
[00:00:09.979,492] [0m<dbg> zmk: apply_config: LISTENER INDEX: 0[0m
[00:00:09.979,522] [0m<dbg> zmk: scale_val: scaled -7 with 1/1 to -7 with remainder 0[0m
[00:00:09.979,522] [0m<dbg> zmk: zmk_hid_mouse_movement_set: Mouse movement set to 49/-7[0m
[00:00:09.979,583] [0m<dbg> zmk: zmk_hid_mouse_scroll_set: Mouse scroll set to 0/0[0m
[00:00:09.979,614] [0m<dbg> zmk: zmk_hid_mouse_movement_set: Mouse movement set to 0/0[0m
[00:00:09.987,487] [0m<dbg> zmk: apply_config: LISTENER INDEX: 0[0m
[00:00:09.987,518] [0m<dbg> zmk: scale_val: scaled 53 with 1/1 to 53 with remainder 0[0m
[00:00:09.987,548] [0m<dbg> zmk: apply_config: LISTENER INDEX: 0[0m
[00:00:09.987,579] [0m<dbg> zmk: scale_val: scaled -3 with 1/1 to -3 with remainder 0[0m
[00:00:09.987,609] [0m<dbg> zmk: zmk_hid_mouse_movement_set: Mouse movement set to 53/-3[0m
[00:00:09.987,640] [0m<dbg> zmk: zmk_hid_mouse_scroll_set: Mouse scroll set to 0/0[0m
[00:00:09.987,670] [0m<dbg> zmk: zmk_hid_mouse_movement_set: Mouse movement set to 0/0[0m
[00:00:09.995,758] [0m<dbg> zmk: apply_config: LISTENER INDEX: 0[0m
[00:00:09.995,788] [0m<dbg> zmk: scale_val: scaled 62 with 1/1 to 62 with remainder 0[0m
[00:00:09.995,849] [0m<dbg> zmk: apply_config: LISTENER INDEX: 0[0m
[00:00:09.995,849] [0m<dbg> zmk: scale_val: scaled 0 with 1/1 to 0 with remainder 0[0m
[00:00:09.995,880] [0m<dbg> zmk: zmk_hid_mouse_movement_set: Mouse movement set to 62/0[0m
[00:00:09.995,941] [0m<dbg> zmk: zmk_hid_mouse_scroll_set: Mouse scroll set to 0/0[0m
[00:00:09.995,941] [0m<dbg> zmk: zmk_hid_mouse_movement_set: Mouse movement set to 0/0[0m
[00:00:10.003,692] [0m<dbg> zmk: apply_config: LISTENER INDEX: 0[0m
[00:00:10.003,723] [0m<dbg> zmk: scale_val: scaled 67 with 1/1 to 67 with remainder 0[0m
[00:00:10.003,784] [0m<dbg> zmk: apply_config: LISTENER INDEX: 0[0m
[00:00:10.003,784] [0m<dbg> zmk: scale_val: scaled 0 with 1/1 to 0 with remainder 0[0m
[00:00:10.003,814] [0m<dbg> zmk: zmk_hid_mouse_movement_set: Mouse movement set to 67/0[0m
[00:00:10.003,875] [0m<dbg> zmk: zmk_hid_mouse_scroll_set: Mouse scroll set to 0/0[0m
[00:00:10.003,875] [0m<dbg> zmk: zmk_hid_mouse_movement_set: Mouse movement set to 0/0[0m
[00:00:10.011,840] [0m<dbg> zmk: apply_config: LISTENER INDEX: 0[0m
[00:00:10.011,871] [0m<dbg> zmk: scale_val: scaled 72 with 1/1 to 72 with remainder 0[0m
[00:00:10.011,901] [0m<dbg> zmk: apply_config: LISTENER INDEX: 0[0m
[00:00:10.011,932] [0m<dbg> zmk: scale_val: scaled 3 with 1/1 to 3 with remainder 0[0m
[00:00:10.011,962] [0m<dbg> zmk: zmk_hid_mouse_movement_set: Mouse movement set to 72/3[0m
[00:00:10.011,993] [0m<dbg> zmk: zmk_hid_mouse_scroll_set: Mouse scroll set to 0/0[0m
[00:00:10.012,023] [0m<dbg> zmk: zmk_hid_mouse_movement_set: Mouse movement set to 0/0[0m
[00:00:10.020,538] [0m<dbg> zmk: apply_config: LISTENER INDEX: 0[0m
[00:00:10.020,538] [0m<dbg> zmk: scale_val: scaled 72 with 1/1 to 72 with remainder 0[0m
[00:00:10.020,599] [0m<dbg> zmk: apply_config: LISTENER INDEX: 0[0m
[00:00:10.020,629] [0m<dbg> zmk: scale_val: scaled 7 with 1/1 to 7 with remainder 0[0m
[00:00:10.020,629] [0m<dbg> zmk: zmk_hid_mouse_movement_set: Mouse movement set to 72/7[0m
[00:00:10.020,690] [0m<dbg> zmk: zmk_hid_mouse_scroll_set: Mouse scroll set to 0/0[0m
[00:00:10.020,782] [0m<dbg> zmk: zmk_hid_mouse_movement_set: Mouse movement set to 0/0[0m
[00:00:10.027,862] [0m<dbg> zmk: apply_config: LISTENER INDEX: 0[0m
[00:00:10.027,893] [0m<dbg> zmk: scale_val: scaled 72 with 1/1 to 72 with remainder 0[0m
[00:00:10.027,923] [0m<dbg> zmk: apply_config: LISTENER INDEX: 0[0m
[00:00:10.028,076] [0m<dbg> zmk: scale_val: scaled 9 with 1/1 to 9 with remainder 0[0m
[00:00:10.028,137] [0m<dbg> zmk: zmk_hid_mouse_movement_set: Mouse movement set to 72/9[0m
[00:00:10.028,198] [0m<dbg> zmk: zmk_hid_mouse_scroll_set: Mouse scroll set to 0/0[0m
[00:00:10.028,228] [0m<dbg> zmk: zmk_hid_mouse_movement_set: Mouse movement set to 0/0[0m
[00:00:10.036,651] [0m<dbg> zmk: apply_config: LISTENER INDEX: 0[0m
[00:00:10.036,682] [0m<dbg> zmk: scale_val: scaled 67 with 1/1 to 67 with remainder 0[0m
[00:00:10.036,712] [0m<dbg> zmk: apply_config: LISTENER INDEX: 0[0m
[00:00:10.036,743] [0m<dbg> zmk: scale_val: scaled 11 with 1/1 to 11 with remainder 0[0m
[00:00:10.036,773] [0m<dbg> zmk: zmk_hid_mouse_movement_set: Mouse movement set to 67/11[0m
[00:00:10.036,804] [0m<dbg> zmk: zmk_hid_mouse_scroll_set: Mouse scroll set to 0/0[0m
[00:00:10.036,834] [0m<dbg> zmk: zmk_hid_mouse_movement_set: Mouse movement set to 0/0[0m
[00:00:10.044,067] [0m<dbg> zmk: apply_config: LISTENER INDEX: 0[0m
[00:00:10.044,158] [0m<dbg> zmk: scale_val: scaled 72 with 1/1 to 72 with remainder 0[0m
[00:00:10.044,189] [0m<dbg> zmk: apply_config: LISTENER INDEX: 0[0m
[00:00:10.044,219] [0m<dbg> zmk: scale_val: scaled 11 with 1/1 to 11 with remainder 0[0m
[00:00:10.044,250] [0m<dbg> zmk: zmk_hid_mouse_movement_set: Mouse movement set to 72/11[0m
[00:00:10.044,281] [0m<dbg> zmk: zmk_hid_mouse_scroll_set: Mouse scroll set to 0/0[0m
[00:00:10.044,311] [0m<dbg> zmk: zmk_hid_mouse_movement_set: Mouse movement set to 0/0[0m
[00:00:10.053,039] [0m<dbg> zmk: apply_config: LISTENER INDEX: 0[0m
[00:00:10.053,070] [0m<dbg> zmk: scale_val: scaled 62 with 1/1 to 62 with remainder 0[0m
[00:00:10.053,100] [0m<dbg> zmk: apply_config: LISTENER INDEX: 0[0m
[00:00:10.053,131] [0m<dbg> zmk: scale_val: scaled 9 with 1/1 to 9 with remainder 0[0m
[00:00:10.053,161] [0m<dbg> zmk: zmk_hid_mouse_movement_set: Mouse movement set to 62/9[0m
[00:00:10.053,192] [0m<dbg> zmk: zmk_hid_mouse_scroll_set: Mouse scroll set to 0/0[0m
[00:00:10.053,222] [0m<dbg> zmk: zmk_hid_mouse_movement_set: Mouse movement set to 0/0[0m
[00:00:10.060,791] [0m<dbg> zmk: apply_config: LISTENER INDEX: 0[0m
[00:00:10.060,821] [0m<dbg> zmk: scale_val: scaled 57 with 1/1 to 57 with remainder 0[0m
[00:00:10.060,852] [0m<dbg> zmk: apply_config: LISTENER INDEX: 0[0m
[00:00:10.060,882] [0m<dbg> zmk: scale_val: scaled 11 with 1/1 to 11 with remainder 0[0m
[00:00:10.060,882] [0m<dbg> zmk: zmk_hid_mouse_movement_set: Mouse movement set to 57/11[0m
[00:00:10.060,943] [0m<dbg> zmk: zmk_hid_mouse_scroll_set: Mouse scroll set to 0/0[0m
[00:00:10.060,974] [0m<dbg> zmk: zmk_hid_mouse_movement_set: Mouse movement set to 0/0[0m
[00:00:10.068,084] [0m<dbg> zmk: apply_config: LISTENER INDEX: 0[0m
[00:00:10.068,115] [0m<dbg> zmk: scale_val: scaled 53 with 1/1 to 53 with remainder 0[0m
[00:00:10.068,176] [0m<dbg> zmk: apply_config: LISTENER INDEX: 0[0m
[00:00:10.068,206] [0m<dbg> zmk: scale_val: scaled 11 with 1/1 to 11 with remainder 0[0m
[00:00:10.068,206] [0m<dbg> zmk: zmk_hid_mouse_movement_set: Mouse movement set to 53/11[0m
[00:00:10.068,267] [0m<dbg> zmk: zmk_hid_mouse_scroll_set: Mouse scroll set to 0/0[0m
[00:00:10.068,267] [0m<dbg> zmk: zmk_hid_mouse_movement_set: Mouse movement set to 0/0[0m
[00:00:10.076,141] [0m<dbg> zmk: apply_config: LISTENER INDEX: 0[0m
[00:00:10.076,141] [0m<dbg> zmk: scale_val: scaled 37 with 1/1 to 37 with remainder 0[0m
[00:00:10.076,202] [0m<dbg> zmk: apply_config: LISTENER INDEX: 0[0m
[00:00:10.076,232] [0m<dbg> zmk: scale_val: scaled 11 with 1/1 to 11 with remainder 0[0m
[00:00:10.076,232] [0m<dbg> zmk: zmk_hid_mouse_movement_set: Mouse movement set to 37/11[0m
[00:00:10.076,293] [0m<dbg> zmk: zmk_hid_mouse_scroll_set: Mouse scroll set to 0/0[0m
[00:00:10.076,324] [0m<dbg> zmk: zmk_hid_mouse_movement_set: Mouse movement set to 0/0[0m
[00:00:10.085,021] [0m<dbg> zmk: apply_config: LISTENER INDEX: 0[0m
[00:00:10.085,083] [0m<dbg> zmk: scale_val: scaled 33 with 1/1 to 33 with remainder 0[0m
[00:00:10.085,235] [0m<dbg> zmk: apply_config: LISTENER INDEX: 0[0m
[00:00:10.085,266] [0m<dbg> zmk: scale_val: scaled 11 with 1/1 to 11 with remainder 0[0m
[00:00:10.085,266] [0m<dbg> zmk: zmk_hid_mouse_movement_set: Mouse movement set to 33/11[0m
[00:00:10.085,327] [0m<dbg> zmk: zmk_hid_mouse_scroll_set: Mouse scroll set to 0/0[0m
[00:00:10.085,357] [0m<dbg> zmk: zmk_hid_mouse_movement_set: Mouse movement set to 0/0[0m
[00:00:10.092,987] [0m<dbg> zmk: apply_config: LISTENER INDEX: 0[0m
[00:00:10.092,987] [0m<dbg> zmk: scale_val: scaled 30 with 1/1 to 30 with remainder 0[0m
[00:00:10.093,048] [0m<dbg> zmk: apply_config: LISTENER INDEX: 0[0m
[00:00:10.093,078] [0m<dbg> zmk: scale_val: scaled 13 with 1/1 to 13 with remainder 0[0m
[00:00:10.093,078] [0m<dbg> zmk: zmk_hid_mouse_movement_set: Mouse movement set to 30/13[0m
[00:00:10.093,261] [0m<dbg> zmk: zmk_hid_mouse_scroll_set: Mouse scroll set to 0/0[0m
[00:00:10.093,261] [0m<dbg> zmk: zmk_hid_mouse_movement_set: Mouse movement set to 0/0[0m
[00:00:10.100,463] [0m<dbg> zmk: apply_config: LISTENER INDEX: 0[0m
[00:00:10.100,555] [0m<dbg> zmk: scale_val: scaled 24 with 1/1 to 24 with remainder 0[0m
[00:00:10.100,708] [0m<dbg> zmk: apply_config: LISTENER INDEX: 0[0m
[00:00:10.100,738] [0m<dbg> zmk: scale_val: scaled 18 with 1/1 to 18 with remainder 0[0m
[00:00:10.100,769] [0m<dbg> zmk: zmk_hid_mouse_movement_set: Mouse movement set to 24/18[0m
[00:00:10.100,799] [0m<dbg> zmk: zmk_hid_mouse_scroll_set: Mouse scroll set to 0/0[0m
[00:00:10.100,830] [0m<dbg> zmk: zmk_hid_mouse_movement_set: Mouse movement set to 0/0[0m
[00:00:10.108,520] [0m<dbg> zmk: apply_config: LISTENER INDEX: 0[0m
[00:00:10.108,551] [0m<dbg> zmk: scale_val: scaled 24 with 1/1 to 24 with remainder 0[0m
[00:00:10.108,612] [0m<dbg> zmk: apply_config: LISTENER INDEX: 0[0m
[00:00:10.108,612] [0m<dbg> zmk: scale_val: scaled 18 with 1/1 to 18 with remainder 0[0m
[00:00:10.108,642] [0m<dbg> zmk: zmk_hid_mouse_movement_set: Mouse movement set to 24/18[0m
[00:00:10.108,703] [0m<dbg> zmk: zmk_hid_mouse_scroll_set: Mouse scroll set to 0/0[0m
[00:00:10.108,764] [0m<dbg> zmk: zmk_hid_mouse_movement_set: Mouse movement set to 0/0[0m
[00:00:10.116,455] [0m<dbg> zmk: apply_config: LISTENER INDEX: 0[0m
[00:00:10.116,455] [0m<dbg> zmk: scale_val: scaled 30 with 1/1 to 30 with remainder 0[0m
[00:00:10.116,516] [0m<dbg> zmk: apply_config: LISTENER INDEX: 0[0m
[00:00:10.116,546] [0m<dbg> zmk: scale_val: scaled 18 with 1/1 to 18 with remainder 0[0m
[00:00:10.116,577] [0m<dbg> zmk: zmk_hid_mouse_movement_set: Mouse movement set to 30/18[0m
[00:00:10.116,607] [0m<dbg> zmk: zmk_hid_mouse_scroll_set: Mouse scroll set to 0/0[0m
[00:00:10.116,638] [0m<dbg> zmk: zmk_hid_mouse_movement_set: Mouse movement set to 0/0[0m
[00:00:10.124,481] [0m<dbg> zmk: apply_config: LISTENER INDEX: 0[0m
[00:00:10.124,511] [0m<dbg> zmk: scale_val: scaled 30 with 1/1 to 30 with remainder 0[0m
[00:00:10.124,542] [0m<dbg> zmk: apply_config: LISTENER INDEX: 0[0m
[00:00:10.124,572] [0m<dbg> zmk: scale_val: scaled 24 with 1/1 to 24 with remainder 0[0m
[00:00:10.124,572] [0m<dbg> zmk: zmk_hid_mouse_movement_set: Mouse movement set to 30/24[0m
[00:00:10.124,633] [0m<dbg> zmk: zmk_hid_mouse_scroll_set: Mouse scroll set to 0/0[0m
[00:00:10.124,664] [0m<dbg> zmk: zmk_hid_mouse_movement_set: Mouse movement set to 0/0[0m
[00:00:10.132,568] [0m<dbg> zmk: apply_config: LISTENER INDEX: 0[0m
[00:00:10.132,568] [0m<dbg> zmk: scale_val: scaled 37 with 1/1 to 37 with remainder 0[0m
[00:00:10.132,629] [0m<dbg> zmk: apply_config: LISTENER INDEX: 0[0m
[00:00:10.132,659] [0m<dbg> zmk: scale_val: scaled 27 with 1/1 to 27 with remainder 0[0m
[00:00:10.132,659] [0m<dbg> zmk: zmk_hid_mouse_movement_set: Mouse movement set to 37/27[0m
[00:00:10.132,720] [0m<dbg> zmk: zmk_hid_mouse_scroll_set: Mouse scroll set to 0/0[0m
[00:00:10.132,781] [0m<dbg> zmk: zmk_hid_mouse_movement_set: Mouse movement set to 0/0[0m
[00:00:10.140,655] [0m<dbg> zmk: apply_config: LISTENER INDEX: 0[0m
[00:00:10.140,686] [0m<dbg> zmk: scale_val: scaled 33 with 1/1 to 33 with remainder 0[0m
[00:00:10.140,747] [0m<dbg> zmk: apply_config: LISTENER INDEX: 0[0m
[00:00:10.140,747] [0m<dbg> zmk: scale_val: scaled 21 with 1/1 to 21 with remainder 0[0m
[00:00:10.140,777] [0m<dbg> zmk: zmk_hid_mouse_movement_set: Mouse movement set to 33/21[0m
[00:00:10.140,838] [0m<dbg> zmk: zmk_hid_mouse_scroll_set: Mouse scroll set to 0/0[0m
[00:00:10.140,838] [0m<dbg> zmk: zmk_hid_mouse_movement_set: Mouse movement set to 0/0[0m
[00:00:10.148,895] [0m<dbg> zmk: apply_config: LISTENER INDEX: 0[0m
[00:00:10.148,925] [0m<dbg> zmk: scale_val: scaled 27 with 1/1 to 27 with remainder 0[0m
[00:00:10.148,956] [0m<dbg> zmk: apply_config: LISTENER INDEX: 0[0m
[00:00:10.148,986] [0m<dbg> zmk: scale_val: scaled 24 with 1/1 to 24 with remainder 0[0m
[00:00:10.148,986] [0m<dbg> zmk: zmk_hid_mouse_movement_set: Mouse movement set to 27/24[0m
[00:00:10.149,047] [0m<dbg> zmk: zmk_hid_mouse_scroll_set: Mouse scroll set to 0/0[0m
[00:00:10.149,078] [0m<dbg> zmk: zmk_hid_mouse_movement_set: Mouse movement set to 0/0[0m
[00:00:10.156,738] [0m<dbg> zmk: apply_config: LISTENER INDEX: 0[0m
[00:00:10.156,768] [0m<dbg> zmk: scale_val: scaled 24 with 1/1 to 24 with remainder 0[0m
[00:00:10.156,829] [0m<dbg> zmk: apply_config: LISTENER INDEX: 0[0m
[00:00:10.156,829] [0m<dbg> zmk: scale_val: scaled 18 with 1/1 to 18 with remainder 0[0m
[00:00:10.156,860] [0m<dbg> zmk: zmk_hid_mouse_movement_set: Mouse movement set to 24/18[0m
[00:00:10.156,921] [0m<dbg> zmk: zmk_hid_mouse_scroll_set: Mouse scroll set to 0/0[0m
[00:00:10.156,921] [0m<dbg> zmk: zmk_hid_mouse_movement_set: Mouse movement set to 0/0[0m
[00:00:10.165,527] [0m<dbg> zmk: apply_config: LISTENER INDEX: 0[0m
[00:00:10.165,557] [0m<dbg> zmk: scale_val: scaled 21 with 1/1 to 21 with remainder 0[0m
[00:00:10.165,649] [0m<dbg> zmk: apply_config: LISTENER INDEX: 0[0m
[00:00:10.165,679] [0m<dbg> zmk: scale_val: scaled 15 with 1/1 to 15 with remainder 0[0m
[00:00:10.165,679] [0m<dbg> zmk: zmk_hid_mouse_movement_set: Mouse movement set to 21/15[0m
[00:00:10.165,740] [0m<dbg> zmk: zmk_hid_mouse_scroll_set: Mouse scroll set to 0/0[0m
[00:00:10.165,740] [0m<dbg> zmk: zmk_hid_mouse_movement_set: Mouse movement set to 0/0[0m
[00:00:10.173,553] [0m<dbg> zmk: apply_config: LISTENER INDEX: 0[0m
[00:00:10.173,583] [0m<dbg> zmk: scale_val: scaled 18 with 1/1 to 18 with remainder 0[0m
[00:00:10.173,645] [0m<dbg> zmk: apply_config: LISTENER INDEX: 0[0m
[00:00:10.173,645] [0m<dbg> zmk: scale_val: scaled 18 with 1/1 to 18 with remainder 0[0m
[00:00:10.173,675] [0m<dbg> zmk: zmk_hid_mouse_movement_set: Mouse movement set to 18/18[0m
[00:00:10.173,736] [0m<dbg> zmk: zmk_hid_mouse_scroll_set: Mouse scroll set to 0/0[0m
[00:00:10.173,736] [0m<dbg> zmk: zmk_hid_mouse_movement_set: Mouse movement set to 0/0[0m
[00:00:10.181,243] [0m<dbg> zmk: apply_config: LISTENER INDEX: 0[0m
[00:00:10.181,274] [0m<dbg> zmk: scale_val: scaled 21 with 1/1 to 21 with remainder 0[0m
[00:00:10.181,335] [0m<dbg> zmk: apply_config: LISTENER INDEX: 0[0m
[00:00:10.181,335] [0m<dbg> zmk: scale_val: scaled 18 with 1/1 to 18 with remainder 0[0m
[00:00:10.181,365] [0m<dbg> zmk: zmk_hid_mouse_movement_set: Mouse movement set to 21/18[0m
[00:00:10.181,427] [0m<dbg> zmk: zmk_hid_mouse_scroll_set: Mouse scroll set to 0/0[0m
[00:00:10.181,427] [0m<dbg> zmk: zmk_hid_mouse_movement_set: Mouse movement set to 0/0[0m
[00:00:10.188,964] [0m<dbg> zmk: apply_config: LISTENER INDEX: 0[0m
[00:00:10.188,964] [0m<dbg> zmk: scale_val: scaled 15 with 1/1 to 15 with remainder 0[0m
[00:00:10.189,025] [0m<dbg> zmk: apply_config: LISTENER INDEX: 0[0m
[00:00:10.189,056] [0m<dbg> zmk: scale_val: scaled 21 with 1/1 to 21 with remainder 0[0m
[00:00:10.189,056] [0m<dbg> zmk: zmk_hid_mouse_movement_set: Mouse movement set to 15/21[0m
[00:00:10.189,117] [0m<dbg> zmk: zmk_hid_mouse_scroll_set: Mouse scroll set to 0/0[0m
[00:00:10.189,147] [0m<dbg> zmk: zmk_hid_mouse_movement_set: Mouse movement set to 0/0[0m
[00:00:10.197,052] [0m<dbg> zmk: apply_config: LISTENER INDEX: 0[0m
[00:00:10.197,052] [0m<dbg> zmk: scale_val: scaled 15 with 1/1 to 15 with remainder 0[0m
[00:00:10.197,113] [0m<dbg> zmk: apply_config: LISTENER INDEX: 0[0m
[00:00:10.197,143] [0m<dbg> zmk: scale_val: scaled 21 with 1/1 to 21 with remainder 0[0m
[00:00:10.197,143] [0m<dbg> zmk: zmk_hid_mouse_movement_set: Mouse movement set to 15/21[0m
[00:00:10.197,204] [0m<dbg> zmk: zmk_hid_mouse_scroll_set: Mouse scroll set to 0/0[0m
[00:00:10.197,204] [0m<dbg> zmk: zmk_hid_mouse_movement_set: Mouse movement set to 0/0[0m
[00:00:10.205,169] [0m<dbg> zmk: apply_config: LISTENER INDEX: 0[0m
[00:00:10.205,200] [0m<dbg> zmk: scale_val: scaled 11 with 1/1 to 11 with remainder 0[0m
[00:00:10.205,230] [0m<dbg> zmk: apply_config: LISTENER INDEX: 0[0m
[00:00:10.205,261] [0m<dbg> zmk: scale_val: scaled 15 with 1/1 to 15 with remainder 0[0m
[00:00:10.205,291] [0m<dbg> zmk: zmk_hid_mouse_movement_set: Mouse movement set to 11/15[0m
[00:00:10.205,322] [0m<dbg> zmk: zmk_hid_mouse_scroll_set: Mouse scroll set to 0/0[0m
[00:00:10.205,352] [0m<dbg> zmk: zmk_hid_mouse_movement_set: Mouse movement set to 0/0[0m
[00:00:10.213,897] [0m<dbg> zmk: apply_config: LISTENER INDEX: 0[0m
[00:00:10.213,897] [0m<dbg> zmk: scale_val: scaled 3 with 1/1 to 3 with remainder 0[0m
[00:00:10.213,958] [0m<dbg> zmk: apply_config: LISTENER INDEX: 0[0m
[00:00:10.213,989] [0m<dbg> zmk: scale_val: scaled 18 with 1/1 to 18 with remainder 0[0m
[00:00:10.213,989] [0m<dbg> zmk: zmk_hid_mouse_movement_set: Mouse movement set to 3/18[0m
[00:00:10.214,050] [0m<dbg> zmk: zmk_hid_mouse_scroll_set: Mouse scroll set to 0/0[0m
[00:00:10.214,080] [0m<dbg> zmk: zmk_hid_mouse_movement_set: Mouse movement set to 0/0[0m
[00:00:10.221,954] [0m<dbg> zmk: apply_config: LISTENER INDEX: 0[0m
[00:00:10.221,954] [0m<dbg> zmk: scale_val: scaled 0 with 1/1 to 0 with remainder 0[0m
[00:00:10.222,015] [0m<dbg> zmk: apply_config: LISTENER INDEX: 0[0m
[00:00:10.222,045] [0m<dbg> zmk: scale_val: scaled 15 with 1/1 to 15 with remainder 0[0m
[00:00:10.222,045] [0m<dbg> zmk: zmk_hid_mouse_movement_set: Mouse movement set to 0/15[0m
[00:00:10.222,106] [0m<dbg> zmk: zmk_hid_mouse_scroll_set: Mouse scroll set to 0/0[0m
[00:00:10.222,137] [0m<dbg> zmk: zmk_hid_mouse_movement_set: Mouse movement set to 0/0[0m
[00:00:10.229,461] [0m<dbg> zmk: apply_config: LISTENER INDEX: 0[0m
[00:00:10.229,461] [0m<dbg> zmk: scale_val: scaled -3 with 1/1 to -3 with remainder 0[0m
[00:00:10.229,522] [0m<dbg> zmk: apply_config: LISTENER INDEX: 0[0m
[00:00:10.229,522] [0m<dbg> zmk: scale_val: scaled 13 with 1/1 to 13 with remainder 0[0m
[00:00:10.229,553] [0m<dbg> zmk: zmk_hid_mouse_movement_set: Mouse movement set to -3/13[0m
[00:00:10.229,614] [0m<dbg> zmk: zmk_hid_mouse_scroll_set: Mouse scroll set to 0/0[0m
[00:00:10.229,614] [0m<dbg> zmk: zmk_hid_mouse_movement_set: Mouse movement set to 0/0[0m
[00:00:10.237,365] [0m<dbg> zmk: apply_config: LISTENER INDEX: 0[0m
[00:00:10.237,365] [0m<dbg> zmk: scale_val: scaled -9 with 1/1 to -9 with remainder 0[0m
[00:00:10.237,426] [0m<dbg> zmk: apply_config: LISTENER INDEX: 0[0m
[00:00:10.237,457] [0m<dbg> zmk: scale_val: scaled 11 with 1/1 to 11 with remainder 0[0m
[00:00:10.237,457] [0m<dbg> zmk: zmk_hid_mouse_movement_set: Mouse movement set to -9/11[0m
[00:00:10.237,518] [0m<dbg> zmk: zmk_hid_mouse_scroll_set: Mouse scroll set to 0/0[0m
[00:00:10.237,548] [0m<dbg> zmk: zmk_hid_mouse_movement_set: Mouse movement set to 0/0[0m
[00:00:10.245,513] [0m<dbg> zmk: apply_config: LISTENER INDEX: 0[0m
[00:00:10.245,513] [0m<dbg> zmk: scale_val: scaled -15 with 1/1 to -15 with remainder 0[0m
[00:00:10.245,574] [0m<dbg> zmk: apply_config: LISTENER INDEX: 0[0m
[00:00:10.245,605] [0m<dbg> zmk: scale_val: scaled 11 with 1/1 to 11 with remainder 0[0m
[00:00:10.245,605] [0m<dbg> zmk: zmk_hid_mouse_movement_set: Mouse movement set to -15/11[0m
[00:00:10.245,697] [0m<dbg> zmk: zmk_hid_mouse_scroll_set: Mouse scroll set to 0/0[0m
[00:00:10.245,788] [0m<dbg> zmk: zmk_hid_mouse_movement_set: Mouse movement set to 0/0[0m
[00:00:10.253,509] [0m<dbg> zmk: apply_config: LISTENER INDEX: 0[0m
[00:00:10.253,540] [0m<dbg> zmk: scale_val: scaled -24 with 1/1 to -24 with remainder 0[0m
[00:00:10.253,601] [0m<dbg> zmk: apply_config: LISTENER INDEX: 0[0m
[00:00:10.253,601] [0m<dbg> zmk: scale_val: scaled 7 with 1/1 to 7 with remainder 0[0m
[00:00:10.253,631] [0m<dbg> zmk: zmk_hid_mouse_movement_set: Mouse movement set to -24/7[0m
[00:00:10.253,692] [0m<dbg> zmk: zmk_hid_mouse_scroll_set: Mouse scroll set to 0/0[0m
[00:00:10.253,692] [0m<dbg> zmk: zmk_hid_mouse_movement_set: Mouse movement set to 0/0[0m
[00:00:10.261,505] [0m<dbg> zmk: apply_config: LISTENER INDEX: 0[0m
[00:00:10.261,505] [0m<dbg> zmk: scale_val: scaled -33 with 1/1 to -33 with remainder 0[0m
[00:00:10.261,566] [0m<dbg> zmk: apply_config: LISTENER INDEX: 0[0m
[00:00:10.261,596] [0m<dbg> zmk: scale_val: scaled 7 with 1/1 to 7 with remainder 0[0m
[00:00:10.261,596] [0m<dbg> zmk: zmk_hid_mouse_movement_set: Mouse movement set to -33/7[0m
[00:00:10.261,657] [0m<dbg> zmk: zmk_hid_mouse_scroll_set: Mouse scroll set to 0/0[0m
[00:00:10.261,688] [0m<dbg> zmk: zmk_hid_mouse_movement_set: Mouse movement set to 0/0[0m
[00:00:10.269,561] [0m<dbg> zmk: apply_config: LISTENER INDEX: 0[0m
[00:00:10.269,592] [0m<dbg> zmk: scale_val: scaled -41 with 1/1 to -41 with remainder 0[0m
[00:00:10.269,653] [0m<dbg> zmk: apply_config: LISTENER INDEX: 0[0m
[00:00:10.269,653] [0m<dbg> zmk: scale_val: scaled 5 with 1/1 to 5 with remainder 0[0m
[00:00:10.269,683] [0m<dbg> zmk: zmk_hid_mouse_movement_set: Mouse movement set to -41/5[0m
[00:00:10.269,744] [0m<dbg> zmk: zmk_hid_mouse_scroll_set: Mouse scroll set to 0/0[0m
[00:00:10.269,744] [0m<dbg> zmk: zmk_hid_mouse_movement_set: Mouse movement set to 0/0[0m
[00:00:10.277,618] [0m<dbg> zmk: apply_config: LISTENER INDEX: 0[0m
[00:00:10.277,648] [0m<dbg> zmk: scale_val: scaled -49 with 1/1 to -49 with remainder 0[0m
[00:00:10.277,709] [0m<dbg> zmk: apply_config: LISTENER INDEX: 0[0m
[00:00:10.277,740] [0m<dbg> zmk: scale_val: scaled 3 with 1/1 to 3 with remainder 0[0m
[00:00:10.277,740] [0m<dbg> zmk: zmk_hid_mouse_movement_set: Mouse movement set to -49/3[0m
[00:00:10.277,801] [0m<dbg> zmk: zmk_hid_mouse_scroll_set: Mouse scroll set to 0/0[0m
[00:00:10.277,801] [0m<dbg> zmk: zmk_hid_mouse_movement_set: Mouse movement set to 0/0[0m
[00:00:10.285,705] [0m<dbg> zmk: apply_config: LISTENER INDEX: 0[0m
[00:00:10.285,736] [0m<dbg> zmk: scale_val: scaled -57 with 1/1 to -57 with remainder 0[0m
[00:00:10.285,766] [0m<dbg> zmk: apply_config: LISTENER INDEX: 0[0m
[00:00:10.285,919] [0m<dbg> zmk: scale_val: scaled 1 with 1/1 to 1 with remainder 0[0m
[00:00:10.285,949] [0m<dbg> zmk: zmk_hid_mouse_movement_set: Mouse movement set to -57/1[0m
[00:00:10.286,071] [0m<dbg> zmk: zmk_hid_mouse_scroll_set: Mouse scroll set to 0/0[0m
[00:00:10.286,102] [0m<dbg> zmk: zmk_hid_mouse_movement_set: Mouse movement set to 0/0[0m
[00:00:10.293,731] [0m<dbg> zmk: apply_config: LISTENER INDEX: 0[0m
[00:00:10.293,731] [0m<dbg> zmk: scale_val: scaled -67 with 1/1 to -67 with remainder 0[0m
[00:00:10.293,792] [0m<dbg> zmk: apply_config: LISTENER INDEX: 0[0m
[00:00:10.293,823] [0m<dbg> zmk: scale_val: scaled 1 with 1/1 to 1 with remainder 0[0m
[00:00:10.293,823] [0m<dbg> zmk: zmk_hid_mouse_movement_set: Mouse movement set to -67/1[0m
[00:00:10.293,884] [0m<dbg> zmk: zmk_hid_mouse_scroll_set: Mouse scroll set to 0/0[0m
[00:00:10.293,914] [0m<dbg> zmk: zmk_hid_mouse_movement_set: Mouse movement set to 0/0[0m
[00:00:10.301,818] [0m<dbg> zmk: apply_config: LISTENER INDEX: 0[0m
[00:00:10.301,849] [0m<dbg> zmk: scale_val: scaled -72 with 1/1 to -72 with remainder 0[0m
[00:00:10.301,910] [0m<dbg> zmk: apply_config: LISTENER INDEX: 0[0m
[00:00:10.301,910] [0m<dbg> zmk: scale_val: scaled 0 with 1/1 to 0 with remainder 0[0m
[00:00:10.301,940] [0m<dbg> zmk: zmk_hid_mouse_movement_set: Mouse movement set to -72/0[0m
[00:00:10.301,971] [0m<dbg> zmk: zmk_hid_mouse_scroll_set: Mouse scroll set to 0/0[0m
[00:00:10.302,001] [0m<dbg> zmk: zmk_hid_mouse_movement_set: Mouse movement set to 0/0[0m
[00:00:10.310,791] [0m<dbg> zmk: apply_config: LISTENER INDEX: 0[0m
[00:00:10.310,791] [0m<dbg> zmk: scale_val: scaled -72 with 1/1 to -72 with remainder 0[0m
[00:00:10.310,852] [0m<dbg> zmk: apply_config: LISTENER INDEX: 0[0m
[00:00:10.310,882] [0m<dbg> zmk: scale_val: scaled 1 with 1/1 to 1 with remainder 0[0m
[00:00:10.310,882] [0m<dbg> zmk: zmk_hid_mouse_movement_set: Mouse movement set to -72/1[0m
[00:00:10.310,943] [0m<dbg> zmk: zmk_hid_mouse_scroll_set: Mouse scroll set to 0/0[0m
[00:00:10.310,974] [0m<dbg> zmk: zmk_hid_mouse_movement_set: Mouse movement set to 0/0[0m
[00:00:10.318,695] [0m<dbg> zmk: apply_config: LISTENER INDEX: 0[0m
[00:00:10.318,695] [0m<dbg> zmk: scale_val: scaled -77 with 1/1 to -77 with remainder 0[0m
[00:00:10.318,756] [0m<dbg> zmk: apply_config: LISTENER INDEX: 0[0m
[00:00:10.318,786] [0m<dbg> zmk: scale_val: scaled 2 with 1/1 to 2 with remainder 0[0m
[00:00:10.318,786] [0m<dbg> zmk: zmk_hid_mouse_movement_set: Mouse movement set to -77/2[0m
[00:00:10.318,847] [0m<dbg> zmk: zmk_hid_mouse_scroll_set: Mouse scroll set to 0/0[0m
[00:00:10.318,878] [0m<dbg> zmk: zmk_hid_mouse_movement_set: Mouse movement set to 0/0[0m
[00:00:10.326,721] [0m<dbg> zmk: apply_config: LISTENER INDEX: 0[0m
[00:00:10.326,751] [0m<dbg> zmk: scale_val: scaled -67 with 1/1 to -67 with remainder 0[0m
[00:00:10.326,782] [0m<dbg> zmk: apply_config: LISTENER INDEX: 0[0m
[00:00:10.326,812] [0m<dbg> zmk: scale_val: scaled 1 with 1/1 to 1 with remainder 0[0m
[00:00:10.326,843] [0m<dbg> zmk: zmk_hid_mouse_movement_set: Mouse movement set to -67/1[0m
[00:00:10.326,873] [0m<dbg> zmk: zmk_hid_mouse_scroll_set: Mouse scroll set to 0/0[0m
[00:00:10.326,904] [0m<dbg> zmk: zmk_hid_mouse_movement_set: Mouse movement set to 0/0[0m
[00:00:10.334,777] [0m<dbg> zmk: apply_config: LISTENER INDEX: 0[0m
[00:00:10.334,808] [0m<dbg> zmk: scale_val: scaled -57 with 1/1 to -57 with remainder 0[0m
[00:00:10.334,869] [0m<dbg> zmk: apply_config: LISTENER INDEX: 0[0m
[00:00:10.334,869] [0m<dbg> zmk: scale_val: scaled 1 with 1/1 to 1 with remainder 0[0m
[00:00:10.334,899] [0m<dbg> zmk: zmk_hid_mouse_movement_set: Mouse movement set to -57/1[0m
[00:00:10.334,960] [0m<dbg> zmk: zmk_hid_mouse_scroll_set: Mouse scroll set to 0/0[0m
[00:00:10.334,960] [0m<dbg> zmk: zmk_hid_mouse_movement_set: Mouse movement set to 0/0[0m
[00:00:10.342,895] [0m<dbg> zmk: apply_config: LISTENER INDEX: 0[0m
[00:00:10.342,895] [0m<dbg> zmk: scale_val: scaled -45 with 1/1 to -45 with remainder 0[0m
[00:00:10.342,956] [0m<dbg> zmk: apply_config: LISTENER INDEX: 0[0m
[00:00:10.342,987] [0m<dbg> zmk: scale_val: scaled 0 with 1/1 to 0 with remainder 0[0m
[00:00:10.342,987] [0m<dbg> zmk: zmk_hid_mouse_movement_set: Mouse movement set to -45/0[0m
[00:00:10.343,048] [0m<dbg> zmk: zmk_hid_mouse_scroll_set: Mouse scroll set to 0/0[0m
[00:00:10.343,383] [0m<dbg> zmk: zmk_hid_mouse_movement_set: Mouse movement set to 0/0[0m
[00:00:10.350,250] [0m<dbg> zmk: apply_config: LISTENER INDEX: 0[0m
[00:00:10.350,280] [0m<dbg> zmk: scale_val: scaled -33 with 1/1 to -33 with remainder 0[0m
[00:00:10.350,341] [0m<dbg> zmk: apply_config: LISTENER INDEX: 0[0m
[00:00:10.350,341] [0m<dbg> zmk: scale_val: scaled 1 with 1/1 to 1 with remainder 0[0m
[00:00:10.350,372] [0m<dbg> zmk: zmk_hid_mouse_movement_set: Mouse movement set to -33/1[0m
[00:00:10.350,433] [0m<dbg> zmk: zmk_hid_mouse_scroll_set: Mouse scroll set to 0/0[0m
[00:00:10.350,433] [0m<dbg> zmk: zmk_hid_mouse_movement_set: Mouse movement set to 0/0[0m
[00:00:10.359,069] [0m<dbg> zmk: apply_config: LISTENER INDEX: 0[0m
[00:00:10.359,100] [0m<dbg> zmk: scale_val: scaled -33 with 1/1 to -33 with remainder 0[0m
[00:00:10.359,161] [0m<dbg> zmk: apply_config: LISTENER INDEX: 0[0m
[00:00:10.359,191] [0m<dbg> zmk: scale_val: scaled 0 with 1/1 to 0 with remainder 0[0m
[00:00:10.359,191] [0m<dbg> zmk: zmk_hid_mouse_movement_set: Mouse movement set to -33/0[0m
[00:00:10.359,252] [0m<dbg> zmk: zmk_hid_mouse_scroll_set: Mouse scroll set to 0/0[0m
[00:00:10.359,252] [0m<dbg> zmk: zmk_hid_mouse_movement_set: Mouse movement set to 0/0[0m
[00:00:10.367,034] [0m<dbg> zmk: apply_config: LISTENER INDEX: 0[0m
[00:00:10.367,034] [0m<dbg> zmk: scale_val: scaled -41 with 1/1 to -41 with remainder 0[0m
[00:00:10.367,095] [0m<dbg> zmk: apply_config: LISTENER INDEX: 0[0m
[00:00:10.367,126] [0m<dbg> zmk: scale_val: scaled -2 with 1/1 to -2 with remainder 0[0m
[00:00:10.367,126] [0m<dbg> zmk: zmk_hid_mouse_movement_set: Mouse movement set to -41/-2[0m
[00:00:10.367,187] [0m<dbg> zmk: zmk_hid_mouse_scroll_set: Mouse scroll set to 0/0[0m
[00:00:10.367,218] [0m<dbg> zmk: zmk_hid_mouse_movement_set: Mouse movement set to 0/0[0m
[00:00:10.374,664] [0m<dbg> zmk: apply_config: LISTENER INDEX: 0[0m
[00:00:10.374,694] [0m<dbg> zmk: scale_val: scaled -37 with 1/1 to -37 with remainder 0[0m
[00:00:10.374,755] [0m<dbg> zmk: apply_config: LISTENER INDEX: 0[0m
[00:00:10.374,755] [0m<dbg> zmk: scale_val: scaled -7 with 1/1 to -7 with remainder 0[0m
[00:00:10.374,786] [0m<dbg> zmk: zmk_hid_mouse_movement_set: Mouse movement set to -37/-7[0m
[00:00:10.374,847] [0m<dbg> zmk: zmk_hid_mouse_scroll_set: Mouse scroll set to 0/0[0m
[00:00:10.374,847] [0m<dbg> zmk: zmk_hid_mouse_movement_set: Mouse movement set to 0/0[0m
[00:00:10.382,415] [0m<dbg> zmk: apply_config: LISTENER INDEX: 0[0m
[00:00:10.382,415] [0m<dbg> zmk: scale_val: scaled -41 with 1/1 to -41 with remainder 0[0m
[00:00:10.382,476] [0m<dbg> zmk: apply_config: LISTENER INDEX: 0[0m
[00:00:10.382,507] [0m<dbg> zmk: scale_val: scaled -13 with 1/1 to -13 with remainder 0[0m
[00:00:10.382,507] [0m<dbg> zmk: zmk_hid_mouse_movement_set: Mouse movement set to -41/-13[0m
[00:00:10.382,568] [0m<dbg> zmk: zmk_hid_mouse_scroll_set: Mouse scroll set to 0/0[0m
[00:00:10.382,568] [0m<dbg> zmk: zmk_hid_mouse_movement_set: Mouse movement set to 0/0[0m
[00:00:10.390,472] [0m<dbg> zmk: apply_config: LISTENER INDEX: 0[0m
[00:00:10.390,472] [0m<dbg> zmk: scale_val: scaled -41 with 1/1 to -41 with remainder 0[0m
[00:00:10.390,533] [0m<dbg> zmk: apply_config: LISTENER INDEX: 0[0m
[00:00:10.390,533] [0m<dbg> zmk: scale_val: scaled -30 with 1/1 to -30 with remainder 0[0m
[00:00:10.390,563] [0m<dbg> zmk: zmk_hid_mouse_movement_set: Mouse movement set to -41/-30[0m
[00:00:10.390,625] [0m<dbg> zmk: zmk_hid_mouse_scroll_set: Mouse scroll set to 0/0[0m
[00:00:10.390,625] [0m<dbg> zmk: zmk_hid_mouse_movement_set: Mouse movement set to 0/0[0m
[00:00:10.398,559] [0m<dbg> zmk: apply_config: LISTENER INDEX: 0[0m
[00:00:10.398,559] [0m<dbg> zmk: scale_val: scaled -37 with 1/1 to -37 with remainder 0[0m
[00:00:10.398,620] [0m<dbg> zmk: apply_config: LISTENER INDEX: 0[0m
[00:00:10.398,651] [0m<dbg> zmk: scale_val: scaled -41 with 1/1 to -41 with remainder 0[0m
[00:00:10.398,651] [0m<dbg> zmk: zmk_hid_mouse_movement_set: Mouse movement set to -37/-41[0m
[00:00:10.398,712] [0m<dbg> zmk: zmk_hid_mouse_scroll_set: Mouse scroll set to 0/0[0m
[00:00:10.398,773] [0m<dbg> zmk: zmk_hid_mouse_movement_set: Mouse movement set to 0/0[0m
[00:00:10.406,616] [0m<dbg> zmk: apply_config: LISTENER INDEX: 0[0m
[00:00:10.406,646] [0m<dbg> zmk: scale_val: scaled -33 with 1/1 to -33 with remainder 0[0m
[00:00:10.406,707] [0m<dbg> zmk: apply_config: LISTENER INDEX: 0[0m
[00:00:10.406,707] [0m<dbg> zmk: scale_val: scaled -57 with 1/1 to -57 with remainder 0[0m
[00:00:10.406,738] [0m<dbg> zmk: zmk_hid_mouse_movement_set: Mouse movement set to -33/-57[0m
[00:00:10.406,799] [0m<dbg> zmk: zmk_hid_mouse_scroll_set: Mouse scroll set to 0/0[0m
[00:00:10.406,799] [0m<dbg> zmk: zmk_hid_mouse_movement_set: Mouse movement set to 0/0[0m
[00:00:10.414,764] [0m<dbg> zmk: apply_config: LISTENER INDEX: 0[0m
[00:00:10.414,764] [0m<dbg> zmk: scale_val: scaled -27 with 1/1 to -27 with remainder 0[0m
[00:00:10.414,825] [0m<dbg> zmk: apply_config: LISTENER INDEX: 0[0m
[00:00:10.414,855] [0m<dbg> zmk: scale_val: scaled -87 with 1/1 to -87 with remainder 0[0m
[00:00:10.414,855] [0m<dbg> zmk: zmk_hid_mouse_movement_set: Mouse movement set to -27/-87[0m
[00:00:10.414,916] [0m<dbg> zmk: zmk_hid_mouse_scroll_set: Mouse scroll set to 0/0[0m
[00:00:10.414,947] [0m<dbg> zmk: zmk_hid_mouse_movement_set: Mouse movement set to 0/0[0m
[00:00:10.422,760] [0m<dbg> zmk: apply_config: LISTENER INDEX: 0[0m
[00:00:10.422,790] [0m<dbg> zmk: scale_val: scaled -24 with 1/1 to -24 with remainder 0[0m
[00:00:10.422,851] [0m<dbg> zmk: apply_config: LISTENER INDEX: 0[0m
[00:00:10.422,851] [0m<dbg> zmk: scale_val: scaled -105 with 1/1 to -105 with remainder 0[0m
[00:00:10.422,882] [0m<dbg> zmk: zmk_hid_mouse_movement_set: Mouse movement set to -24/-105[0m
[00:00:10.422,943] [0m<dbg> zmk: zmk_hid_mouse_scroll_set: Mouse scroll set to 0/0[0m
[00:00:10.422,943] [0m<dbg> zmk: zmk_hid_mouse_movement_set: Mouse movement set to 0/0[0m
[00:00:10.430,969] [0m<dbg> zmk: apply_config: LISTENER INDEX: 0[0m
[00:00:10.430,969] [0m<dbg> zmk: scale_val: scaled -15 with 1/1 to -15 with remainder 0[0m
[00:00:10.431,030] [0m<dbg> zmk: apply_config: LISTENER INDEX: 0[0m
[00:00:10.431,030] [0m<dbg> zmk: scale_val: scaled -137 with 1/1 to -137 with remainder 0[0m
[00:00:10.431,243] [0m<dbg> zmk: zmk_hid_mouse_movement_set: Mouse movement set to -15/-137[0m
[00:00:10.431,304] [0m<dbg> zmk: zmk_hid_mouse_scroll_set: Mouse scroll set to 0/0[0m
[00:00:10.431,304] [0m<dbg> zmk: zmk_hid_mouse_movement_set: Mouse movement set to 0/0[0m
[00:00:10.438,873] [0m<dbg> zmk: apply_config: LISTENER INDEX: 0[0m
[00:00:10.438,873] [0m<dbg> zmk: scale_val: scaled -9 with 1/1 to -9 with remainder 0[0m
[00:00:10.438,934] [0m<dbg> zmk: apply_config: LISTENER INDEX: 0[0m
[00:00:10.438,964] [0m<dbg> zmk: scale_val: scaled -158 with 1/1 to -158 with remainder 0[0m
[00:00:10.438,964] [0m<dbg> zmk: zmk_hid_mouse_movement_set: Mouse movement set to -9/-158[0m
[00:00:10.439,025] [0m<dbg> zmk: zmk_hid_mouse_scroll_set: Mouse scroll set to 0/0[0m
[00:00:10.439,056] [0m<dbg> zmk: zmk_hid_mouse_movement_set: Mouse movement set to 0/0[0m
[00:00:10.446,960] [0m<dbg> zmk: apply_config: LISTENER INDEX: 0[0m
[00:00:10.446,960] [0m<dbg> zmk: scale_val: scaled -5 with 1/1 to -5 with remainder 0[0m
[00:00:10.447,021] [0m<dbg> zmk: apply_config: LISTENER INDEX: 0[0m
[00:00:10.447,052] [0m<dbg> zmk: scale_val: scaled -165 with 1/1 to -165 with remainder 0[0m
[00:00:10.447,052] [0m<dbg> zmk: zmk_hid_mouse_movement_set: Mouse movement set to -5/-165[0m
[00:00:10.447,113] [0m<dbg> zmk: zmk_hid_mouse_scroll_set: Mouse scroll set to 0/0[0m
[00:00:10.447,113] [0m<dbg> zmk: zmk_hid_mouse_movement_set: Mouse movement set to 0/0[0m
[00:00:10.455,047] [0m<dbg> zmk: apply_config: LISTENER INDEX: 0[0m
[00:00:10.455,078] [0m<dbg> zmk: scale_val: scaled -2 with 1/1 to -2 with remainder 0[0m
[00:00:10.455,108] [0m<dbg> zmk: apply_config: LISTENER INDEX: 0[0m
[00:00:10.455,139] [0m<dbg> zmk: scale_val: scaled -158 with 1/1 to -158 with remainder 0[0m
[00:00:10.455,169] [0m<dbg> zmk: zmk_hid_mouse_movement_set: Mouse movement set to -2/-158[0m
[00:00:10.455,291] [0m<dbg> zmk: zmk_hid_mouse_scroll_set: Mouse scroll set to 0/0[0m
[00:00:10.455,291] [0m<dbg> zmk: zmk_hid_mouse_movement_set: Mouse movement set to 0/0[0m
[00:00:10.463,256] [0m<dbg> zmk: apply_config: LISTENER INDEX: 0[0m
[00:00:10.463,287] [0m<dbg> zmk: scale_val: scaled 0 with 1/1 to 0 with remainder 0[0m
[00:00:10.463,348] [0m<dbg> zmk: apply_config: LISTENER INDEX: 0[0m
[00:00:10.463,348] [0m<dbg> zmk: scale_val: scaled -144 with 1/1 to -144 with remainder 0[0m
[00:00:10.463,378] [0m<dbg> zmk: zmk_hid_mouse_movement_set: Mouse movement set to 0/-144[0m
[00:00:10.463,439] [0m<dbg> zmk: zmk_hid_mouse_scroll_set: Mouse scroll set to 0/0[0m
[00:00:10.463,439] [0m<dbg> zmk: zmk_hid_mouse_movement_set: Mouse movement set to 0/0[0m
[00:00:10.471,862] [0m<dbg> zmk: apply_config: LISTENER INDEX: 0[0m
[00:00:10.471,862] [0m<dbg> zmk: scale_val: scaled 0 with 1/1 to 0 with remainder 0[0m
[00:00:10.471,923] [0m<dbg> zmk: apply_config: LISTENER INDEX: 0[0m
[00:00:10.471,954] [0m<dbg> zmk: scale_val: scaled -99 with 1/1 to -99 with remainder 0[0m
[00:00:10.471,954] [0m<dbg> zmk: zmk_hid_mouse_movement_set: Mouse movement set to 0/-99[0m
[00:00:10.472,015] [0m<dbg> zmk: zmk_hid_mouse_scroll_set: Mouse scroll set to 0/0[0m
[00:00:10.472,045] [0m<dbg> zmk: zmk_hid_mouse_movement_set: Mouse movement set to 0/0[0m
[00:00:10.479,888] [0m<dbg> zmk: apply_config: LISTENER INDEX: 0[0m
[00:00:10.479,888] [0m<dbg> zmk: scale_val: scaled -1 with 1/1 to -1 with remainder 0[0m
[00:00:10.479,949] [0m<dbg> zmk: apply_config: LISTENER INDEX: 0[0m
[00:00:10.479,980] [0m<dbg> zmk: scale_val: scaled -72 with 1/1 to -72 with remainder 0[0m
[00:00:10.479,980] [0m<dbg> zmk: zmk_hid_mouse_movement_set: Mouse movement set to -1/-72[0m
[00:00:10.480,041] [0m<dbg> zmk: zmk_hid_mouse_scroll_set: Mouse scroll set to 0/0[0m
[00:00:10.480,072] [0m<dbg> zmk: zmk_hid_mouse_movement_set: Mouse movement set to 0/0[0m
[00:00:10.487,426] [0m<dbg> zmk: apply_config: LISTENER INDEX: 0[0m
[00:00:10.487,426] [0m<dbg> zmk: scale_val: scaled -1 with 1/1 to -1 with remainder 0[0m
[00:00:10.487,487] [0m<dbg> zmk: apply_config: LISTENER INDEX: 0[0m
[00:00:10.487,518] [0m<dbg> zmk: scale_val: scaled -57 with 1/1 to -57 with remainder 0[0m
[00:00:10.487,518] [0m<dbg> zmk: zmk_hid_mouse_movement_set: Mouse movement set to -1/-57[0m
[00:00:10.487,579] [0m<dbg> zmk: zmk_hid_mouse_scroll_set: Mouse scroll set to 0/0[0m
[00:00:10.487,609] [0m<dbg> zmk: zmk_hid_mouse_movement_set: Mouse movement set to 0/0[0m
[00:00:10.495,269] [0m<dbg> zmk: apply_config: LISTENER INDEX: 0[0m
[00:00:10.495,269] [0m<dbg> zmk: scale_val: scaled -2 with 1/1 to -2 with remainder 0[0m
[00:00:10.495,330] [0m<dbg> zmk: apply_config: LISTENER INDEX: 0[0m
[00:00:10.495,361] [0m<dbg> zmk: scale_val: scaled -41 with 1/1 to -41 with remainder 0[0m
[00:00:10.495,361] [0m<dbg> zmk: zmk_hid_mouse_movement_set: Mouse movement set to -2/-41[0m
[00:00:10.495,422] [0m<dbg> zmk: zmk_hid_mouse_scroll_set: Mouse scroll set to 0/0[0m
[00:00:10.495,452] [0m<dbg> zmk: zmk_hid_mouse_movement_set: Mouse movement set to 0/0[0m
[00:00:10.503,326] [0m<dbg> zmk: apply_config: LISTENER INDEX: 0[0m
[00:00:10.503,356] [0m<dbg> zmk: scale_val: scaled 0 with 1/1 to 0 with remainder 0[0m
[00:00:10.503,387] [0m<dbg> zmk: apply_config: LISTENER INDEX: 0[0m
[00:00:10.503,417] [0m<dbg> zmk: scale_val: scaled -33 with 1/1 to -33 with remainder 0[0m
[00:00:10.503,417] [0m<dbg> zmk: zmk_hid_mouse_movement_set: Mouse movement set to 0/-33[0m
[00:00:10.503,479] [0m<dbg> zmk: zmk_hid_mouse_scroll_set: Mouse scroll set to 0/0[0m
[00:00:10.503,509] [0m<dbg> zmk: zmk_hid_mouse_movement_set: Mouse movement set to 0/0[0m
[00:00:10.512,145] [0m<dbg> zmk: apply_config: LISTENER INDEX: 0[0m
[00:00:10.512,359] [0m<dbg> zmk: scale_val: scaled 0 with 1/1 to 0 with remainder 0[0m
[00:00:10.512,390] [0m<dbg> zmk: apply_config: LISTENER INDEX: 0[0m
[00:00:10.512,420] [0m<dbg> zmk: scale_val: scaled -30 with 1/1 to -30 with remainder 0[0m
[00:00:10.512,451] [0m<dbg> zmk: zmk_hid_mouse_movement_set: Mouse movement set to 0/-30[0m
[00:00:10.512,481] [0m<dbg> zmk: zmk_hid_mouse_scroll_set: Mouse scroll set to 0/0[0m
[00:00:10.512,512] [0m<dbg> zmk: zmk_hid_mouse_movement_set: Mouse movement set to 0/0[0m
[00:00:10.520,202] [0m<dbg> zmk: apply_config: LISTENER INDEX: 0[0m
[00:00:10.520,202] [0m<dbg> zmk: scale_val: scaled 1 with 1/1 to 1 with remainder 0[0m
[00:00:10.520,263] [0m<dbg> zmk: apply_config: LISTENER INDEX: 0[0m
[00:00:10.520,294] [0m<dbg> zmk: scale_val: scaled -27 with 1/1 to -27 with remainder 0[0m
[00:00:10.520,324] [0m<dbg> zmk: zmk_hid_mouse_movement_set: Mouse movement set to 1/-27[0m
[00:00:10.520,355] [0m<dbg> zmk: zmk_hid_mouse_scroll_set: Mouse scroll set to 0/0[0m
[00:00:10.520,385] [0m<dbg> zmk: zmk_hid_mouse_movement_set: Mouse movement set to 0/0[0m
[00:00:10.528,320] [0m<dbg> zmk: apply_config: LISTENER INDEX: 0[0m
[00:00:10.528,320] [0m<dbg> zmk: scale_val: scaled 5 with 1/1 to 5 with remainder 0[0m
[00:00:10.528,594] [0m<dbg> zmk: apply_config: LISTENER INDEX: 0[0m
[00:00:10.528,594] [0m<dbg> zmk: scale_val: scaled -24 with 1/1 to -24 with remainder 0[0m
[00:00:10.528,625] [0m<dbg> zmk: zmk_hid_mouse_movement_set: Mouse movement set to 5/-24[0m
[00:00:10.528,686] [0m<dbg> zmk: zmk_hid_mouse_scroll_set: Mouse scroll set to 0/0[0m
[00:00:10.528,686] [0m<dbg> zmk: zmk_hid_mouse_movement_set: Mouse movement set to 0/0[0m
[00:00:10.536,315] [0m<dbg> zmk: apply_config: LISTENER INDEX: 0[0m
[00:00:10.536,346] [0m<dbg> zmk: scale_val: scaled 13 with 1/1 to 13 with remainder 0[0m
[00:00:10.536,376] [0m<dbg> zmk: apply_config: LISTENER INDEX: 0[0m
[00:00:10.536,407] [0m<dbg> zmk: scale_val: scaled -21 with 1/1 to -21 with remainder 0[0m
[00:00:10.536,437] [0m<dbg> zmk: zmk_hid_mouse_movement_set: Mouse movement set to 13/-21[0m
[00:00:10.536,468] [0m<dbg> zmk: zmk_hid_mouse_scroll_set: Mouse scroll set to 0/0[0m
[00:00:10.536,499] [0m<dbg> zmk: zmk_hid_mouse_movement_set: Mouse movement set to 0/0[0m
[00:00:10.543,640] [0m<dbg> zmk: apply_config: LISTENER INDEX: 0[0m
[00:00:10.543,640] [0m<dbg> zmk: scale_val: scaled 15 with 1/1 to 15 with remainder 0[0m
[00:00:10.543,701] [0m<dbg> zmk: apply_config: LISTENER INDEX: 0[0m
[00:00:10.543,731] [0m<dbg> zmk: scale_val: scaled -21 with 1/1 to -21 with remainder 0[0m
[00:00:10.543,731] [0m<dbg> zmk: zmk_hid_mouse_movement_set: Mouse movement set to 15/-21[0m
[00:00:10.543,792] [0m<dbg> zmk: zmk_hid_mouse_scroll_set: Mouse scroll set to 0/0[0m
[00:00:10.543,792] [0m<dbg> zmk: zmk_hid_mouse_movement_set: Mouse movement set to 0/0[0m
[00:00:10.551,696] [0m<dbg> zmk: apply_config: LISTENER INDEX: 0[0m
[00:00:10.551,727] [0m<dbg> zmk: scale_val: scaled 24 with 1/1 to 24 with remainder 0[0m
[00:00:10.551,757] [0m<dbg> zmk: apply_config: LISTENER INDEX: 0[0m
[00:00:10.551,788] [0m<dbg> zmk: scale_val: scaled -15 with 1/1 to -15 with remainder 0[0m
[00:00:10.551,818] [0m<dbg> zmk: zmk_hid_mouse_movement_set: Mouse movement set to 24/-15[0m
[00:00:10.551,849] [0m<dbg> zmk: zmk_hid_mouse_scroll_set: Mouse scroll set to 0/0[0m
[00:00:10.551,879] [0m<dbg> zmk: zmk_hid_mouse_movement_set: Mouse movement set to 0/0[0m
[00:00:10.559,753] [0m<dbg> zmk: apply_config: LISTENER INDEX: 0[0m
[00:00:10.559,783] [0m<dbg> zmk: scale_val: scaled 30 with 1/1 to 30 with remainder 0[0m
[00:00:10.559,844] [0m<dbg> zmk: apply_config: LISTENER INDEX: 0[0m
[00:00:10.559,844] [0m<dbg> zmk: scale_val: scaled -13 with 1/1 to -13 with remainder 0[0m
[00:00:10.559,875] [0m<dbg> zmk: zmk_hid_mouse_movement_set: Mouse movement set to 30/-13[0m
[00:00:10.559,936] [0m<dbg> zmk: zmk_hid_mouse_scroll_set: Mouse scroll set to 0/0[0m
[00:00:10.559,936] [0m<dbg> zmk: zmk_hid_mouse_movement_set: Mouse movement set to 0/0[0m
[00:00:10.567,901] [0m<dbg> zmk: apply_config: LISTENER INDEX: 0[0m
[00:00:10.567,932] [0m<dbg> zmk: scale_val: scaled 45 with 1/1 to 45 with remainder 0[0m
[00:00:10.567,993] [0m<dbg> zmk: apply_config: LISTENER INDEX: 0[0m
[00:00:10.567,993] [0m<dbg> zmk: scale_val: scaled -7 with 1/1 to -7 with remainder 0[0m
[00:00:10.568,023] [0m<dbg> zmk: zmk_hid_mouse_movement_set: Mouse movement set to 45/-7[0m
[00:00:10.568,084] [0m<dbg> zmk: zmk_hid_mouse_scroll_set: Mouse scroll set to 0/0[0m
[00:00:10.568,084] [0m<dbg> zmk: zmk_hid_mouse_movement_set: Mouse movement set to 0/0[0m
[00:00:10.575,897] [0m<dbg> zmk: apply_config: LISTENER INDEX: 0[0m
[00:00:10.575,927] [0m<dbg> zmk: scale_val: scaled 53 with 1/1 to 53 with remainder 0[0m
[00:00:10.575,958] [0m<dbg> zmk: apply_config: LISTENER INDEX: 0[0m
[00:00:10.576,049] [0m<dbg> zmk: scale_val: scaled -7 with 1/1 to -7 with remainder 0[0m
[00:00:10.576,049] [0m<dbg> zmk: zmk_hid_mouse_movement_set: Mouse movement set to 53/-7[0m
[00:00:10.576,110] [0m<dbg> zmk: zmk_hid_mouse_scroll_set: Mouse scroll set to 0/0[0m
[00:00:10.576,141] [0m<dbg> zmk: zmk_hid_mouse_movement_set: Mouse movement set to 0/0[0m
[00:00:10.583,923] [0m<dbg> zmk: apply_config: LISTENER INDEX: 0[0m
[00:00:10.583,953] [0m<dbg> zmk: scale_val: scaled 62 with 1/1 to 62 with remainder 0[0m
[00:00:10.584,014] [0m<dbg> zmk: apply_config: LISTENER INDEX: 0[0m
[00:00:10.584,014] [0m<dbg> zmk: scale_val: scaled -3 with 1/1 to -3 with remainder 0[0m
[00:00:10.584,045] [0m<dbg> zmk: zmk_hid_mouse_movement_set: Mouse movement set to 62/-3[0m
[00:00:10.584,106] [0m<dbg> zmk: zmk_hid_mouse_scroll_set: Mouse scroll set to 0/0[0m
[00:00:10.584,106] [0m<dbg> zmk: zmk_hid_mouse_movement_set: Mouse movement set to 0/0[0m
[00:00:10.592,041] [0m<dbg> zmk: apply_config: LISTENER INDEX: 0[0m
[00:00:10.592,041] [0m<dbg> zmk: scale_val: scaled 72 with 1/1 to 72 with remainder 0[0m
[00:00:10.592,102] [0m<dbg> zmk: apply_config: LISTENER INDEX: 0[0m
[00:00:10.592,132] [0m<dbg> zmk: scale_val: scaled -1 with 1/1 to -1 with remainder 0[0m
[00:00:10.592,132] [0m<dbg> zmk: zmk_hid_mouse_movement_set: Mouse movement set to 72/-1[0m
[00:00:10.592,193] [0m<dbg> zmk: zmk_hid_mouse_scroll_set: Mouse scroll set to 0/0[0m
[00:00:10.592,193] [0m<dbg> zmk: zmk_hid_mouse_movement_set: Mouse movement set to 0/0[0m
[00:00:10.600,128] [0m<dbg> zmk: apply_config: LISTENER INDEX: 0[0m
[00:00:10.600,158] [0m<dbg> zmk: scale_val: scaled 77 with 1/1 to 77 with remainder 0[0m
[00:00:10.600,189] [0m<dbg> zmk: apply_config: LISTENER INDEX: 0[0m
[00:00:10.600,219] [0m<dbg> zmk: scale_val: scaled 0 with 1/1 to 0 with remainder 0[0m
[00:00:10.600,250] [0m<dbg> zmk: zmk_hid_mouse_movement_set: Mouse movement set to 77/0[0m
[00:00:10.600,280] [0m<dbg> zmk: zmk_hid_mouse_scroll_set: Mouse scroll set to 0/0[0m
[00:00:10.600,311] [0m<dbg> zmk: zmk_hid_mouse_movement_set: Mouse movement set to 0/0[0m
[00:00:10.608,245] [0m<dbg> zmk: apply_config: LISTENER INDEX: 0[0m
[00:00:10.608,276] [0m<dbg> zmk: scale_val: scaled 82 with 1/1 to 82 with remainder 0[0m
[00:00:10.608,337] [0m<dbg> zmk: apply_config: LISTENER INDEX: 0[0m
[00:00:10.608,337] [0m<dbg> zmk: scale_val: scaled 1 with 1/1 to 1 with remainder 0[0m
[00:00:10.608,367] [0m<dbg> zmk: zmk_hid_mouse_movement_set: Mouse movement set to 82/1[0m
[00:00:10.608,428] [0m<dbg> zmk: zmk_hid_mouse_scroll_set: Mouse scroll set to 0/0[0m
[00:00:10.608,428] [0m<dbg> zmk: zmk_hid_mouse_movement_set: Mouse movement set to 0/0[0m
[00:00:10.616,271] [0m<dbg> zmk: apply_config: LISTENER INDEX: 0[0m
[00:00:10.616,302] [0m<dbg> zmk: scale_val: scaled 77 with 1/1 to 77 with remainder 0[0m
[00:00:10.616,333] [0m<dbg> zmk: apply_config: LISTENER INDEX: 0[0m
[00:00:10.616,363] [0m<dbg> zmk: scale_val: scaled 1 with 1/1 to 1 with remainder 0[0m
[00:00:10.616,394] [0m<dbg> zmk: zmk_hid_mouse_movement_set: Mouse movement set to 77/1[0m
[00:00:10.616,424] [0m<dbg> zmk: zmk_hid_mouse_scroll_set: Mouse scroll set to 0/0[0m
[00:00:10.616,455] [0m<dbg> zmk: zmk_hid_mouse_movement_set: Mouse movement set to 0/0[0m
[00:00:10.624,298] [0m<dbg> zmk: apply_config: LISTENER INDEX: 0[0m
[00:00:10.624,298] [0m<dbg> zmk: scale_val: scaled 77 with 1/1 to 77 with remainder 0[0m
[00:00:10.624,359] [0m<dbg> zmk: apply_config: LISTENER INDEX: 0[0m
[00:00:10.624,389] [0m<dbg> zmk: scale_val: scaled 5 with 1/1 to 5 with remainder 0[0m
[00:00:10.624,420] [0m<dbg> zmk: zmk_hid_mouse_movement_set: Mouse movement set to 77/5[0m
[00:00:10.624,450] [0m<dbg> zmk: zmk_hid_mouse_scroll_set: Mouse scroll set to 0/0[0m
[00:00:10.624,481] [0m<dbg> zmk: zmk_hid_mouse_movement_set: Mouse movement set to 0/0[0m
[00:00:10.633,239] [0m<dbg> zmk: apply_config: LISTENER INDEX: 0[0m
[00:00:10.633,270] [0m<dbg> zmk: scale_val: scaled 82 with 1/1 to 82 with remainder 0[0m
[00:00:10.633,300] [0m<dbg> zmk: apply_config: LISTENER INDEX: 0[0m
[00:00:10.633,331] [0m<dbg> zmk: scale_val: scaled 11 with 1/1 to 11 with remainder 0[0m
[00:00:10.633,361] [0m<dbg> zmk: zmk_hid_mouse_movement_set: Mouse movement set to 82/11[0m
[00:00:10.633,392] [0m<dbg> zmk: zmk_hid_mouse_scroll_set: Mouse scroll set to 0/0[0m
[00:00:10.633,422] [0m<dbg> zmk: zmk_hid_mouse_movement_set: Mouse movement set to 0/0[0m
[00:00:10.640,380] [0m<dbg> zmk: apply_config: LISTENER INDEX: 0[0m
[00:00:10.640,411] [0m<dbg> zmk: scale_val: scaled 77 with 1/1 to 77 with remainder 0[0m
[00:00:10.640,472] [0m<dbg> zmk: apply_config: LISTENER INDEX: 0[0m
[00:00:10.640,472] [0m<dbg> zmk: scale_val: scaled 13 with 1/1 to 13 with remainder 0[0m
[00:00:10.640,502] [0m<dbg> zmk: zmk_hid_mouse_movement_set: Mouse movement set to 77/13[0m
[00:00:10.640,563] [0m<dbg> zmk: zmk_hid_mouse_scroll_set: Mouse scroll set to 0/0[0m
[00:00:10.640,563] [0m<dbg> zmk: zmk_hid_mouse_movement_set: Mouse movement set to 0/0[0m
[00:00:10.648,590] [0m<dbg> zmk: apply_config: LISTENER INDEX: 0[0m
[00:00:10.648,590] [0m<dbg> zmk: scale_val: scaled 87 with 1/1 to 87 with remainder 0[0m
[00:00:10.648,651] [0m<dbg> zmk: apply_config: LISTENER INDEX: 0[0m
[00:00:10.648,681] [0m<dbg> zmk: scale_val: scaled 15 with 1/1 to 15 with remainder 0[0m
[00:00:10.648,681] [0m<dbg> zmk: zmk_hid_mouse_movement_set: Mouse movement set to 87/15[0m
[00:00:10.648,742] [0m<dbg> zmk: zmk_hid_mouse_scroll_set: Mouse scroll set to 0/0[0m
[00:00:10.648,773] [0m<dbg> zmk: zmk_hid_mouse_movement_set: Mouse movement set to 0/0[0m
[00:00:10.656,524] [0m<dbg> zmk: apply_config: LISTENER INDEX: 0[0m
[00:00:10.656,555] [0m<dbg> zmk: scale_val: scaled 87 with 1/1 to 87 with remainder 0[0m
[00:00:10.656,585] [0m<dbg> zmk: apply_config: LISTENER INDEX: 0[0m
[00:00:10.656,616] [0m<dbg> zmk: scale_val: scaled 21 with 1/1 to 21 with remainder 0[0m
[00:00:10.656,646] [0m<dbg> zmk: zmk_hid_mouse_movement_set: Mouse movement set to 87/21[0m
[00:00:10.656,677] [0m<dbg> zmk: zmk_hid_mouse_scroll_set: Mouse scroll set to 0/0[0m
[00:00:10.656,707] [0m<dbg> zmk: zmk_hid_mouse_movement_set: Mouse movement set to 0/0[0m
[00:00:10.664,611] [0m<dbg> zmk: apply_config: LISTENER INDEX: 0[0m
[00:00:10.664,611] [0m<dbg> zmk: scale_val: scaled 93 with 1/1 to 93 with remainder 0[0m
[00:00:10.664,672] [0m<dbg> zmk: apply_config: LISTENER INDEX: 0[0m
[00:00:10.664,703] [0m<dbg> zmk: scale_val: scaled 21 with 1/1 to 21 with remainder 0[0m
[00:00:10.664,703] [0m<dbg> zmk: zmk_hid_mouse_movement_set: Mouse movement set to 93/21[0m
[00:00:10.664,764] [0m<dbg> zmk: zmk_hid_mouse_scroll_set: Mouse scroll set to 0/0[0m
[00:00:10.664,794] [0m<dbg> zmk: zmk_hid_mouse_movement_set: Mouse movement set to 0/0[0m
[00:00:10.672,668] [0m<dbg> zmk: apply_config: LISTENER INDEX: 0[0m
[00:00:10.672,698] [0m<dbg> zmk: scale_val: scaled 87 with 1/1 to 87 with remainder 0[0m
[00:00:10.672,760] [0m<dbg> zmk: apply_config: LISTENER INDEX: 0[0m
[00:00:10.672,790] [0m<dbg> zmk: scale_val: scaled 24 with 1/1 to 24 with remainder 0[0m
[00:00:10.672,790] [0m<dbg> zmk: zmk_hid_mouse_movement_set: Mouse movement set to 87/24[0m
[00:00:10.672,882] [0m<dbg> zmk: zmk_hid_mouse_scroll_set: Mouse scroll set to 0/0[0m
[00:00:10.672,912] [0m<dbg> zmk: zmk_hid_mouse_movement_set: Mouse movement set to 0/0[0m
[00:00:10.680,694] [0m<dbg> zmk: apply_config: LISTENER INDEX: 0[0m
[00:00:10.680,725] [0m<dbg> zmk: scale_val: scaled 93 with 1/1 to 93 with remainder 0[0m
[00:00:10.680,786] [0m<dbg> zmk: apply_config: LISTENER INDEX: 0[0m
[00:00:10.680,786] [0m<dbg> zmk: scale_val: scaled 27 with 1/1 to 27 with remainder 0[0m
[00:00:10.680,816] [0m<dbg> zmk: zmk_hid_mouse_movement_set: Mouse movement set to 93/27[0m
[00:00:10.680,877] [0m<dbg> zmk: zmk_hid_mouse_scroll_set: Mouse scroll set to 0/0[0m
[00:00:10.680,877] [0m<dbg> zmk: zmk_hid_mouse_movement_set: Mouse movement set to 0/0[0m
[00:00:10.688,751] [0m<dbg> zmk: apply_config: LISTENER INDEX: 0[0m
[00:00:10.688,781] [0m<dbg> zmk: scale_val: scaled 87 with 1/1 to 87 with remainder 0[0m
[00:00:10.688,842] [0m<dbg> zmk: apply_config: LISTENER INDEX: 0[0m
[00:00:10.688,842] [0m<dbg> zmk: scale_val: scaled 30 with 1/1 to 30 with remainder 0[0m
[00:00:10.688,873] [0m<dbg> zmk: zmk_hid_mouse_movement_set: Mouse movement set to 87/30[0m
[00:00:10.688,934] [0m<dbg> zmk: zmk_hid_mouse_scroll_set: Mouse scroll set to 0/0[0m
[00:00:10.688,934] [0m<dbg> zmk: zmk_hid_mouse_movement_set: Mouse movement set to 0/0[0m
[00:00:10.696,868] [0m<dbg> zmk: apply_config: LISTENER INDEX: 0[0m
[00:00:10.696,899] [0m<dbg> zmk: scale_val: scaled 87 with 1/1 to 87 with remainder 0[0m
[00:00:10.696,929] [0m<dbg> zmk: apply_config: LISTENER INDEX: 0[0m
[00:00:10.696,960] [0m<dbg> zmk: scale_val: scaled 37 with 1/1 to 37 with remainder 0[0m
[00:00:10.696,990] [0m<dbg> zmk: zmk_hid_mouse_movement_set: Mouse movement set to 87/37[0m
[00:00:10.697,021] [0m<dbg> zmk: zmk_hid_mouse_scroll_set: Mouse scroll set to 0/0[0m
[00:00:10.697,052] [0m<dbg> zmk: zmk_hid_mouse_movement_set: Mouse movement set to 0/0[0m
[00:00:10.705,596] [0m<dbg> zmk: apply_config: LISTENER INDEX: 0[0m
[00:00:10.705,627] [0m<dbg> zmk: scale_val: scaled 87 with 1/1 to 87 with remainder 0[0m
[00:00:10.705,688] [0m<dbg> zmk: apply_config: LISTENER INDEX: 0[0m
[00:00:10.705,688] [0m<dbg> zmk: scale_val: scaled 49 with 1/1 to 49 with remainder 0[0m
[00:00:10.705,718] [0m<dbg> zmk: zmk_hid_mouse_movement_set: Mouse movement set to 87/49[0m
[00:00:10.705,780] [0m<dbg> zmk: zmk_hid_mouse_scroll_set: Mouse scroll set to 0/0[0m
[00:00:10.705,780] [0m<dbg> zmk: zmk_hid_mouse_movement_set: Mouse movement set to 0/0[0m
[00:00:10.713,073] [0m<dbg> zmk: apply_config: LISTENER INDEX: 0[0m
[00:00:10.713,195] [0m<dbg> zmk: scale_val: scaled 77 with 1/1 to 77 with remainder 0[0m
[00:00:10.713,256] [0m<dbg> zmk: apply_config: LISTENER INDEX: 0[0m
[00:00:10.713,256] [0m<dbg> zmk: scale_val: scaled 53 with 1/1 to 53 with remainder 0[0m
[00:00:10.713,287] [0m<dbg> zmk: zmk_hid_mouse_movement_set: Mouse movement set to 77/53[0m
[00:00:10.713,348] [0m<dbg> zmk: zmk_hid_mouse_scroll_set: Mouse scroll set to 0/0[0m
[00:00:10.713,348] [0m<dbg> zmk: zmk_hid_mouse_movement_set: Mouse movement set to 0/0[0m
[00:00:10.721,038] [0m<dbg> zmk: apply_config: LISTENER INDEX: 0[0m
[00:00:10.721,038] [0m<dbg> zmk: scale_val: scaled 67 with 1/1 to 67 with remainder 0[0m
[00:00:10.721,099] [0m<dbg> zmk: apply_config: LISTENER INDEX: 0[0m
[00:00:10.721,130] [0m<dbg> zmk: scale_val: scaled 57 with 1/1 to 57 with remainder 0[0m
[00:00:10.721,130] [0m<dbg> zmk: zmk_hid_mouse_movement_set: Mouse movement set to 67/57[0m
[00:00:10.721,191] [0m<dbg> zmk: zmk_hid_mouse_scroll_set: Mouse scroll set to 0/0[0m
[00:00:10.721,221] [0m<dbg> zmk: zmk_hid_mouse_movement_set: Mouse movement set to 0/0[0m
[00:00:10.729,827] [0m<dbg> zmk: apply_config: LISTENER INDEX: 0[0m
[00:00:10.729,858] [0m<dbg> zmk: scale_val: scaled 57 with 1/1 to 57 with remainder 0[0m
[00:00:10.729,888] [0m<dbg> zmk: apply_config: LISTENER INDEX: 0[0m
[00:00:10.729,919] [0m<dbg> zmk: scale_val: scaled 57 with 1/1 to 57 with remainder 0[0m
[00:00:10.729,949] [0m<dbg> zmk: zmk_hid_mouse_movement_set: Mouse movement set to 57/57[0m
[00:00:10.729,980] [0m<dbg> zmk: zmk_hid_mouse_scroll_set: Mouse scroll set to 0/0[0m
[00:00:10.730,010] [0m<dbg> zmk: zmk_hid_mouse_movement_set: Mouse movement set to 0/0[0m
[00:00:10.737,884] [0m<dbg> zmk: apply_config: LISTENER INDEX: 0[0m
[00:00:10.737,915] [0m<dbg> zmk: scale_val: scaled 49 with 1/1 to 49 with remainder 0[0m
[00:00:10.737,976] [0m<dbg> zmk: apply_config: LISTENER INDEX: 0[0m
[00:00:10.737,976] [0m<dbg> zmk: scale_val: scaled 67 with 1/1 to 67 with remainder 0[0m
[00:00:10.738,006] [0m<dbg> zmk: zmk_hid_mouse_movement_set: Mouse movement set to 49/67[0m
[00:00:10.738,067] [0m<dbg> zmk: zmk_hid_mouse_scroll_set: Mouse scroll set to 0/0[0m
[00:00:10.738,067] [0m<dbg> zmk: zmk_hid_mouse_movement_set: Mouse movement set to 0/0[0m
[00:00:10.746,063] [0m<dbg> zmk: apply_config: LISTENER INDEX: 0[0m
[00:00:10.746,093] [0m<dbg> zmk: scale_val: scaled 41 with 1/1 to 41 with remainder 0[0m
[00:00:10.746,185] [0m<dbg> zmk: apply_config: LISTENER INDEX: 0[0m
[00:00:10.746,215] [0m<dbg> zmk: scale_val: scaled 62 with 1/1 to 62 with remainder 0[0m
[00:00:10.746,215] [0m<dbg> zmk: zmk_hid_mouse_movement_set: Mouse movement set to 41/62[0m
[00:00:10.746,276] [0m<dbg> zmk: zmk_hid_mouse_scroll_set: Mouse scroll set to 0/0[0m
[00:00:10.746,276] [0m<dbg> zmk: zmk_hid_mouse_movement_set: Mouse movement set to 0/0[0m
[00:00:10.754,028] [0m<dbg> zmk: apply_config: LISTENER INDEX: 0[0m
[00:00:10.754,058] [0m<dbg> zmk: scale_val: scaled 30 with 1/1 to 30 with remainder 0[0m
[00:00:10.754,089] [0m<dbg> zmk: apply_config: LISTENER INDEX: 0[0m
[00:00:10.754,119] [0m<dbg> zmk: scale_val: scaled 62 with 1/1 to 62 with remainder 0[0m
[00:00:10.754,150] [0m<dbg> zmk: zmk_hid_mouse_movement_set: Mouse movement set to 30/62[0m
[00:00:10.754,180] [0m<dbg> zmk: zmk_hid_mouse_scroll_set: Mouse scroll set to 0/0[0m
[00:00:10.754,211] [0m<dbg> zmk: zmk_hid_mouse_movement_set: Mouse movement set to 0/0[0m
[00:00:10.762,054] [0m<dbg> zmk: apply_config: LISTENER INDEX: 0[0m
[00:00:10.762,084] [0m<dbg> zmk: scale_val: scaled 24 with 1/1 to 24 with remainder 0[0m
[00:00:10.762,115] [0m<dbg> zmk: apply_config: LISTENER INDEX: 0[0m
[00:00:10.762,145] [0m<dbg> zmk: scale_val: scaled 57 with 1/1 to 57 with remainder 0[0m
[00:00:10.762,176] [0m<dbg> zmk: zmk_hid_mouse_movement_set: Mouse movement set to 24/57[0m
[00:00:10.762,207] [0m<dbg> zmk: zmk_hid_mouse_scroll_set: Mouse scroll set to 0/0[0m
[00:00:10.762,237] [0m<dbg> zmk: zmk_hid_mouse_movement_set: Mouse movement set to 0/0[0m
[00:00:10.769,348] [0m<dbg> zmk: apply_config: LISTENER INDEX: 0[0m
[00:00:10.769,378] [0m<dbg> zmk: scale_val: scaled 13 with 1/1 to 13 with remainder 0[0m
[00:00:10.769,439] [0m<dbg> zmk: apply_config: LISTENER INDEX: 0[0m
[00:00:10.769,439] [0m<dbg> zmk: scale_val: scaled 45 with 1/1 to 45 with remainder 0[0m
[00:00:10.769,470] [0m<dbg> zmk: zmk_hid_mouse_movement_set: Mouse movement set to 13/45[0m
[00:00:10.769,531] [0m<dbg> zmk: zmk_hid_mouse_scroll_set: Mouse scroll set to 0/0[0m
[00:00:10.769,531] [0m<dbg> zmk: zmk_hid_mouse_movement_set: Mouse movement set to 0/0[0m
[00:00:10.777,404] [0m<dbg> zmk: apply_config: LISTENER INDEX: 0[0m
[00:00:10.777,404] [0m<dbg> zmk: scale_val: scaled 9 with 1/1 to 9 with remainder 0[0m
[00:00:10.777,465] [0m<dbg> zmk: apply_config: LISTENER INDEX: 0[0m
[00:00:10.777,496] [0m<dbg> zmk: scale_val: scaled 33 with 1/1 to 33 with remainder 0[0m
[00:00:10.777,496] [0m<dbg> zmk: zmk_hid_mouse_movement_set: Mouse movement set to 9/33[0m
[00:00:10.777,557] [0m<dbg> zmk: zmk_hid_mouse_scroll_set: Mouse scroll set to 0/0[0m
[00:00:10.777,557] [0m<dbg> zmk: zmk_hid_mouse_movement_set: Mouse movement set to 0/0[0m
[00:00:10.786,224] [0m<dbg> zmk: apply_config: LISTENER INDEX: 0[0m
[00:00:10.786,254] [0m<dbg> zmk: scale_val: scaled 7 with 1/1 to 7 with remainder 0[0m
[00:00:10.786,285] [0m<dbg> zmk: apply_config: LISTENER INDEX: 0[0m
[00:00:10.786,315] [0m<dbg> zmk: scale_val: scaled 24 with 1/1 to 24 with remainder 0[0m
[00:00:10.786,346] [0m<dbg> zmk: zmk_hid_mouse_movement_set: Mouse movement set to 7/24[0m
[00:00:10.786,376] [0m<dbg> zmk: zmk_hid_mouse_scroll_set: Mouse scroll set to 0/0[0m
[00:00:10.786,407] [0m<dbg> zmk: zmk_hid_mouse_movement_set: Mouse movement set to 0/0[0m
[00:00:10.825,805] [0m<dbg> zmk: apply_config: LISTENER INDEX: 0[0m
[00:00:10.825,805] [0m<dbg> zmk: scale_val: scaled -15 with 1/1 to -15 with remainder 0[0m
[00:00:10.825,866] [0m<dbg> zmk: apply_config: LISTENER INDEX: 0[0m
[00:00:10.825,897] [0m<dbg> zmk: scale_val: scaled 0 with 1/1 to 0 with remainder 0[0m
[00:00:10.825,897] [0m<dbg> zmk: zmk_hid_mouse_movement_set: Mouse movement set to -15/0[0m
[00:00:10.825,958] [0m<dbg> zmk: zmk_hid_mouse_scroll_set: Mouse scroll set to 0/0[0m
[00:00:10.825,988] [0m<dbg> zmk: zmk_hid_mouse_movement_set: Mouse movement set to 0/0[0m
[00:00:10.833,862] [0m<dbg> zmk: apply_config: LISTENER INDEX: 0[0m
[00:00:10.833,862] [0m<dbg> zmk: scale_val: scaled -37 with 1/1 to -37 with remainder 0[0m
[00:00:10.833,923] [0m<dbg> zmk: apply_config: LISTENER INDEX: 0[0m
[00:00:10.833,953] [0m<dbg> zmk: scale_val: scaled -2 with 1/1 to -2 with remainder 0[0m
[00:00:10.833,984] [0m<dbg> zmk: zmk_hid_mouse_movement_set: Mouse movement set to -37/-2[0m
[00:00:10.834,014] [0m<dbg> zmk: zmk_hid_mouse_scroll_set: Mouse scroll set to 0/0[0m
[00:00:10.834,045] [0m<dbg> zmk: zmk_hid_mouse_movement_set: Mouse movement set to 0/0[0m
[00:00:10.841,888] [0m<dbg> zmk: apply_config: LISTENER INDEX: 0[0m
[00:00:10.841,918] [0m<dbg> zmk: scale_val: scaled -72 with 1/1 to -72 with remainder 0[0m
[00:00:10.841,949] [0m<dbg> zmk: apply_config: LISTENER INDEX: 0[0m
[00:00:10.841,979] [0m<dbg> zmk: scale_val: scaled -2 with 1/1 to -2 with remainder 0[0m
[00:00:10.842,010] [0m<dbg> zmk: zmk_hid_mouse_movement_set: Mouse movement set to -72/-2[0m
[00:00:10.842,041] [0m<dbg> zmk: zmk_hid_mouse_scroll_set: Mouse scroll set to 0/0[0m
[00:00:10.842,376] [0m<dbg> zmk: zmk_hid_mouse_movement_set: Mouse movement set to 0/0[0m
[00:00:10.849,945] [0m<dbg> zmk: apply_config: LISTENER INDEX: 0[0m
[00:00:10.849,975] [0m<dbg> zmk: scale_val: scaled -93 with 1/1 to -93 with remainder 0[0m
[00:00:10.850,036] [0m<dbg> zmk: apply_config: LISTENER INDEX: 0[0m
[00:00:10.850,036] [0m<dbg> zmk: scale_val: scaled -7 with 1/1 to -7 with remainder 0[0m
[00:00:10.850,067] [0m<dbg> zmk: zmk_hid_mouse_movement_set: Mouse movement set to -93/-7[0m
[00:00:10.850,128] [0m<dbg> zmk: zmk_hid_mouse_scroll_set: Mouse scroll set to 0/0[0m
[00:00:10.850,128] [0m<dbg> zmk: zmk_hid_mouse_movement_set: Mouse movement set to 0/0[0m
[00:00:10.858,062] [0m<dbg> zmk: apply_config: LISTENER INDEX: 0[0m
[00:00:10.858,184] [0m<dbg> zmk: scale_val: scaled -123 with 1/1 to -123 with remainder 0[0m
[00:00:10.858,245] [0m<dbg> zmk: apply_config: LISTENER INDEX: 0[0m
[00:00:10.858,276] [0m<dbg> zmk: scale_val: scaled -7 with 1/1 to -7 with remainder 0[0m
[00:00:10.858,276] [0m<dbg> zmk: zmk_hid_mouse_movement_set: Mouse movement set to -123/-7[0m
[00:00:10.858,337] [0m<dbg> zmk: zmk_hid_mouse_scroll_set: Mouse scroll set to 0/0[0m
[00:00:10.858,367] [0m<dbg> zmk: zmk_hid_mouse_movement_set: Mouse movement set to 0/0[0m
[00:00:10.866,333] [0m<dbg> zmk: apply_config: LISTENER INDEX: 0[0m
[00:00:10.866,333] [0m<dbg> zmk: scale_val: scaled -158 with 1/1 to -158 with remainder 0[0m
[00:00:10.866,394] [0m<dbg> zmk: apply_config: LISTENER INDEX: 0[0m
[00:00:10.866,424] [0m<dbg> zmk: scale_val: scaled -9 with 1/1 to -9 with remainder 0[0m
[00:00:10.866,424] [0m<dbg> zmk: zmk_hid_mouse_movement_set: Mouse movement set to -158/-9[0m
[00:00:10.866,485] [0m<dbg> zmk: zmk_hid_mouse_scroll_set: Mouse scroll set to 0/0[0m
[00:00:10.866,485] [0m<dbg> zmk: zmk_hid_mouse_movement_set: Mouse movement set to 0/0[0m
[00:00:10.874,176] [0m<dbg> zmk: apply_config: LISTENER INDEX: 0[0m
[00:00:10.874,176] [0m<dbg> zmk: scale_val: scaled -173 with 1/1 to -173 with remainder 0[0m
[00:00:10.874,237] [0m<dbg> zmk: apply_config: LISTENER INDEX: 0[0m
[00:00:10.874,267] [0m<dbg> zmk: scale_val: scaled -7 with 1/1 to -7 with remainder 0[0m
[00:00:10.874,267] [0m<dbg> zmk: zmk_hid_mouse_movement_set: Mouse movement set to -173/-7[0m
[00:00:10.874,328] [0m<dbg> zmk: zmk_hid_mouse_scroll_set: Mouse scroll set to 0/0[0m
[00:00:10.874,359] [0m<dbg> zmk: zmk_hid_mouse_movement_set: Mouse movement set to 0/0[0m
[00:00:10.882,232] [0m<dbg> zmk: apply_config: LISTENER INDEX: 0[0m
[00:00:10.882,232] [0m<dbg> zmk: scale_val: scaled -197 with 1/1 to -197 with remainder 0[0m
[00:00:10.882,293] [0m<dbg> zmk: apply_config: LISTENER INDEX: 0[0m
[00:00:10.882,324] [0m<dbg> zmk: scale_val: scaled -9 with 1/1 to -9 with remainder 0[0m
[00:00:10.882,354] [0m<dbg> zmk: zmk_hid_mouse_movement_set: Mouse movement set to -197/-9[0m
[00:00:10.882,385] [0m<dbg> zmk: zmk_hid_mouse_scroll_set: Mouse scroll set to 0/0[0m
[00:00:10.882,415] [0m<dbg> zmk: zmk_hid_mouse_movement_set: Mouse movement set to 0/0[0m
[00:00:10.890,319] [0m<dbg> zmk: apply_config: LISTENER INDEX: 0[0m
[00:00:10.890,319] [0m<dbg> zmk: scale_val: scaled -205 with 1/1 to -205 with remainder 0[0m
[00:00:10.890,380] [0m<dbg> zmk: apply_config: LISTENER INDEX: 0[0m
[00:00:10.890,411] [0m<dbg> zmk: scale_val: scaled -9 with 1/1 to -9 with remainder 0[0m
[00:00:10.890,411] [0m<dbg> zmk: zmk_hid_mouse_movement_set: Mouse movement set to -205/-9[0m
[00:00:10.890,655] [0m<dbg> zmk: zmk_hid_mouse_scroll_set: Mouse scroll set to 0/0[0m
[00:00:10.890,655] [0m<dbg> zmk: zmk_hid_mouse_movement_set: Mouse movement set to 0/0[0m
[00:00:10.898,345] [0m<dbg> zmk: apply_config: LISTENER INDEX: 0[0m
[00:00:10.898,345] [0m<dbg> zmk: scale_val: scaled -181 with 1/1 to -181 with remainder 0[0m
[00:00:10.898,406] [0m<dbg> zmk: apply_config: LISTENER INDEX: 0[0m
[00:00:10.898,437] [0m<dbg> zmk: scale_val: scaled -11 with 1/1 to -11 with remainder 0[0m
[00:00:10.898,437] [0m<dbg> zmk: zmk_hid_mouse_movement_set: Mouse movement set to -181/-11[0m
[00:00:10.898,498] [0m<dbg> zmk: zmk_hid_mouse_scroll_set: Mouse scroll set to 0/0[0m
[00:00:10.898,529] [0m<dbg> zmk: zmk_hid_mouse_movement_set: Mouse movement set to 0/0[0m
[00:00:10.906,463] [0m<dbg> zmk: apply_config: LISTENER INDEX: 0[0m
[00:00:10.906,494] [0m<dbg> zmk: scale_val: scaled -151 with 1/1 to -151 with remainder 0[0m
[00:00:10.906,555] [0m<dbg> zmk: apply_config: LISTENER INDEX: 0[0m
[00:00:10.906,555] [0m<dbg> zmk: scale_val: scaled -24 with 1/1 to -24 with remainder 0[0m
[00:00:10.906,585] [0m<dbg> zmk: zmk_hid_mouse_movement_set: Mouse movement set to -151/-24[0m
[00:00:10.906,646] [0m<dbg> zmk: zmk_hid_mouse_scroll_set: Mouse scroll set to 0/0[0m
[00:00:10.906,646] [0m<dbg> zmk: zmk_hid_mouse_movement_set: Mouse movement set to 0/0[0m
[00:00:10.914,611] [0m<dbg> zmk: apply_config: LISTENER INDEX: 0[0m
[00:00:10.914,672] [0m<dbg> zmk: scale_val: scaled -111 with 1/1 to -111 with remainder 0[0m
[00:00:10.914,733] [0m<dbg> zmk: apply_config: LISTENER INDEX: 0[0m
[00:00:10.914,764] [0m<dbg> zmk: scale_val: scaled -33 with 1/1 to -33 with remainder 0[0m
[00:00:10.914,764] [0m<dbg> zmk: zmk_hid_mouse_movement_set: Mouse movement set to -111/-33[0m
[00:00:10.914,825] [0m<dbg> zmk: zmk_hid_mouse_scroll_set: Mouse scroll set to 0/0[0m
[00:00:10.914,855] [0m<dbg> zmk: zmk_hid_mouse_movement_set: Mouse movement set to 0/0[0m
[00:00:10.922,546] [0m<dbg> zmk: apply_config: LISTENER INDEX: 0[0m
[00:00:10.922,576] [0m<dbg> zmk: scale_val: scaled -77 with 1/1 to -77 with remainder 0[0m
[00:00:10.922,607] [0m<dbg> zmk: apply_config: LISTENER INDEX: 0[0m
[00:00:10.922,637] [0m<dbg> zmk: scale_val: scaled -53 with 1/1 to -53 with remainder 0[0m
[00:00:10.922,668] [0m<dbg> zmk: zmk_hid_mouse_movement_set: Mouse movement set to -77/-53[0m
[00:00:10.922,698] [0m<dbg> zmk: zmk_hid_mouse_scroll_set: Mouse scroll set to 0/0[0m
[00:00:10.922,729] [0m<dbg> zmk: zmk_hid_mouse_movement_set: Mouse movement set to 0/0[0m
[00:00:10.930,603] [0m<dbg> zmk: apply_config: LISTENER INDEX: 0[0m
[00:00:10.930,633] [0m<dbg> zmk: scale_val: scaled -41 with 1/1 to -41 with remainder 0[0m
[00:00:10.930,694] [0m<dbg> zmk: apply_config: LISTENER INDEX: 0[0m
[00:00:10.930,725] [0m<dbg> zmk: scale_val: scaled -82 with 1/1 to -82 with remainder 0[0m
[00:00:10.930,725] [0m<dbg> zmk: zmk_hid_mouse_movement_set: Mouse movement set to -41/-82[0m
[00:00:10.930,786] [0m<dbg> zmk: zmk_hid_mouse_scroll_set: Mouse scroll set to 0/0[0m
[00:00:10.930,816] [0m<dbg> zmk: zmk_hid_mouse_movement_set: Mouse movement set to 0/0[0m
[00:00:10.938,659] [0m<dbg> zmk: apply_config: LISTENER INDEX: 0[0m
[00:00:10.938,659] [0m<dbg> zmk: scale_val: scaled -11 with 1/1 to -11 with remainder 0[0m
[00:00:10.938,720] [0m<dbg> zmk: apply_config: LISTENER INDEX: 0[0m
[00:00:10.938,751] [0m<dbg> zmk: scale_val: scaled -111 with 1/1 to -111 with remainder 0[0m
[00:00:10.938,751] [0m<dbg> zmk: zmk_hid_mouse_movement_set: Mouse movement set to -11/-111[0m
[00:00:10.938,812] [0m<dbg> zmk: zmk_hid_mouse_scroll_set: Mouse scroll set to 0/0[0m
[00:00:10.938,842] [0m<dbg> zmk: zmk_hid_mouse_movement_set: Mouse movement set to 0/0[0m
[00:00:10.946,716] [0m<dbg> zmk: apply_config: LISTENER INDEX: 0[0m
[00:00:10.946,716] [0m<dbg> zmk: scale_val: scaled 0 with 1/1 to 0 with remainder 0[0m
[00:00:10.946,777] [0m<dbg> zmk: apply_config: LISTENER INDEX: 0[0m
[00:00:10.946,807] [0m<dbg> zmk: scale_val: scaled -123 with 1/1 to -123 with remainder 0[0m
[00:00:10.946,807] [0m<dbg> zmk: zmk_hid_mouse_movement_set: Mouse movement set to 0/-123[0m
[00:00:10.946,868] [0m<dbg> zmk: zmk_hid_mouse_scroll_set: Mouse scroll set to 0/0[0m
[00:00:10.946,899] [0m<dbg> zmk: zmk_hid_mouse_movement_set: Mouse movement set to 0/0[0m
[00:00:10.954,772] [0m<dbg> zmk: apply_config: LISTENER INDEX: 0[0m
[00:00:10.954,803] [0m<dbg> zmk: scale_val: scaled 13 with 1/1 to 13 with remainder 0[0m
[00:00:10.954,833] [0m<dbg> zmk: apply_config: LISTENER INDEX: 0[0m
[00:00:10.954,864] [0m<dbg> zmk: scale_val: scaled -151 with 1/1 to -151 with remainder 0[0m
[00:00:10.954,895] [0m<dbg> zmk: zmk_hid_mouse_movement_set: Mouse movement set to 13/-151[0m
[00:00:10.954,925] [0m<dbg> zmk: zmk_hid_mouse_scroll_set: Mouse scroll set to 0/0[0m
[00:00:10.954,956] [0m<dbg> zmk: zmk_hid_mouse_movement_set: Mouse movement set to 0/0[0m
[00:00:10.962,829] [0m<dbg> zmk: apply_config: LISTENER INDEX: 0[0m
[00:00:10.962,860] [0m<dbg> zmk: scale_val: scaled 45 with 1/1 to 45 with remainder 0[0m
[00:00:10.962,921] [0m<dbg> zmk: apply_config: LISTENER INDEX: 0[0m
[00:00:10.962,921] [0m<dbg> zmk: scale_val: scaled -189 with 1/1 to -189 with remainder 0[0m
[00:00:10.962,951] [0m<dbg> zmk: zmk_hid_mouse_movement_set: Mouse movement set to 45/-189[0m
[00:00:10.963,012] [0m<dbg> zmk: zmk_hid_mouse_scroll_set: Mouse scroll set to 0/0[0m
[00:00:10.963,012] [0m<dbg> zmk: zmk_hid_mouse_movement_set: Mouse movement set to 0/0[0m
[00:00:10.971,038] [0m<dbg> zmk: apply_config: LISTENER INDEX: 0[0m
[00:00:10.971,038] [0m<dbg> zmk: scale_val: scaled 77 with 1/1 to 77 with remainder 0[0m
[00:00:10.971,099] [0m<dbg> zmk: apply_config: LISTENER INDEX: 0[0m
[00:00:10.971,130] [0m<dbg> zmk: scale_val: scaled -222 with 1/1 to -222 with remainder 0[0m
[00:00:10.971,130] [0m<dbg> zmk: zmk_hid_mouse_movement_set: Mouse movement set to 77/-222[0m
[00:00:10.971,191] [0m<dbg> zmk: zmk_hid_mouse_scroll_set: Mouse scroll set to 0/0[0m
[00:00:10.971,221] [0m<dbg> zmk: zmk_hid_mouse_movement_set: Mouse movement set to 0/0[0m
[00:00:10.978,973] [0m<dbg> zmk: apply_config: LISTENER INDEX: 0[0m
[00:00:10.978,973] [0m<dbg> zmk: scale_val: scaled 77 with 1/1 to 77 with remainder 0[0m
[00:00:10.979,034] [0m<dbg> zmk: apply_config: LISTENER INDEX: 0[0m
[00:00:10.979,064] [0m<dbg> zmk: scale_val: scaled -165 with 1/1 to -165 with remainder 0[0m
[00:00:10.979,095] [0m<dbg> zmk: zmk_hid_mouse_movement_set: Mouse movement set to 77/-165[0m
[00:00:10.979,125] [0m<dbg> zmk: zmk_hid_mouse_scroll_set: Mouse scroll set to 0/0[0m
[00:00:10.979,156] [0m<dbg> zmk: zmk_hid_mouse_movement_set: Mouse movement set to 0/0[0m
[00:00:10.987,030] [0m<dbg> zmk: apply_config: LISTENER INDEX: 0[0m
[00:00:10.987,030] [0m<dbg> zmk: scale_val: scaled 82 with 1/1 to 82 with remainder 0[0m
[00:00:10.987,091] [0m<dbg> zmk: apply_config: LISTENER INDEX: 0[0m
[00:00:10.987,121] [0m<dbg> zmk: scale_val: scaled -151 with 1/1 to -151 with remainder 0[0m
[00:00:10.987,121] [0m<dbg> zmk: zmk_hid_mouse_movement_set: Mouse movement set to 82/-151[0m
[00:00:10.987,182] [0m<dbg> zmk: zmk_hid_mouse_scroll_set: Mouse scroll set to 0/0[0m
[00:00:10.987,213] [0m<dbg> zmk: zmk_hid_mouse_movement_set: Mouse movement set to 0/0[0m
[00:00:10.995,086] [0m<dbg> zmk: apply_config: LISTENER INDEX: 0[0m
[00:00:10.995,117] [0m<dbg> zmk: scale_val: scaled 99 with 1/1 to 99 with remainder 0[0m
[00:00:10.995,178] [0m<dbg> zmk: apply_config: LISTENER INDEX: 0[0m
[00:00:10.995,269] [0m<dbg> zmk: scale_val: scaled -117 with 1/1 to -117 with remainder 0[0m
[00:00:10.995,269] [0m<dbg> zmk: zmk_hid_mouse_movement_set: Mouse movement set to 99/-117[0m
[00:00:10.995,330] [0m<dbg> zmk: zmk_hid_mouse_scroll_set: Mouse scroll set to 0/0[0m
[00:00:10.995,330] [0m<dbg> zmk: zmk_hid_mouse_movement_set: Mouse movement set to 0/0[0m
[00:00:11.003,173] [0m<dbg> zmk: apply_config: LISTENER INDEX: 0[0m
[00:00:11.003,204] [0m<dbg> zmk: scale_val: scaled 93 with 1/1 to 93 with remainder 0[0m
[00:00:11.003,234] [0m<dbg> zmk: apply_config: LISTENER INDEX: 0[0m
[00:00:11.003,265] [0m<dbg> zmk: scale_val: scaled -93 with 1/1 to -93 with remainder 0[0m
[00:00:11.003,295] [0m<dbg> zmk: zmk_hid_mouse_movement_set: Mouse movement set to 93/-93[0m
[00:00:11.003,326] [0m<dbg> zmk: zmk_hid_mouse_scroll_set: Mouse scroll set to 0/0[0m
[00:00:11.003,356] [0m<dbg> zmk: zmk_hid_mouse_movement_set: Mouse movement set to 0/0[0m
[00:00:11.011,199] [0m<dbg> zmk: apply_config: LISTENER INDEX: 0[0m
[00:00:11.011,230] [0m<dbg> zmk: scale_val: scaled 99 with 1/1 to 99 with remainder 0[0m
[00:00:11.011,260] [0m<dbg> zmk: apply_config: LISTENER INDEX: 0[0m
[00:00:11.011,291] [0m<dbg> zmk: scale_val: scaled -62 with 1/1 to -62 with remainder 0[0m
[00:00:11.011,291] [0m<dbg> zmk: zmk_hid_mouse_movement_set: Mouse movement set to 99/-62[0m
[00:00:11.011,352] [0m<dbg> zmk: zmk_hid_mouse_scroll_set: Mouse scroll set to 0/0[0m
[00:00:11.011,383] [0m<dbg> zmk: zmk_hid_mouse_movement_set: Mouse movement set to 0/0[0m
[00:00:11.019,287] [0m<dbg> zmk: apply_config: LISTENER INDEX: 0[0m
[00:00:11.019,317] [0m<dbg> zmk: scale_val: scaled 105 with 1/1 to 105 with remainder 0[0m
[00:00:11.019,378] [0m<dbg> zmk: apply_config: LISTENER INDEX: 0[0m
[00:00:11.019,378] [0m<dbg> zmk: scale_val: scaled -45 with 1/1 to -45 with remainder 0[0m
[00:00:11.019,409] [0m<dbg> zmk: zmk_hid_mouse_movement_set: Mouse movement set to 105/-45[0m
[00:00:11.019,470] [0m<dbg> zmk: zmk_hid_mouse_scroll_set: Mouse scroll set to 0/0[0m
[00:00:11.019,470] [0m<dbg> zmk: zmk_hid_mouse_movement_set: Mouse movement set to 0/0[0m
[00:00:11.027,343] [0m<dbg> zmk: apply_config: LISTENER INDEX: 0[0m
[00:00:11.027,374] [0m<dbg> zmk: scale_val: scaled 99 with 1/1 to 99 with remainder 0[0m
[00:00:11.027,404] [0m<dbg> zmk: apply_config: LISTENER INDEX: 0[0m
[00:00:11.027,435] [0m<dbg> zmk: scale_val: scaled -30 with 1/1 to -30 with remainder 0[0m
[00:00:11.027,465] [0m<dbg> zmk: zmk_hid_mouse_movement_set: Mouse movement set to 99/-30[0m
[00:00:11.027,496] [0m<dbg> zmk: zmk_hid_mouse_scroll_set: Mouse scroll set to 0/0[0m
[00:00:11.027,526] [0m<dbg> zmk: zmk_hid_mouse_movement_set: Mouse movement set to 0/0[0m
[00:00:11.035,400] [0m<dbg> zmk: apply_config: LISTENER INDEX: 0[0m
[00:00:11.035,400] [0m<dbg> zmk: scale_val: scaled 99 with 1/1 to 99 with remainder 0[0m
[00:00:11.035,461] [0m<dbg> zmk: apply_config: LISTENER INDEX: 0[0m
[00:00:11.035,491] [0m<dbg> zmk: scale_val: scaled -24 with 1/1 to -24 with remainder 0[0m
[00:00:11.035,522] [0m<dbg> zmk: zmk_hid_mouse_movement_set: Mouse movement set to 99/-24[0m
[00:00:11.035,552] [0m<dbg> zmk: zmk_hid_mouse_scroll_set: Mouse scroll set to 0/0[0m
[00:00:11.035,583] [0m<dbg> zmk: zmk_hid_mouse_movement_set: Mouse movement set to 0/0[0m
[00:00:11.043,426] [0m<dbg> zmk: apply_config: LISTENER INDEX: 0[0m
[00:00:11.043,457] [0m<dbg> zmk: scale_val: scaled 111 with 1/1 to 111 with remainder 0[0m
[00:00:11.043,518] [0m<dbg> zmk: apply_config: LISTENER INDEX: 0[0m
[00:00:11.043,518] [0m<dbg> zmk: scale_val: scaled -15 with 1/1 to -15 with remainder 0[0m
[00:00:11.043,548] [0m<dbg> zmk: zmk_hid_mouse_movement_set: Mouse movement set to 111/-15[0m
[00:00:11.043,609] [0m<dbg> zmk: zmk_hid_mouse_scroll_set: Mouse scroll set to 0/0[0m
[00:00:11.043,609] [0m<dbg> zmk: zmk_hid_mouse_movement_set: Mouse movement set to 0/0[0m
[00:00:11.051,513] [0m<dbg> zmk: apply_config: LISTENER INDEX: 0[0m
[00:00:11.051,513] [0m<dbg> zmk: scale_val: scaled 123 with 1/1 to 123 with remainder 0[0m
[00:00:11.051,574] [0m<dbg> zmk: apply_config: LISTENER INDEX: 0[0m
[00:00:11.051,605] [0m<dbg> zmk: scale_val: scaled -15 with 1/1 to -15 with remainder 0[0m
[00:00:11.051,605] [0m<dbg> zmk: zmk_hid_mouse_movement_set: Mouse movement set to 123/-15[0m
[00:00:11.051,666] [0m<dbg> zmk: zmk_hid_mouse_scroll_set: Mouse scroll set to 0/0[0m
[00:00:11.051,666] [0m<dbg> zmk: zmk_hid_mouse_movement_set: Mouse movement set to 0/0[0m
[00:00:11.059,570] [0m<dbg> zmk: apply_config: LISTENER INDEX: 0[0m
[00:00:11.059,570] [0m<dbg> zmk: scale_val: scaled 151 with 1/1 to 151 with remainder 0[0m
[00:00:11.059,631] [0m<dbg> zmk: apply_config: LISTENER INDEX: 0[0m
[00:00:11.059,661] [0m<dbg> zmk: scale_val: scaled -11 with 1/1 to -11 with remainder 0[0m
[00:00:11.059,661] [0m<dbg> zmk: zmk_hid_mouse_movement_set: Mouse movement set to 151/-11[0m
[00:00:11.059,722] [0m<dbg> zmk: zmk_hid_mouse_scroll_set: Mouse scroll set to 0/0[0m
[00:00:11.059,722] [0m<dbg> zmk: zmk_hid_mouse_movement_set: Mouse movement set to 0/0[0m
[00:00:11.067,626] [0m<dbg> zmk: apply_config: LISTENER INDEX: 0[0m
[00:00:11.067,657] [0m<dbg> zmk: scale_val: scaled 165 with 1/1 to 165 with remainder 0[0m
[00:00:11.067,687] [0m<dbg> zmk: apply_config: LISTENER INDEX: 0[0m
[00:00:11.067,718] [0m<dbg> zmk: scale_val: scaled -7 with 1/1 to -7 with remainder 0[0m
[00:00:11.067,749] [0m<dbg> zmk: zmk_hid_mouse_movement_set: Mouse movement set to 165/-7[0m
[00:00:11.067,779] [0m<dbg> zmk: zmk_hid_mouse_scroll_set: Mouse scroll set to 0/0[0m
[00:00:11.067,810] [0m<dbg> zmk: zmk_hid_mouse_movement_set: Mouse movement set to 0/0[0m
[00:00:11.076,049] [0m<dbg> zmk: apply_config: LISTENER INDEX: 0[0m
[00:00:11.076,049] [0m<dbg> zmk: scale_val: scaled 158 with 1/1 to 158 with remainder 0[0m
[00:00:11.076,110] [0m<dbg> zmk: apply_config: LISTENER INDEX: 0[0m
[00:00:11.076,141] [0m<dbg> zmk: scale_val: scaled -2 with 1/1 to -2 with remainder 0[0m
[00:00:11.076,141] [0m<dbg> zmk: zmk_hid_mouse_movement_set: Mouse movement set to 158/-2[0m
[00:00:11.076,202] [0m<dbg> zmk: zmk_hid_mouse_scroll_set: Mouse scroll set to 0/0[0m
[00:00:11.076,232] [0m<dbg> zmk: zmk_hid_mouse_movement_set: Mouse movement set to 0/0[0m
[00:00:11.083,770] [0m<dbg> zmk: apply_config: LISTENER INDEX: 0[0m
[00:00:11.083,770] [0m<dbg> zmk: scale_val: scaled 165 with 1/1 to 165 with remainder 0[0m
[00:00:11.083,831] [0m<dbg> zmk: apply_config: LISTENER INDEX: 0[0m
[00:00:11.083,862] [0m<dbg> zmk: scale_val: scaled 0 with 1/1 to 0 with remainder 0[0m
[00:00:11.083,892] [0m<dbg> zmk: zmk_hid_mouse_movement_set: Mouse movement set to 165/0[0m
[00:00:11.083,923] [0m<dbg> zmk: zmk_hid_mouse_scroll_set: Mouse scroll set to 0/0[0m
[00:00:11.083,953] [0m<dbg> zmk: zmk_hid_mouse_movement_set: Mouse movement set to 0/0[0m
[00:00:11.091,796] [0m<dbg> zmk: apply_config: LISTENER INDEX: 0[0m
[00:00:11.091,827] [0m<dbg> zmk: scale_val: scaled 151 with 1/1 to 151 with remainder 0[0m
[00:00:11.091,888] [0m<dbg> zmk: apply_config: LISTENER INDEX: 0[0m
[00:00:11.091,888] [0m<dbg> zmk: scale_val: scaled 2 with 1/1 to 2 with remainder 0[0m
[00:00:11.091,918] [0m<dbg> zmk: zmk_hid_mouse_movement_set: Mouse movement set to 151/2[0m
[00:00:11.092,102] [0m<dbg> zmk: zmk_hid_mouse_scroll_set: Mouse scroll set to 0/0[0m
[00:00:11.092,193] [0m<dbg> zmk: zmk_hid_mouse_movement_set: Mouse movement set to 0/0[0m
[00:00:11.099,853] [0m<dbg> zmk: apply_config: LISTENER INDEX: 0[0m
[00:00:11.099,884] [0m<dbg> zmk: scale_val: scaled 130 with 1/1 to 130 with remainder 0[0m
[00:00:11.099,914] [0m<dbg> zmk: apply_config: LISTENER INDEX: 0[0m
[00:00:11.099,945] [0m<dbg> zmk: scale_val: scaled 7 with 1/1 to 7 with remainder 0[0m
[00:00:11.099,975] [0m<dbg> zmk: zmk_hid_mouse_movement_set: Mouse movement set to 130/7[0m
[00:00:11.100,036] [0m<dbg> zmk: zmk_hid_mouse_scroll_set: Mouse scroll set to 0/0[0m
[00:00:11.100,067] [0m<dbg> zmk: zmk_hid_mouse_movement_set: Mouse movement set to 0/0[0m
[00:00:11.107,971] [0m<dbg> zmk: apply_config: LISTENER INDEX: 0[0m
[00:00:11.107,971] [0m<dbg> zmk: scale_val: scaled 130 with 1/1 to 130 with remainder 0[0m
[00:00:11.108,032] [0m<dbg> zmk: apply_config: LISTENER INDEX: 0[0m
[00:00:11.108,062] [0m<dbg> zmk: scale_val: scaled 13 with 1/1 to 13 with remainder 0[0m
[00:00:11.108,062] [0m<dbg> zmk: zmk_hid_mouse_movement_set: Mouse movement set to 130/13[0m
[00:00:11.108,123] [0m<dbg> zmk: zmk_hid_mouse_scroll_set: Mouse scroll set to 0/0[0m
[00:00:11.108,123] [0m<dbg> zmk: zmk_hid_mouse_movement_set: Mouse movement set to 0/0[0m
[00:00:11.115,997] [0m<dbg> zmk: apply_config: LISTENER INDEX: 0[0m
[00:00:11.116,027] [0m<dbg> zmk: scale_val: scaled 111 with 1/1 to 111 with remainder 0[0m
[00:00:11.116,058] [0m<dbg> zmk: apply_config: LISTENER INDEX: 0[0m
[00:00:11.116,088] [0m<dbg> zmk: scale_val: scaled 21 with 1/1 to 21 with remainder 0[0m
[00:00:11.116,119] [0m<dbg> zmk: zmk_hid_mouse_movement_set: Mouse movement set to 111/21[0m
[00:00:11.116,149] [0m<dbg> zmk: zmk_hid_mouse_scroll_set: Mouse scroll set to 0/0[0m
[00:00:11.116,180] [0m<dbg> zmk: zmk_hid_mouse_movement_set: Mouse movement set to 0/0[0m
[00:00:11.124,755] [0m<dbg> zmk: apply_config: LISTENER INDEX: 0[0m
[00:00:11.124,786] [0m<dbg> zmk: scale_val: scaled 72 with 1/1 to 72 with remainder 0[0m
[00:00:11.124,847] [0m<dbg> zmk: apply_config: LISTENER INDEX: 0[0m
[00:00:11.124,877] [0m<dbg> zmk: scale_val: scaled 13 with 1/1 to 13 with remainder 0[0m
[00:00:11.124,877] [0m<dbg> zmk: zmk_hid_mouse_movement_set: Mouse movement set to 72/13[0m
[00:00:11.124,938] [0m<dbg> zmk: zmk_hid_mouse_scroll_set: Mouse scroll set to 0/0[0m
[00:00:11.124,938] [0m<dbg> zmk: zmk_hid_mouse_movement_set: Mouse movement set to 0/0[0m
[00:00:11.132,843] [0m<dbg> zmk: apply_config: LISTENER INDEX: 0[0m
[00:00:11.132,843] [0m<dbg> zmk: scale_val: scaled 53 with 1/1 to 53 with remainder 0[0m
[00:00:11.132,904] [0m<dbg> zmk: apply_config: LISTENER INDEX: 0[0m
[00:00:11.132,934] [0m<dbg> zmk: scale_val: scaled 18 with 1/1 to 18 with remainder 0[0m
[00:00:11.132,965] [0m<dbg> zmk: zmk_hid_mouse_movement_set: Mouse movement set to 53/18[0m
[00:00:11.132,995] [0m<dbg> zmk: zmk_hid_mouse_scroll_set: Mouse scroll set to 0/0[0m
[00:00:11.133,026] [0m<dbg> zmk: zmk_hid_mouse_movement_set: Mouse movement set to 0/0[0m
[00:00:11.140,289] [0m<dbg> zmk: apply_config: LISTENER INDEX: 0[0m
[00:00:11.140,350] [0m<dbg> zmk: scale_val: scaled 41 with 1/1 to 41 with remainder 0[0m
[00:00:11.140,411] [0m<dbg> zmk: apply_config: LISTENER INDEX: 0[0m
[00:00:11.140,441] [0m<dbg> zmk: scale_val: scaled 24 with 1/1 to 24 with remainder 0[0m
[00:00:11.140,441] [0m<dbg> zmk: zmk_hid_mouse_movement_set: Mouse movement set to 41/24[0m
[00:00:11.140,502] [0m<dbg> zmk: zmk_hid_mouse_scroll_set: Mouse scroll set to 0/0[0m
[00:00:11.140,533] [0m<dbg> zmk: zmk_hid_mouse_movement_set: Mouse movement set to 0/0[0m
[00:00:11.148,193] [0m<dbg> zmk: apply_config: LISTENER INDEX: 0[0m
[00:00:11.148,193] [0m<dbg> zmk: scale_val: scaled 30 with 1/1 to 30 with remainder 0[0m
[00:00:11.148,254] [0m<dbg> zmk: apply_config: LISTENER INDEX: 0[0m
[00:00:11.148,284] [0m<dbg> zmk: scale_val: scaled 33 with 1/1 to 33 with remainder 0[0m
[00:00:11.148,284] [0m<dbg> zmk: zmk_hid_mouse_movement_set: Mouse movement set to 30/33[0m
[00:00:11.148,345] [0m<dbg> zmk: zmk_hid_mouse_scroll_set: Mouse scroll set to 0/0[0m
[00:00:11.148,376] [0m<dbg> zmk: zmk_hid_mouse_movement_set: Mouse movement set to 0/0[0m
[00:00:11.156,250] [0m<dbg> zmk: apply_config: LISTENER INDEX: 0[0m
[00:00:11.156,250] [0m<dbg> zmk: scale_val: scaled 18 with 1/1 to 18 with remainder 0[0m
[00:00:11.156,311] [0m<dbg> zmk: apply_config: LISTENER INDEX: 0[0m
[00:00:11.156,341] [0m<dbg> zmk: scale_val: scaled 37 with 1/1 to 37 with remainder 0[0m
[00:00:11.156,341] [0m<dbg> zmk: zmk_hid_mouse_movement_set: Mouse movement set to 18/37[0m
[00:00:11.156,402] [0m<dbg> zmk: zmk_hid_mouse_scroll_set: Mouse scroll set to 0/0[0m
[00:00:11.156,402] [0m<dbg> zmk: zmk_hid_mouse_movement_set: Mouse movement set to 0/0[0m
[00:00:11.164,306] [0m<dbg> zmk: apply_config: LISTENER INDEX: 0[0m
[00:00:11.164,306] [0m<dbg> zmk: scale_val: scaled 11 with 1/1 to 11 with remainder 0[0m
[00:00:11.164,367] [0m<dbg> zmk: apply_config: LISTENER INDEX: 0[0m
[00:00:11.164,398] [0m<dbg> zmk: scale_val: scaled 41 with 1/1 to 41 with remainder 0[0m
[00:00:11.164,398] [0m<dbg> zmk: zmk_hid_mouse_movement_set: Mouse movement set to 11/41[0m
[00:00:11.164,459] [0m<dbg> zmk: zmk_hid_mouse_scroll_set: Mouse scroll set to 0/0[0m
[00:00:11.164,459] [0m<dbg> zmk: zmk_hid_mouse_movement_set: Mouse movement set to 0/0[0m
[00:00:11.172,363] [0m<dbg> zmk: apply_config: LISTENER INDEX: 0[0m
[00:00:11.172,393] [0m<dbg> zmk: scale_val: scaled 7 with 1/1 to 7 with remainder 0[0m
[00:00:11.172,424] [0m<dbg> zmk: apply_config: LISTENER INDEX: 0[0m
[00:00:11.172,454] [0m<dbg> zmk: scale_val: scaled 41 with 1/1 to 41 with remainder 0[0m
[00:00:11.172,485] [0m<dbg> zmk: zmk_hid_mouse_movement_set: Mouse movement set to 7/41[0m
[00:00:11.172,515] [0m<dbg> zmk: zmk_hid_mouse_scroll_set: Mouse scroll set to 0/0[0m
[00:00:11.172,546] [0m<dbg> zmk: zmk_hid_mouse_movement_set: Mouse movement set to 0/0[0m
[00:00:11.180,450] [0m<dbg> zmk: apply_config: LISTENER INDEX: 0[0m
[00:00:11.180,480] [0m<dbg> zmk: scale_val: scaled 2 with 1/1 to 2 with remainder 0[0m
[00:00:11.180,511] [0m<dbg> zmk: apply_config: LISTENER INDEX: 0[0m
[00:00:11.180,541] [0m<dbg> zmk: scale_val: scaled 53 with 1/1 to 53 with remainder 0[0m
[00:00:11.180,572] [0m<dbg> zmk: zmk_hid_mouse_movement_set: Mouse movement set to 2/53[0m
[00:00:11.180,664] [0m<dbg> zmk: zmk_hid_mouse_scroll_set: Mouse scroll set to 0/0[0m
[00:00:11.180,664] [0m<dbg> zmk: zmk_hid_mouse_movement_set: Mouse movement set to 0/0[0m
[00:00:11.188,507] [0m<dbg> zmk: apply_config: LISTENER INDEX: 0[0m
[00:00:11.188,507] [0m<dbg> zmk: scale_val: scaled -7 with 1/1 to -7 with remainder 0[0m
[00:00:11.188,568] [0m<dbg> zmk: apply_config: LISTENER INDEX: 0[0m
[00:00:11.188,598] [0m<dbg> zmk: scale_val: scaled 57 with 1/1 to 57 with remainder 0[0m
[00:00:11.188,629] [0m<dbg> zmk: zmk_hid_mouse_movement_set: Mouse movement set to -7/57[0m
[00:00:11.188,659] [0m<dbg> zmk: zmk_hid_mouse_scroll_set: Mouse scroll set to 0/0[0m
[00:00:11.188,690] [0m<dbg> zmk: zmk_hid_mouse_movement_set: Mouse movement set to 0/0[0m
[00:00:11.197,296] [0m<dbg> zmk: apply_config: LISTENER INDEX: 0[0m
[00:00:11.197,296] [0m<dbg> zmk: scale_val: scaled -24 with 1/1 to -24 with remainder 0[0m
[00:00:11.197,357] [0m<dbg> zmk: apply_config: LISTENER INDEX: 0[0m
[00:00:11.197,387] [0m<dbg> zmk: scale_val: scaled 67 with 1/1 to 67 with remainder 0[0m
[00:00:11.197,387] [0m<dbg> zmk: zmk_hid_mouse_movement_set: Mouse movement set to -24/67[0m
[00:00:11.197,448] [0m<dbg> zmk: zmk_hid_mouse_scroll_set: Mouse scroll set to 0/0[0m
[00:00:11.197,479] [0m<dbg> zmk: zmk_hid_mouse_movement_set: Mouse movement set to 0/0[0m
[00:00:11.204,650] [0m<dbg> zmk: apply_config: LISTENER INDEX: 0[0m
[00:00:11.204,650] [0m<dbg> zmk: scale_val: scaled -27 with 1/1 to -27 with remainder 0[0m
[00:00:11.204,711] [0m<dbg> zmk: apply_config: LISTENER INDEX: 0[0m
[00:00:11.204,742] [0m<dbg> zmk: scale_val: scaled 49 with 1/1 to 49 with remainder 0[0m
[00:00:11.204,742] [0m<dbg> zmk: zmk_hid_mouse_movement_set: Mouse movement set to -27/49[0m
[00:00:11.204,803] [0m<dbg> zmk: zmk_hid_mouse_scroll_set: Mouse scroll set to 0/0[0m
[00:00:11.204,803] [0m<dbg> zmk: zmk_hid_mouse_movement_set: Mouse movement set to 0/0[0m
[00:00:11.212,707] [0m<dbg> zmk: apply_config: LISTENER INDEX: 0[0m
[00:00:11.212,738] [0m<dbg> zmk: scale_val: scaled -45 with 1/1 to -45 with remainder 0[0m
[00:00:11.212,799] [0m<dbg> zmk: apply_config: LISTENER INDEX: 0[0m
[00:00:11.212,799] [0m<dbg> zmk: scale_val: scaled 33 with 1/1 to 33 with remainder 0[0m
[00:00:11.212,829] [0m<dbg> zmk: zmk_hid_mouse_movement_set: Mouse movement set to -45/33[0m
[00:00:11.212,951] [0m<dbg> zmk: zmk_hid_mouse_scroll_set: Mouse scroll set to 0/0[0m
[00:00:11.212,982] [0m<dbg> zmk: zmk_hid_mouse_movement_set: Mouse movement set to 0/0[0m
[00:00:11.220,764] [0m<dbg> zmk: apply_config: LISTENER INDEX: 0[0m
[00:00:11.220,794] [0m<dbg> zmk: scale_val: scaled -72 with 1/1 to -72 with remainder 0[0m
[00:00:11.220,855] [0m<dbg> zmk: apply_config: LISTENER INDEX: 0[0m
[00:00:11.220,855] [0m<dbg> zmk: scale_val: scaled 30 with 1/1 to 30 with remainder 0[0m
[00:00:11.220,886] [0m<dbg> zmk: zmk_hid_mouse_movement_set: Mouse movement set to -72/30[0m
[00:00:11.220,916] [0m<dbg> zmk: zmk_hid_mouse_scroll_set: Mouse scroll set to 0/0[0m
[00:00:11.220,947] [0m<dbg> zmk: zmk_hid_mouse_movement_set: Mouse movement set to 0/0[0m
[00:00:11.228,820] [0m<dbg> zmk: apply_config: LISTENER INDEX: 0[0m
[00:00:11.228,851] [0m<dbg> zmk: scale_val: scaled -82 with 1/1 to -82 with remainder 0[0m
[00:00:11.228,912] [0m<dbg> zmk: apply_config: LISTENER INDEX: 0[0m
[00:00:11.228,912] [0m<dbg> zmk: scale_val: scaled 15 with 1/1 to 15 with remainder 0[0m
[00:00:11.228,942] [0m<dbg> zmk: zmk_hid_mouse_movement_set: Mouse movement set to -82/15[0m
[00:00:11.229,003] [0m<dbg> zmk: zmk_hid_mouse_scroll_set: Mouse scroll set to 0/0[0m
[00:00:11.229,003] [0m<dbg> zmk: zmk_hid_mouse_movement_set: Mouse movement set to 0/0[0m
[00:00:11.236,938] [0m<dbg> zmk: apply_config: LISTENER INDEX: 0[0m
[00:00:11.236,938] [0m<dbg> zmk: scale_val: scaled -123 with 1/1 to -123 with remainder 0[0m
[00:00:11.236,999] [0m<dbg> zmk: apply_config: LISTENER INDEX: 0[0m
[00:00:11.237,030] [0m<dbg> zmk: scale_val: scaled 13 with 1/1 to 13 with remainder 0[0m
[00:00:11.237,060] [0m<dbg> zmk: zmk_hid_mouse_movement_set: Mouse movement set to -123/13[0m
[00:00:11.237,091] [0m<dbg> zmk: zmk_hid_mouse_scroll_set: Mouse scroll set to 0/0[0m
[00:00:11.237,121] [0m<dbg> zmk: zmk_hid_mouse_movement_set: Mouse movement set to 0/0[0m
[00:00:11.244,934] [0m<dbg> zmk: apply_config: LISTENER INDEX: 0[0m
[00:00:11.244,964] [0m<dbg> zmk: scale_val: scaled -123 with 1/1 to -123 with remainder 0[0m
[00:00:11.245,025] [0m<dbg> zmk: apply_config: LISTENER INDEX: 0[0m
[00:00:11.245,025] [0m<dbg> zmk: scale_val: scaled 7 with 1/1 to 7 with remainder 0[0m
[00:00:11.245,056] [0m<dbg> zmk: zmk_hid_mouse_movement_set: Mouse movement set to -123/7[0m
[00:00:11.245,117] [0m<dbg> zmk: zmk_hid_mouse_scroll_set: Mouse scroll set to 0/0[0m
[00:00:11.245,117] [0m<dbg> zmk: zmk_hid_mouse_movement_set: Mouse movement set to 0/0[0m
[00:00:11.252,990] [0m<dbg> zmk: apply_config: LISTENER INDEX: 0[0m
[00:00:11.253,021] [0m<dbg> zmk: scale_val: scaled -130 with 1/1 to -130 with remainder 0[0m
[00:00:11.253,082] [0m<dbg> zmk: apply_config: LISTENER INDEX: 0[0m
[00:00:11.253,082] [0m<dbg> zmk: scale_val: scaled 2 with 1/1 to 2 with remainder 0[0m
[00:00:11.253,112] [0m<dbg> zmk: zmk_hid_mouse_movement_set: Mouse movement set to -130/2[0m
[00:00:11.253,295] [0m<dbg> zmk: zmk_hid_mouse_scroll_set: Mouse scroll set to 0/0[0m
[00:00:11.253,356] [0m<dbg> zmk: zmk_hid_mouse_movement_set: Mouse movement set to 0/0[0m
[00:00:11.261,077] [0m<dbg> zmk: apply_config: LISTENER INDEX: 0[0m
[00:00:11.261,077] [0m<dbg> zmk: scale_val: scaled -144 with 1/1 to -144 with remainder 0[0m
[00:00:11.261,138] [0m<dbg> zmk: apply_config: LISTENER INDEX: 0[0m
[00:00:11.261,169] [0m<dbg> zmk: scale_val: scaled 0 with 1/1 to 0 with remainder 0[0m
[00:00:11.261,169] [0m<dbg> zmk: zmk_hid_mouse_movement_set: Mouse movement set to -144/0[0m
[00:00:11.261,230] [0m<dbg> zmk: zmk_hid_mouse_scroll_set: Mouse scroll set to 0/0[0m
[00:00:11.261,230] [0m<dbg> zmk: zmk_hid_mouse_movement_set: Mouse movement set to 0/0[0m
[00:00:11.269,134] [0m<dbg> zmk: apply_config: LISTENER INDEX: 0[0m
[00:00:11.269,165] [0m<dbg> zmk: scale_val: scaled -123 with 1/1 to -123 with remainder 0[0m
[00:00:11.269,226] [0m<dbg> zmk: apply_config: LISTENER INDEX: 0[0m
[00:00:11.269,226] [0m<dbg> zmk: scale_val: scaled -2 with 1/1 to -2 with remainder 0[0m
[00:00:11.269,256] [0m<dbg> zmk: zmk_hid_mouse_movement_set: Mouse movement set to -123/-2[0m
[00:00:11.269,317] [0m<dbg> zmk: zmk_hid_mouse_scroll_set: Mouse scroll set to 0/0[0m
[00:00:11.269,317] [0m<dbg> zmk: zmk_hid_mouse_movement_set: Mouse movement set to 0/0[0m
[00:00:11.277,221] [0m<dbg> zmk: apply_config: LISTENER INDEX: 0[0m
[00:00:11.277,221] [0m<dbg> zmk: scale_val: scaled -111 with 1/1 to -111 with remainder 0[0m
[00:00:11.277,282] [0m<dbg> zmk: apply_config: LISTENER INDEX: 0[0m
[00:00:11.277,313] [0m<dbg> zmk: scale_val: scaled -11 with 1/1 to -11 with remainder 0[0m
[00:00:11.277,313] [0m<dbg> zmk: zmk_hid_mouse_movement_set: Mouse movement set to -111/-11[0m
[00:00:11.277,374] [0m<dbg> zmk: zmk_hid_mouse_scroll_set: Mouse scroll set to 0/0[0m
[00:00:11.277,404] [0m<dbg> zmk: zmk_hid_mouse_movement_set: Mouse movement set to 0/0[0m
[00:00:11.285,278] [0m<dbg> zmk: apply_config: LISTENER INDEX: 0[0m
[00:00:11.285,308] [0m<dbg> zmk: scale_val: scaled -82 with 1/1 to -82 with remainder 0[0m
[00:00:11.285,339] [0m<dbg> zmk: apply_config: LISTENER INDEX: 0[0m
[00:00:11.285,369] [0m<dbg> zmk: scale_val: scaled -30 with 1/1 to -30 with remainder 0[0m
[00:00:11.285,400] [0m<dbg> zmk: zmk_hid_mouse_movement_set: Mouse movement set to -82/-30[0m
[00:00:11.285,430] [0m<dbg> zmk: zmk_hid_mouse_scroll_set: Mouse scroll set to 0/0[0m
[00:00:11.285,461] [0m<dbg> zmk: zmk_hid_mouse_movement_set: Mouse movement set to 0/0[0m
[00:00:11.293,426] [0m<dbg> zmk: apply_config: LISTENER INDEX: 0[0m
[00:00:11.293,457] [0m<dbg> zmk: scale_val: scaled -57 with 1/1 to -57 with remainder 0[0m
[00:00:11.293,487] [0m<dbg> zmk: apply_config: LISTENER INDEX: 0[0m
[00:00:11.293,518] [0m<dbg> zmk: scale_val: scaled -67 with 1/1 to -67 with remainder 0[0m
[00:00:11.293,518] [0m<dbg> zmk: zmk_hid_mouse_movement_set: Mouse movement set to -57/-67[0m
[00:00:11.293,579] [0m<dbg> zmk: zmk_hid_mouse_scroll_set: Mouse scroll set to 0/0[0m
[00:00:11.293,731] [0m<dbg> zmk: zmk_hid_mouse_movement_set: Mouse movement set to 0/0[0m
[00:00:11.301,361] [0m<dbg> zmk: apply_config: LISTENER INDEX: 0[0m
[00:00:11.301,391] [0m<dbg> zmk: scale_val: scaled -33 with 1/1 to -33 with remainder 0[0m
[00:00:11.301,452] [0m<dbg> zmk: apply_config: LISTENER INDEX: 0[0m
[00:00:11.301,452] [0m<dbg> zmk: scale_val: scaled -117 with 1/1 to -117 with remainder 0[0m
[00:00:11.301,483] [0m<dbg> zmk: zmk_hid_mouse_movement_set: Mouse movement set to -33/-117[0m
[00:00:11.301,544] [0m<dbg> zmk: zmk_hid_mouse_scroll_set: Mouse scroll set to 0/0[0m
[00:00:11.301,544] [0m<dbg> zmk: zmk_hid_mouse_movement_set: Mouse movement set to 0/0[0m
[00:00:11.309,448] [0m<dbg> zmk: apply_config: LISTENER INDEX: 0[0m
[00:00:11.309,448] [0m<dbg> zmk: scale_val: scaled -18 with 1/1 to -18 with remainder 0[0m
[00:00:11.309,509] [0m<dbg> zmk: apply_config: LISTENER INDEX: 0[0m
[00:00:11.309,539] [0m<dbg> zmk: scale_val: scaled -197 with 1/1 to -197 with remainder 0[0m
[00:00:11.309,539] [0m<dbg> zmk: zmk_hid_mouse_movement_set: Mouse movement set to -18/-197[0m
[00:00:11.309,600] [0m<dbg> zmk: zmk_hid_mouse_scroll_set: Mouse scroll set to 0/0[0m
[00:00:11.309,631] [0m<dbg> zmk: zmk_hid_mouse_movement_set: Mouse movement set to 0/0[0m
[00:00:11.317,504] [0m<dbg> zmk: apply_config: LISTENER INDEX: 0[0m
[00:00:11.317,535] [0m<dbg> zmk: scale_val: scaled -3 with 1/1 to -3 with remainder 0[0m
[00:00:11.317,596] [0m<dbg> zmk: apply_config: LISTENER INDEX: 0[0m
[00:00:11.317,596] [0m<dbg> zmk: scale_val: scaled -277 with 1/1 to -277 with remainder 0[0m
[00:00:11.317,626] [0m<dbg> zmk: zmk_hid_mouse_movement_set: Mouse movement set to -3/-277[0m
[00:00:11.317,687] [0m<dbg> zmk: zmk_hid_mouse_scroll_set: Mouse scroll set to 0/0[0m
[00:00:11.317,718] [0m<dbg> zmk: zmk_hid_mouse_movement_set: Mouse movement set to 0/0[0m
[00:00:11.325,836] [0m<dbg> zmk: apply_config: LISTENER INDEX: 0[0m
[00:00:11.325,866] [0m<dbg> zmk: scale_val: scaled 2 with 1/1 to 2 with remainder 0[0m
[00:00:11.325,927] [0m<dbg> zmk: apply_config: LISTENER INDEX: 0[0m
[00:00:11.325,927] [0m<dbg> zmk: scale_val: scaled -297 with 1/1 to -297 with remainder 0[0m
[00:00:11.325,958] [0m<dbg> zmk: zmk_hid_mouse_movement_set: Mouse movement set to 2/-297[0m
[00:00:11.326,019] [0m<dbg> zmk: zmk_hid_mouse_scroll_set: Mouse scroll set to 0/0[0m
[00:00:11.326,019] [0m<dbg> zmk: zmk_hid_mouse_movement_set: Mouse movement set to 0/0[0m
[00:00:11.333,648] [0m<dbg> zmk: apply_config: LISTENER INDEX: 0[0m
[00:00:11.333,679] [0m<dbg> zmk: scale_val: scaled 11 with 1/1 to 11 with remainder 0[0m
[00:00:11.333,740] [0m<dbg> zmk: apply_config: LISTENER INDEX: 0[0m
[00:00:11.333,770] [0m<dbg> zmk: scale_val: scaled -287 with 1/1 to -287 with remainder 0[0m
[00:00:11.333,770] [0m<dbg> zmk: zmk_hid_mouse_movement_set: Mouse movement set to 11/-287[0m
[00:00:11.333,831] [0m<dbg> zmk: zmk_hid_mouse_scroll_set: Mouse scroll set to 0/0[0m
[00:00:11.333,831] [0m<dbg> zmk: zmk_hid_mouse_movement_set: Mouse movement set to 0/0[0m
[00:00:11.341,735] [0m<dbg> zmk: apply_config: LISTENER INDEX: 0[0m
[00:00:11.341,735] [0m<dbg> zmk: scale_val: scaled 13 with 1/1 to 13 with remainder 0[0m
[00:00:11.341,796] [0m<dbg> zmk: apply_config: LISTENER INDEX: 0[0m
[00:00:11.341,827] [0m<dbg> zmk: scale_val: scaled -231 with 1/1 to -231 with remainder 0[0m
[00:00:11.341,857] [0m<dbg> zmk: zmk_hid_mouse_movement_set: Mouse movement set to 13/-231[0m
[00:00:11.341,888] [0m<dbg> zmk: zmk_hid_mouse_scroll_set: Mouse scroll set to 0/0[0m
[00:00:11.341,918] [0m<dbg> zmk: zmk_hid_mouse_movement_set: Mouse movement set to 0/0[0m
[00:00:11.349,761] [0m<dbg> zmk: apply_config: LISTENER INDEX: 0[0m
[00:00:11.349,792] [0m<dbg> zmk: scale_val: scaled 18 with 1/1 to 18 with remainder 0[0m
[00:00:11.349,822] [0m<dbg> zmk: apply_config: LISTENER INDEX: 0[0m
[00:00:11.349,853] [0m<dbg> zmk: scale_val: scaled -189 with 1/1 to -189 with remainder 0[0m
[00:00:11.349,884] [0m<dbg> zmk: zmk_hid_mouse_movement_set: Mouse movement set to 18/-189[0m
[00:00:11.349,914] [0m<dbg> zmk: zmk_hid_mouse_scroll_set: Mouse scroll set to 0/0[0m
[00:00:11.349,945] [0m<dbg> zmk: zmk_hid_mouse_movement_set: Mouse movement set to 0/0[0m
[00:00:11.358,551] [0m<dbg> zmk: apply_config: LISTENER INDEX: 0[0m
[00:00:11.358,581] [0m<dbg> zmk: scale_val: scaled 15 with 1/1 to 15 with remainder 0[0m
[00:00:11.358,642] [0m<dbg> zmk: apply_config: LISTENER INDEX: 0[0m
[00:00:11.358,642] [0m<dbg> zmk: scale_val: scaled -158 with 1/1 to -158 with remainder 0[0m
[00:00:11.358,673] [0m<dbg> zmk: zmk_hid_mouse_movement_set: Mouse movement set to 15/-158[0m
[00:00:11.358,734] [0m<dbg> zmk: zmk_hid_mouse_scroll_set: Mouse scroll set to 0/0[0m
[00:00:11.358,734] [0m<dbg> zmk: zmk_hid_mouse_movement_set: Mouse movement set to 0/0[0m
[00:00:11.366,668] [0m<dbg> zmk: apply_config: LISTENER INDEX: 0[0m
[00:00:11.366,668] [0m<dbg> zmk: scale_val: scaled 18 with 1/1 to 18 with remainder 0[0m
[00:00:11.366,760] [0m<dbg> zmk: apply_config: LISTENER INDEX: 0[0m
[00:00:11.366,790] [0m<dbg> zmk: scale_val: scaled -130 with 1/1 to -130 with remainder 0[0m
[00:00:11.366,790] [0m<dbg> zmk: zmk_hid_mouse_movement_set: Mouse movement set to 18/-130[0m
[00:00:11.366,851] [0m<dbg> zmk: zmk_hid_mouse_scroll_set: Mouse scroll set to 0/0[0m
[00:00:11.366,851] [0m<dbg> zmk: zmk_hid_mouse_movement_set: Mouse movement set to 0/0[0m
[00:00:11.374,725] [0m<dbg> zmk: apply_config: LISTENER INDEX: 0[0m
[00:00:11.374,755] [0m<dbg> zmk: scale_val: scaled 21 with 1/1 to 21 with remainder 0[0m
[00:00:11.374,816] [0m<dbg> zmk: apply_config: LISTENER INDEX: 0[0m
[00:00:11.374,816] [0m<dbg> zmk: scale_val: scaled -93 with 1/1 to -93 with remainder 0[0m
[00:00:11.374,847] [0m<dbg> zmk: zmk_hid_mouse_movement_set: Mouse movement set to 21/-93[0m
[00:00:11.374,908] [0m<dbg> zmk: zmk_hid_mouse_scroll_set: Mouse scroll set to 0/0[0m
[00:00:11.374,908] [0m<dbg> zmk: zmk_hid_mouse_movement_set: Mouse movement set to 0/0[0m
[00:00:11.381,988] [0m<dbg> zmk: apply_config: LISTENER INDEX: 0[0m
[00:00:11.382,019] [0m<dbg> zmk: scale_val: scaled 27 with 1/1 to 27 with remainder 0[0m
[00:00:11.382,080] [0m<dbg> zmk: apply_config: LISTENER INDEX: 0[0m
[00:00:11.382,110] [0m<dbg> zmk: scale_val: scaled -57 with 1/1 to -57 with remainder 0[0m
[00:00:11.382,110] [0m<dbg> zmk: zmk_hid_mouse_movement_set: Mouse movement set to 27/-57[0m
[00:00:11.382,171] [0m<dbg> zmk: zmk_hid_mouse_scroll_set: Mouse scroll set to 0/0[0m
[00:00:11.382,171] [0m<dbg> zmk: zmk_hid_mouse_movement_set: Mouse movement set to 0/0[0m
[00:00:11.390,045] [0m<dbg> zmk: apply_config: LISTENER INDEX: 0[0m
[00:00:11.390,075] [0m<dbg> zmk: scale_val: scaled 33 with 1/1 to 33 with remainder 0[0m
[00:00:11.390,136] [0m<dbg> zmk: apply_config: LISTENER INDEX: 0[0m
[00:00:11.390,167] [0m<dbg> zmk: scale_val: scaled -30 with 1/1 to -30 with remainder 0[0m
[00:00:11.390,167] [0m<dbg> zmk: zmk_hid_mouse_movement_set: Mouse movement set to 33/-30[0m
[00:00:11.390,228] [0m<dbg> zmk: zmk_hid_mouse_scroll_set: Mouse scroll set to 0/0[0m
[00:00:11.390,228] [0m<dbg> zmk: zmk_hid_mouse_movement_set: Mouse movement set to 0/0[0m
[00:00:11.398,193] [0m<dbg> zmk: apply_config: LISTENER INDEX: 0[0m
[00:00:11.398,345] [0m<dbg> zmk: scale_val: scaled 67 with 1/1 to 67 with remainder 0[0m
[00:00:11.398,468] [0m<dbg> zmk: apply_config: LISTENER INDEX: 0[0m
[00:00:11.398,498] [0m<dbg> zmk: scale_val: scaled -21 with 1/1 to -21 with remainder 0[0m
[00:00:11.398,498] [0m<dbg> zmk: zmk_hid_mouse_movement_set: Mouse movement set to 67/-21[0m
[00:00:11.398,559] [0m<dbg> zmk: zmk_hid_mouse_scroll_set: Mouse scroll set to 0/0[0m
[00:00:11.398,590] [0m<dbg> zmk: zmk_hid_mouse_movement_set: Mouse movement set to 0/0[0m
[00:00:11.406,188] [0m<dbg> zmk: apply_config: LISTENER INDEX: 0[0m
[00:00:11.406,219] [0m<dbg> zmk: scale_val: scaled 105 with 1/1 to 105 with remainder 0[0m
[00:00:11.406,280] [0m<dbg> zmk: apply_config: LISTENER INDEX: 0[0m
[00:00:11.406,280] [0m<dbg> zmk: scale_val: scaled -11 with 1/1 to -11 with remainder 0[0m
[00:00:11.406,311] [0m<dbg> zmk: zmk_hid_mouse_movement_set: Mouse movement set to 105/-11[0m
[00:00:11.406,372] [0m<dbg> zmk: zmk_hid_mouse_scroll_set: Mouse scroll set to 0/0[0m
[00:00:11.406,372] [0m<dbg> zmk: zmk_hid_mouse_movement_set: Mouse movement set to 0/0[0m
[00:00:11.414,245] [0m<dbg> zmk: apply_config: LISTENER INDEX: 0[0m
[00:00:11.414,276] [0m<dbg> zmk: scale_val: scaled 130 with 1/1 to 130 with remainder 0[0m
[00:00:11.414,306] [0m<dbg> zmk: apply_config: LISTENER INDEX: 0[0m
[00:00:11.414,337] [0m<dbg> zmk: scale_val: scaled -1 with 1/1 to -1 with remainder 0[0m
[00:00:11.414,337] [0m<dbg> zmk: zmk_hid_mouse_movement_set: Mouse movement set to 130/-1[0m
[00:00:11.414,398] [0m<dbg> zmk: zmk_hid_mouse_scroll_set: Mouse scroll set to 0/0[0m
[00:00:11.414,428] [0m<dbg> zmk: zmk_hid_mouse_movement_set: Mouse movement set to 0/0[0m
[00:00:11.422,546] [0m<dbg> zmk: apply_config: LISTENER INDEX: 0[0m
[00:00:11.422,576] [0m<dbg> zmk: scale_val: scaled 222 with 1/1 to 222 with remainder 0[0m
[00:00:11.422,637] [0m<dbg> zmk: apply_config: LISTENER INDEX: 0[0m
[00:00:11.422,637] [0m<dbg> zmk: scale_val: scaled 11 with 1/1 to 11 with remainder 0[0m
[00:00:11.422,668] [0m<dbg> zmk: zmk_hid_mouse_movement_set: Mouse movement set to 222/11[0m
[00:00:11.422,729] [0m<dbg> zmk: zmk_hid_mouse_scroll_set: Mouse scroll set to 0/0[0m
[00:00:11.422,760] [0m<dbg> zmk: zmk_hid_mouse_movement_set: Mouse movement set to 0/0[0m
[00:00:11.430,450] [0m<dbg> zmk: apply_config: LISTENER INDEX: 0[0m
[00:00:11.430,480] [0m<dbg> zmk: scale_val: scaled 287 with 1/1 to 287 with remainder 0[0m
[00:00:11.430,511] [0m<dbg> zmk: apply_config: LISTENER INDEX: 0[0m
[00:00:11.430,541] [0m<dbg> zmk: scale_val: scaled 21 with 1/1 to 21 with remainder 0[0m
[00:00:11.430,572] [0m<dbg> zmk: zmk_hid_mouse_movement_set: Mouse movement set to 287/21[0m
[00:00:11.430,603] [0m<dbg> zmk: zmk_hid_mouse_scroll_set: Mouse scroll set to 0/0[0m
[00:00:11.430,633] [0m<dbg> zmk: zmk_hid_mouse_movement_set: Mouse movement set to 0/0[0m
[00:00:11.438,446] [0m<dbg> zmk: apply_config: LISTENER INDEX: 0[0m
[00:00:11.438,476] [0m<dbg> zmk: scale_val: scaled 317 with 1/1 to 317 with remainder 0[0m
[00:00:11.438,507] [0m<dbg> zmk: apply_config: LISTENER INDEX: 0[0m
[00:00:11.438,537] [0m<dbg> zmk: scale_val: scaled 30 with 1/1 to 30 with remainder 0[0m
[00:00:11.438,568] [0m<dbg> zmk: zmk_hid_mouse_movement_set: Mouse movement set to 317/30[0m
[00:00:11.438,629] [0m<dbg> zmk: zmk_hid_mouse_scroll_set: Mouse scroll set to 0/0[0m
[00:00:11.438,629] [0m<dbg> zmk: zmk_hid_mouse_movement_set: Mouse movement set to 0/0[0m
[00:00:11.446,502] [0m<dbg> zmk: apply_config: LISTENER INDEX: 0[0m
[00:00:11.446,502] [0m<dbg> zmk: scale_val: scaled 371 with 1/1 to 371 with remainder 0[0m
[00:00:11.446,563] [0m<dbg> zmk: apply_config: LISTENER INDEX: 0[0m
[00:00:11.446,594] [0m<dbg> zmk: scale_val: scaled 37 with 1/1 to 37 with remainder 0[0m
[00:00:11.446,594] [0m<dbg> zmk: zmk_hid_mouse_movement_set: Mouse movement set to 371/37[0m
[00:00:11.446,655] [0m<dbg> zmk: zmk_hid_mouse_scroll_set: Mouse scroll set to 0/0[0m
[00:00:11.446,685] [0m<dbg> zmk: zmk_hid_mouse_movement_set: Mouse movement set to 0/0[0m
[00:00:11.454,650] [0m<dbg> zmk: apply_config: LISTENER INDEX: 0[0m
[00:00:11.454,650] [0m<dbg> zmk: scale_val: scaled 371 with 1/1 to 371 with remainder 0[0m
[00:00:11.454,711] [0m<dbg> zmk: apply_config: LISTENER INDEX: 0[0m
[00:00:11.454,742] [0m<dbg> zmk: scale_val: scaled 57 with 1/1 to 57 with remainder 0[0m
[00:00:11.454,742] [0m<dbg> zmk: zmk_hid_mouse_movement_set: Mouse movement set to 371/57[0m
[00:00:11.454,803] [0m<dbg> zmk: zmk_hid_mouse_scroll_set: Mouse scroll set to 0/0[0m
[00:00:11.454,803] [0m<dbg> zmk: zmk_hid_mouse_movement_set: Mouse movement set to 0/0[0m
[00:00:11.462,646] [0m<dbg> zmk: apply_config: LISTENER INDEX: 0[0m
[00:00:11.462,677] [0m<dbg> zmk: scale_val: scaled 349 with 1/1 to 349 with remainder 0[0m
[00:00:11.462,738] [0m<dbg> zmk: apply_config: LISTENER INDEX: 0[0m
[00:00:11.462,738] [0m<dbg> zmk: scale_val: scaled 67 with 1/1 to 67 with remainder 0[0m
[00:00:11.462,768] [0m<dbg> zmk: zmk_hid_mouse_movement_set: Mouse movement set to 349/67[0m
[00:00:11.462,829] [0m<dbg> zmk: zmk_hid_mouse_scroll_set: Mouse scroll set to 0/0[0m
[00:00:11.462,829] [0m<dbg> zmk: zmk_hid_mouse_movement_set: Mouse movement set to 0/0[0m
[00:00:11.470,855] [0m<dbg> zmk: apply_config: LISTENER INDEX: 0[0m
[00:00:11.470,886] [0m<dbg> zmk: scale_val: scaled 277 with 1/1 to 277 with remainder 0[0m
[00:00:11.470,947] [0m<dbg> zmk: apply_config: LISTENER INDEX: 0[0m
[00:00:11.470,977] [0m<dbg> zmk: scale_val: scaled 72 with 1/1 to 72 with remainder 0[0m
[00:00:11.470,977] [0m<dbg> zmk: zmk_hid_mouse_movement_set: Mouse movement set to 277/72[0m
[00:00:11.471,038] [0m<dbg> zmk: zmk_hid_mouse_scroll_set: Mouse scroll set to 0/0[0m
[00:00:11.471,038] [0m<dbg> zmk: zmk_hid_mouse_movement_set: Mouse movement set to 0/0[0m
[00:00:11.478,759] [0m<dbg> zmk: apply_config: LISTENER INDEX: 0[0m
[00:00:11.478,790] [0m<dbg> zmk: scale_val: scaled 213 with 1/1 to 213 with remainder 0[0m
[00:00:11.478,851] [0m<dbg> zmk: apply_config: LISTENER INDEX: 0[0m
[00:00:11.478,851] [0m<dbg> zmk: scale_val: scaled 72 with 1/1 to 72 with remainder 0[0m
[00:00:11.478,881] [0m<dbg> zmk: zmk_hid_mouse_movement_set: Mouse movement set to 213/72[0m
[00:00:11.478,942] [0m<dbg> zmk: zmk_hid_mouse_scroll_set: Mouse scroll set to 0/0[0m
[00:00:11.478,942] [0m<dbg> zmk: zmk_hid_mouse_movement_set: Mouse movement set to 0/0[0m
[00:00:11.486,816] [0m<dbg> zmk: apply_config: LISTENER INDEX: 0[0m
[00:00:11.486,846] [0m<dbg> zmk: scale_val: scaled 158 with 1/1 to 158 with remainder 0[0m
[00:00:11.486,938] [0m<dbg> zmk: apply_config: LISTENER INDEX: 0[0m
[00:00:11.486,968] [0m<dbg> zmk: scale_val: scaled 72 with 1/1 to 72 with remainder 0[0m
[00:00:11.486,999] [0m<dbg> zmk: zmk_hid_mouse_movement_set: Mouse movement set to 158/72[0m
[00:00:11.487,060] [0m<dbg> zmk: zmk_hid_mouse_scroll_set: Mouse scroll set to 0/0[0m
[00:00:11.487,060] [0m<dbg> zmk: zmk_hid_mouse_movement_set: Mouse movement set to 0/0[0m
[00:00:11.494,873] [0m<dbg> zmk: apply_config: LISTENER INDEX: 0[0m
[00:00:11.494,873] [0m<dbg> zmk: scale_val: scaled 105 with 1/1 to 105 with remainder 0[0m
[00:00:11.494,934] [0m<dbg> zmk: apply_config: LISTENER INDEX: 0[0m
[00:00:11.494,964] [0m<dbg> zmk: scale_val: scaled 77 with 1/1 to 77 with remainder 0[0m
[00:00:11.494,964] [0m<dbg> zmk: zmk_hid_mouse_movement_set: Mouse movement set to 105/77[0m
[00:00:11.495,025] [0m<dbg> zmk: zmk_hid_mouse_scroll_set: Mouse scroll set to 0/0[0m
[00:00:11.495,056] [0m<dbg> zmk: zmk_hid_mouse_movement_set: Mouse movement set to 0/0[0m
[00:00:11.502,929] [0m<dbg> zmk: apply_config: LISTENER INDEX: 0[0m
[00:00:11.502,929] [0m<dbg> zmk: scale_val: scaled 72 with 1/1 to 72 with remainder 0[0m
[00:00:11.502,990] [0m<dbg> zmk: apply_config: LISTENER INDEX: 0[0m
[00:00:11.503,021] [0m<dbg> zmk: scale_val: scaled 72 with 1/1 to 72 with remainder 0[0m
[00:00:11.503,021] [0m<dbg> zmk: zmk_hid_mouse_movement_set: Mouse movement set to 72/72[0m
[00:00:11.503,082] [0m<dbg> zmk: zmk_hid_mouse_scroll_set: Mouse scroll set to 0/0[0m
[00:00:11.503,204] [0m<dbg> zmk: zmk_hid_mouse_movement_set: Mouse movement set to 0/0[0m
[00:00:11.511,108] [0m<dbg> zmk: apply_config: LISTENER INDEX: 0[0m
[00:00:11.511,138] [0m<dbg> zmk: scale_val: scaled 49 with 1/1 to 49 with remainder 0[0m
[00:00:11.511,199] [0m<dbg> zmk: apply_config: LISTENER INDEX: 0[0m
[00:00:11.511,199] [0m<dbg> zmk: scale_val: scaled 77 with 1/1 to 77 with remainder 0[0m
[00:00:11.511,230] [0m<dbg> zmk: zmk_hid_mouse_movement_set: Mouse movement set to 49/77[0m
[00:00:11.511,291] [0m<dbg> zmk: zmk_hid_mouse_scroll_set: Mouse scroll set to 0/0[0m
[00:00:11.511,291] [0m<dbg> zmk: zmk_hid_mouse_movement_set: Mouse movement set to 0/0[0m
[00:00:11.519,775] [0m<dbg> zmk: apply_config: LISTENER INDEX: 0[0m
[00:00:11.519,775] [0m<dbg> zmk: scale_val: scaled 27 with 1/1 to 27 with remainder 0[0m
[00:00:11.519,836] [0m<dbg> zmk: apply_config: LISTENER INDEX: 0[0m
[00:00:11.519,989] [0m<dbg> zmk: scale_val: scaled 77 with 1/1 to 77 with remainder 0[0m
[00:00:11.520,111] [0m<dbg> zmk: zmk_hid_mouse_movement_set: Mouse movement set to 27/77[0m
[00:00:11.520,141] [0m<dbg> zmk: zmk_hid_mouse_scroll_set: Mouse scroll set to 0/0[0m
[00:00:11.520,172] [0m<dbg> zmk: zmk_hid_mouse_movement_set: Mouse movement set to 0/0[0m
[00:00:11.527,832] [0m<dbg> zmk: apply_config: LISTENER INDEX: 0[0m
[00:00:11.527,862] [0m<dbg> zmk: scale_val: scaled 13 with 1/1 to 13 with remainder 0[0m
[00:00:11.527,954] [0m<dbg> zmk: apply_config: LISTENER INDEX: 0[0m
[00:00:11.527,984] [0m<dbg> zmk: scale_val: scaled 77 with 1/1 to 77 with remainder 0[0m
[00:00:11.528,015] [0m<dbg> zmk: zmk_hid_mouse_movement_set: Mouse movement set to 13/77[0m
[00:00:11.528,045] [0m<dbg> zmk: zmk_hid_mouse_scroll_set: Mouse scroll set to 0/0[0m
[00:00:11.528,076] [0m<dbg> zmk: zmk_hid_mouse_movement_set: Mouse movement set to 0/0[0m
[00:00:11.535,919] [0m<dbg> zmk: apply_config: LISTENER INDEX: 0[0m
[00:00:11.535,919] [0m<dbg> zmk: scale_val: scaled 5 with 1/1 to 5 with remainder 0[0m
[00:00:11.535,980] [0m<dbg> zmk: apply_config: LISTENER INDEX: 0[0m
[00:00:11.536,010] [0m<dbg> zmk: scale_val: scaled 67 with 1/1 to 67 with remainder 0[0m
[00:00:11.536,041] [0m<dbg> zmk: zmk_hid_mouse_movement_set: Mouse movement set to 5/67[0m
[00:00:11.536,071] [0m<dbg> zmk: zmk_hid_mouse_scroll_set: Mouse scroll set to 0/0[0m
[00:00:11.536,102] [0m<dbg> zmk: zmk_hid_mouse_movement_set: Mouse movement set to 0/0[0m
[00:00:11.543,945] [0m<dbg> zmk: apply_config: LISTENER INDEX: 0[0m
[00:00:11.543,945] [0m<dbg> zmk: scale_val: scaled -3 with 1/1 to -3 with remainder 0[0m
[00:00:11.544,006] [0m<dbg> zmk: apply_config: LISTENER INDEX: 0[0m
[00:00:11.544,036] [0m<dbg> zmk: scale_val: scaled 62 with 1/1 to 62 with remainder 0[0m
[00:00:11.544,036] [0m<dbg> zmk: zmk_hid_mouse_movement_set: Mouse movement set to -3/62[0m
[00:00:11.544,097] [0m<dbg> zmk: zmk_hid_mouse_scroll_set: Mouse scroll set to 0/0[0m
[00:00:11.544,128] [0m<dbg> zmk: zmk_hid_mouse_movement_set: Mouse movement set to 0/0[0m
[00:00:11.551,300] [0m<dbg> zmk: apply_config: LISTENER INDEX: 0[0m
[00:00:11.551,300] [0m<dbg> zmk: scale_val: scaled -18 with 1/1 to -18 with remainder 0[0m
[00:00:11.551,483] [0m<dbg> zmk: apply_config: LISTENER INDEX: 0[0m
[00:00:11.551,513] [0m<dbg> zmk: scale_val: scaled 41 with 1/1 to 41 with remainder 0[0m
[00:00:11.551,605] [0m<dbg> zmk: zmk_hid_mouse_movement_set: Mouse movement set to -18/41[0m
[00:00:11.551,666] [0m<dbg> zmk: zmk_hid_mouse_scroll_set: Mouse scroll set to 0/0[0m
[00:00:11.551,666] [0m<dbg> zmk: zmk_hid_mouse_movement_set: Mouse movement set to 0/0[0m
[00:00:11.559,326] [0m<dbg> zmk: apply_config: LISTENER INDEX: 0[0m
[00:00:11.559,356] [0m<dbg> zmk: scale_val: scaled -30 with 1/1 to -30 with remainder 0[0m
[00:00:11.559,417] [0m<dbg> zmk: apply_config: LISTENER INDEX: 0[0m
[00:00:11.559,417] [0m<dbg> zmk: scale_val: scaled 27 with 1/1 to 27 with remainder 0[0m
[00:00:11.559,448] [0m<dbg> zmk: zmk_hid_mouse_movement_set: Mouse movement set to -30/27[0m
[00:00:11.559,509] [0m<dbg> zmk: zmk_hid_mouse_scroll_set: Mouse scroll set to 0/0[0m
[00:00:11.559,509] [0m<dbg> zmk: zmk_hid_mouse_movement_set: Mouse movement set to 0/0[0m
[00:00:11.567,382] [0m<dbg> zmk: apply_config: LISTENER INDEX: 0[0m
[00:00:11.567,413] [0m<dbg> zmk: scale_val: scaled -57 with 1/1 to -57 with remainder 0[0m
[00:00:11.567,474] [0m<dbg> zmk: apply_config: LISTENER INDEX: 0[0m
[00:00:11.567,474] [0m<dbg> zmk: scale_val: scaled 18 with 1/1 to 18 with remainder 0[0m
[00:00:11.567,504] [0m<dbg> zmk: zmk_hid_mouse_movement_set: Mouse movement set to -57/18[0m
[00:00:11.567,565] [0m<dbg> zmk: zmk_hid_mouse_scroll_set: Mouse scroll set to 0/0[0m
[00:00:11.567,565] [0m<dbg> zmk: zmk_hid_mouse_movement_set: Mouse movement set to 0/0[0m
[00:00:11.575,469] [0m<dbg> zmk: apply_config: LISTENER INDEX: 0[0m
[00:00:11.575,500] [0m<dbg> zmk: scale_val: scaled -72 with 1/1 to -72 with remainder 0[0m
[00:00:11.575,531] [0m<dbg> zmk: apply_config: LISTENER INDEX: 0[0m
[00:00:11.575,561] [0m<dbg> zmk: scale_val: scaled 11 with 1/1 to 11 with remainder 0[0m
[00:00:11.575,592] [0m<dbg> zmk: zmk_hid_mouse_movement_set: Mouse movement set to -72/11[0m
[00:00:11.575,622] [0m<dbg> zmk: zmk_hid_mouse_scroll_set: Mouse scroll set to 0/0[0m
[00:00:11.575,653] [0m<dbg> zmk: zmk_hid_mouse_movement_set: Mouse movement set to 0/0[0m
[00:00:11.583,526] [0m<dbg> zmk: apply_config: LISTENER INDEX: 0[0m
[00:00:11.583,557] [0m<dbg> zmk: scale_val: scaled -93 with 1/1 to -93 with remainder 0[0m
[00:00:11.583,587] [0m<dbg> zmk: apply_config: LISTENER INDEX: 0[0m
[00:00:11.583,618] [0m<dbg> zmk: scale_val: scaled 5 with 1/1 to 5 with remainder 0[0m
[00:00:11.583,648] [0m<dbg> zmk: zmk_hid_mouse_movement_set: Mouse movement set to -93/5[0m
[00:00:11.583,679] [0m<dbg> zmk: zmk_hid_mouse_scroll_set: Mouse scroll set to 0/0[0m
[00:00:11.583,709] [0m<dbg> zmk: zmk_hid_mouse_movement_set: Mouse movement set to 0/0[0m
[00:00:11.591,613] [0m<dbg> zmk: apply_config: LISTENER INDEX: 0[0m
[00:00:11.591,613] [0m<dbg> zmk: scale_val: scaled -111 with 1/1 to -111 with remainder 0[0m
[00:00:11.591,674] [0m<dbg> zmk: apply_config: LISTENER INDEX: 0[0m
[00:00:11.591,705] [0m<dbg> zmk: scale_val: scaled 0 with 1/1 to 0 with remainder 0[0m
[00:00:11.591,705] [0m<dbg> zmk: zmk_hid_mouse_movement_set: Mouse movement set to -111/0[0m
[00:00:11.591,766] [0m<dbg> zmk: zmk_hid_mouse_scroll_set: Mouse scroll set to 0/0[0m
[00:00:11.591,857] [0m<dbg> zmk: zmk_hid_mouse_movement_set: Mouse movement set to 0/0[0m
[00:00:11.599,639] [0m<dbg> zmk: apply_config: LISTENER INDEX: 0[0m
[00:00:11.599,670] [0m<dbg> zmk: scale_val: scaled -137 with 1/1 to -137 with remainder 0[0m
[00:00:11.599,700] [0m<dbg> zmk: apply_config: LISTENER INDEX: 0[0m
[00:00:11.599,731] [0m<dbg> zmk: scale_val: scaled -2 with 1/1 to -2 with remainder 0[0m
[00:00:11.599,761] [0m<dbg> zmk: zmk_hid_mouse_movement_set: Mouse movement set to -137/-2[0m
[00:00:11.599,792] [0m<dbg> zmk: zmk_hid_mouse_scroll_set: Mouse scroll set to 0/0[0m
[00:00:11.599,822] [0m<dbg> zmk: zmk_hid_mouse_movement_set: Mouse movement set to 0/0[0m
[00:00:11.607,696] [0m<dbg> zmk: apply_config: LISTENER INDEX: 0[0m
[00:00:11.607,727] [0m<dbg> zmk: scale_val: scaled -189 with 1/1 to -189 with remainder 0[0m
[00:00:11.607,757] [0m<dbg> zmk: apply_config: LISTENER INDEX: 0[0m
[00:00:11.607,788] [0m<dbg> zmk: scale_val: scaled -5 with 1/1 to -5 with remainder 0[0m
[00:00:11.607,818] [0m<dbg> zmk: zmk_hid_mouse_movement_set: Mouse movement set to -189/-5[0m
[00:00:11.607,849] [0m<dbg> zmk: zmk_hid_mouse_scroll_set: Mouse scroll set to 0/0[0m
[00:00:11.607,879] [0m<dbg> zmk: zmk_hid_mouse_movement_set: Mouse movement set to 0/0[0m
[00:00:11.615,997] [0m<dbg> zmk: apply_config: LISTENER INDEX: 0[0m
[00:00:11.616,027] [0m<dbg> zmk: scale_val: scaled -205 with 1/1 to -205 with remainder 0[0m
[00:00:11.616,088] [0m<dbg> zmk: apply_config: LISTENER INDEX: 0[0m
[00:00:11.616,088] [0m<dbg> zmk: scale_val: scaled -11 with 1/1 to -11 with remainder 0[0m
[00:00:11.616,119] [0m<dbg> zmk: zmk_hid_mouse_movement_set: Mouse movement set to -205/-11[0m
[00:00:11.616,180] [0m<dbg> zmk: zmk_hid_mouse_scroll_set: Mouse scroll set to 0/0[0m
[00:00:11.616,180] [0m<dbg> zmk: zmk_hid_mouse_movement_set: Mouse movement set to 0/0[0m
[00:00:11.623,870] [0m<dbg> zmk: apply_config: LISTENER INDEX: 0[0m
[00:00:11.623,901] [0m<dbg> zmk: scale_val: scaled -189 with 1/1 to -189 with remainder 0[0m
[00:00:11.623,931] [0m<dbg> zmk: apply_config: LISTENER INDEX: 0[0m
[00:00:11.623,962] [0m<dbg> zmk: scale_val: scaled -27 with 1/1 to -27 with remainder 0[0m
[00:00:11.623,962] [0m<dbg> zmk: zmk_hid_mouse_movement_set: Mouse movement set to -189/-27[0m
[00:00:11.624,023] [0m<dbg> zmk: zmk_hid_mouse_scroll_set: Mouse scroll set to 0/0[0m
[00:00:11.624,053] [0m<dbg> zmk: zmk_hid_mouse_movement_set: Mouse movement set to 0/0[0m
[00:00:11.632,080] [0m<dbg> zmk: apply_config: LISTENER INDEX: 0[0m
[00:00:11.632,110] [0m<dbg> zmk: scale_val: scaled -165 with 1/1 to -165 with remainder 0[0m
[00:00:11.632,171] [0m<dbg> zmk: apply_config: LISTENER INDEX: 0[0m
[00:00:11.632,171] [0m<dbg> zmk: scale_val: scaled -53 with 1/1 to -53 with remainder 0[0m
[00:00:11.632,202] [0m<dbg> zmk: zmk_hid_mouse_movement_set: Mouse movement set to -165/-53[0m
[00:00:11.632,263] [0m<dbg> zmk: zmk_hid_mouse_scroll_set: Mouse scroll set to 0/0[0m
[00:00:11.632,263] [0m<dbg> zmk: zmk_hid_mouse_movement_set: Mouse movement set to 0/0[0m
[00:00:11.639,953] [0m<dbg> zmk: apply_config: LISTENER INDEX: 0[0m
[00:00:11.640,014] [0m<dbg> zmk: scale_val: scaled -151 with 1/1 to -151 with remainder 0[0m
[00:00:11.640,045] [0m<dbg> zmk: apply_config: LISTENER INDEX: 0[0m
[00:00:11.640,075] [0m<dbg> zmk: scale_val: scaled -99 with 1/1 to -99 with remainder 0[0m
[00:00:11.640,106] [0m<dbg> zmk: zmk_hid_mouse_movement_set: Mouse movement set to -151/-99[0m
[00:00:11.640,136] [0m<dbg> zmk: zmk_hid_mouse_scroll_set: Mouse scroll set to 0/0[0m
[00:00:11.640,167] [0m<dbg> zmk: zmk_hid_mouse_movement_set: Mouse movement set to 0/0[0m
[00:00:11.648,040] [0m<dbg> zmk: apply_config: LISTENER INDEX: 0[0m
[00:00:11.648,071] [0m<dbg> zmk: scale_val: scaled -130 with 1/1 to -130 with remainder 0[0m
[00:00:11.648,132] [0m<dbg> zmk: apply_config: LISTENER INDEX: 0[0m
[00:00:11.648,132] [0m<dbg> zmk: scale_val: scaled -158 with 1/1 to -158 with remainder 0[0m
[00:00:11.648,162] [0m<dbg> zmk: zmk_hid_mouse_movement_set: Mouse movement set to -130/-158[0m
[00:00:11.648,223] [0m<dbg> zmk: zmk_hid_mouse_scroll_set: Mouse scroll set to 0/0[0m
[00:00:11.648,223] [0m<dbg> zmk: zmk_hid_mouse_movement_set: Mouse movement set to 0/0[0m
[00:00:11.656,066] [0m<dbg> zmk: apply_config: LISTENER INDEX: 0[0m
[00:00:11.656,066] [0m<dbg> zmk: scale_val: scaled -99 with 1/1 to -99 with remainder 0[0m
[00:00:11.656,127] [0m<dbg> zmk: apply_config: LISTENER INDEX: 0[0m
[00:00:11.656,158] [0m<dbg> zmk: scale_val: scaled -197 with 1/1 to -197 with remainder 0[0m
[00:00:11.656,158] [0m<dbg> zmk: zmk_hid_mouse_movement_set: Mouse movement set to -99/-197[0m
[00:00:11.656,219] [0m<dbg> zmk: zmk_hid_mouse_scroll_set: Mouse scroll set to 0/0[0m
[00:00:11.656,250] [0m<dbg> zmk: zmk_hid_mouse_movement_set: Mouse movement set to 0/0[0m
[00:00:11.664,123] [0m<dbg> zmk: apply_config: LISTENER INDEX: 0[0m
[00:00:11.664,154] [0m<dbg> zmk: scale_val: scaled -82 with 1/1 to -82 with remainder 0[0m
[00:00:11.664,184] [0m<dbg> zmk: apply_config: LISTENER INDEX: 0[0m
[00:00:11.664,215] [0m<dbg> zmk: scale_val: scaled -213 with 1/1 to -213 with remainder 0[0m
[00:00:11.664,215] [0m<dbg> zmk: zmk_hid_mouse_movement_set: Mouse movement set to -82/-213[0m
[00:00:11.664,276] [0m<dbg> zmk: zmk_hid_mouse_scroll_set: Mouse scroll set to 0/0[0m
[00:00:11.664,306] [0m<dbg> zmk: zmk_hid_mouse_movement_set: Mouse movement set to 0/0[0m
[00:00:11.672,180] [0m<dbg> zmk: apply_config: LISTENER INDEX: 0[0m
[00:00:11.672,210] [0m<dbg> zmk: scale_val: scaled -57 with 1/1 to -57 with remainder 0[0m
[00:00:11.672,241] [0m<dbg> zmk: apply_config: LISTENER INDEX: 0[0m
[00:00:11.672,271] [0m<dbg> zmk: scale_val: scaled -205 with 1/1 to -205 with remainder 0[0m
[00:00:11.672,271] [0m<dbg> zmk: zmk_hid_mouse_movement_set: Mouse movement set to -57/-205[0m
[00:00:11.672,332] [0m<dbg> zmk: zmk_hid_mouse_scroll_set: Mouse scroll set to 0/0[0m
[00:00:11.672,363] [0m<dbg> zmk: zmk_hid_mouse_movement_set: Mouse movement set to 0/0[0m
[00:00:11.680,236] [0m<dbg> zmk: apply_config: LISTENER INDEX: 0[0m
[00:00:11.680,267] [0m<dbg> zmk: scale_val: scaled -27 with 1/1 to -27 with remainder 0[0m
[00:00:11.680,328] [0m<dbg> zmk: apply_config: LISTENER INDEX: 0[0m
[00:00:11.680,328] [0m<dbg> zmk: scale_val: scaled -213 with 1/1 to -213 with remainder 0[0m
[00:00:11.680,358] [0m<dbg> zmk: zmk_hid_mouse_movement_set: Mouse movement set to -27/-213[0m
[00:00:11.680,419] [0m<dbg> zmk: zmk_hid_mouse_scroll_set: Mouse scroll set to 0/0[0m
[00:00:11.680,419] [0m<dbg> zmk: zmk_hid_mouse_movement_set: Mouse movement set to 0/0[0m
[00:00:11.688,385] [0m<dbg> zmk: apply_config: LISTENER INDEX: 0[0m
[00:00:11.688,415] [0m<dbg> zmk: scale_val: scaled -9 with 1/1 to -9 with remainder 0[0m
[00:00:11.688,476] [0m<dbg> zmk: apply_config: LISTENER INDEX: 0[0m
[00:00:11.688,476] [0m<dbg> zmk: scale_val: scaled -197 with 1/1 to -197 with remainder 0[0m
[00:00:11.688,507] [0m<dbg> zmk: zmk_hid_mouse_movement_set: Mouse movement set to -9/-197[0m
[00:00:11.688,568] [0m<dbg> zmk: zmk_hid_mouse_scroll_set: Mouse scroll set to 0/0[0m
[00:00:11.688,568] [0m<dbg> zmk: zmk_hid_mouse_movement_set: Mouse movement set to 0/0[0m
[00:00:11.696,380] [0m<dbg> zmk: apply_config: LISTENER INDEX: 0[0m
[00:00:11.696,380] [0m<dbg> zmk: scale_val: scaled -3 with 1/1 to -3 with remainder 0[0m
[00:00:11.696,441] [0m<dbg> zmk: apply_config: LISTENER INDEX: 0[0m
[00:00:11.696,472] [0m<dbg> zmk: scale_val: scaled -158 with 1/1 to -158 with remainder 0[0m
[00:00:11.696,472] [0m<dbg> zmk: zmk_hid_mouse_movement_set: Mouse movement set to -3/-158[0m
[00:00:11.696,533] [0m<dbg> zmk: zmk_hid_mouse_scroll_set: Mouse scroll set to 0/0[0m
[00:00:11.696,563] [0m<dbg> zmk: zmk_hid_mouse_movement_set: Mouse movement set to 0/0[0m
[00:00:11.704,437] [0m<dbg> zmk: apply_config: LISTENER INDEX: 0[0m
[00:00:11.704,467] [0m<dbg> zmk: scale_val: scaled 2 with 1/1 to 2 with remainder 0[0m
[00:00:11.704,528] [0m<dbg> zmk: apply_config: LISTENER INDEX: 0[0m
[00:00:11.704,559] [0m<dbg> zmk: scale_val: scaled -144 with 1/1 to -144 with remainder 0[0m
[00:00:11.704,559] [0m<dbg> zmk: zmk_hid_mouse_movement_set: Mouse movement set to 2/-144[0m
[00:00:11.704,620] [0m<dbg> zmk: zmk_hid_mouse_scroll_set: Mouse scroll set to 0/0[0m
[00:00:11.704,620] [0m<dbg> zmk: zmk_hid_mouse_movement_set: Mouse movement set to 0/0[0m
[00:00:11.712,493] [0m<dbg> zmk: apply_config: LISTENER INDEX: 0[0m
[00:00:11.712,493] [0m<dbg> zmk: scale_val: scaled 11 with 1/1 to 11 with remainder 0[0m
[00:00:11.712,554] [0m<dbg> zmk: apply_config: LISTENER INDEX: 0[0m
[00:00:11.712,585] [0m<dbg> zmk: scale_val: scaled -123 with 1/1 to -123 with remainder 0[0m
[00:00:11.712,585] [0m<dbg> zmk: zmk_hid_mouse_movement_set: Mouse movement set to 11/-123[0m
[00:00:11.712,646] [0m<dbg> zmk: zmk_hid_mouse_scroll_set: Mouse scroll set to 0/0[0m
[00:00:11.712,677] [0m<dbg> zmk: zmk_hid_mouse_movement_set: Mouse movement set to 0/0[0m
[00:00:11.720,550] [0m<dbg> zmk: apply_config: LISTENER INDEX: 0[0m
[00:00:11.720,550] [0m<dbg> zmk: scale_val: scaled 24 with 1/1 to 24 with remainder 0[0m
[00:00:11.720,672] [0m<dbg> zmk: apply_config: LISTENER INDEX: 0[0m
[00:00:11.720,672] [0m<dbg> zmk: scale_val: scaled -105 with 1/1 to -105 with remainder 0[0m
[00:00:11.720,703] [0m<dbg> zmk: zmk_hid_mouse_movement_set: Mouse movement set to 24/-105[0m
[00:00:11.720,764] [0m<dbg> zmk: zmk_hid_mouse_scroll_set: Mouse scroll set to 0/0[0m
[00:00:11.720,764] [0m<dbg> zmk: zmk_hid_mouse_movement_set: Mouse movement set to 0/0[0m
[00:00:11.728,668] [0m<dbg> zmk: apply_config: LISTENER INDEX: 0[0m
[00:00:11.728,668] [0m<dbg> zmk: scale_val: scaled 24 with 1/1 to 24 with remainder 0[0m
[00:00:11.728,729] [0m<dbg> zmk: apply_config: LISTENER INDEX: 0[0m
[00:00:11.728,759] [0m<dbg> zmk: scale_val: scaled -87 with 1/1 to -87 with remainder 0[0m
[00:00:11.728,759] [0m<dbg> zmk: zmk_hid_mouse_movement_set: Mouse movement set to 24/-87[0m
[00:00:11.728,820] [0m<dbg> zmk: zmk_hid_mouse_scroll_set: Mouse scroll set to 0/0[0m
[00:00:11.728,820] [0m<dbg> zmk: zmk_hid_mouse_movement_set: Mouse movement set to 0/0[0m
[00:00:11.737,609] [0m<dbg> zmk: apply_config: LISTENER INDEX: 0[0m
[00:00:11.737,609] [0m<dbg> zmk: scale_val: scaled 24 with 1/1 to 24 with remainder 0[0m
[00:00:11.737,670] [0m<dbg> zmk: apply_config: LISTENER INDEX: 0[0m
[00:00:11.737,701] [0m<dbg> zmk: scale_val: scaled -67 with 1/1 to -67 with remainder 0[0m
[00:00:11.737,701] [0m<dbg> zmk: zmk_hid_mouse_movement_set: Mouse movement set to 24/-67[0m
[00:00:11.737,854] [0m<dbg> zmk: zmk_hid_mouse_scroll_set: Mouse scroll set to 0/0[0m
[00:00:11.737,854] [0m<dbg> zmk: zmk_hid_mouse_movement_set: Mouse movement set to 0/0[0m
[00:00:11.745,513] [0m<dbg> zmk: apply_config: LISTENER INDEX: 0[0m
[00:00:11.745,544] [0m<dbg> zmk: scale_val: scaled 24 with 1/1 to 24 with remainder 0[0m
[00:00:11.745,605] [0m<dbg> zmk: apply_config: LISTENER INDEX: 0[0m
[00:00:11.745,635] [0m<dbg> zmk: scale_val: scaled -49 with 1/1 to -49 with remainder 0[0m
[00:00:11.745,635] [0m<dbg> zmk: zmk_hid_mouse_movement_set: Mouse movement set to 24/-49[0m
[00:00:11.745,697] [0m<dbg> zmk: zmk_hid_mouse_scroll_set: Mouse scroll set to 0/0[0m
[00:00:11.745,727] [0m<dbg> zmk: zmk_hid_mouse_movement_set: Mouse movement set to 0/0[0m
[00:00:11.752,807] [0m<dbg> zmk: apply_config: LISTENER INDEX: 0[0m
[00:00:11.752,807] [0m<dbg> zmk: scale_val: scaled 30 with 1/1 to 30 with remainder 0[0m
[00:00:11.752,868] [0m<dbg> zmk: apply_config: LISTENER INDEX: 0[0m
[00:00:11.752,899] [0m<dbg> zmk: scale_val: scaled -33 with 1/1 to -33 with remainder 0[0m
[00:00:11.752,929] [0m<dbg> zmk: zmk_hid_mouse_movement_set: Mouse movement set to 30/-33[0m
[00:00:11.753,021] [0m<dbg> zmk: zmk_hid_mouse_scroll_set: Mouse scroll set to 0/0[0m
[00:00:11.753,021] [0m<dbg> zmk: zmk_hid_mouse_movement_set: Mouse movement set to 0/0[0m
[00:00:11.760,803] [0m<dbg> zmk: apply_config: LISTENER INDEX: 0[0m
[00:00:11.760,833] [0m<dbg> zmk: scale_val: scaled 45 with 1/1 to 45 with remainder 0[0m
[00:00:11.760,894] [0m<dbg> zmk: apply_config: LISTENER INDEX: 0[0m
[00:00:11.760,894] [0m<dbg> zmk: scale_val: scaled -15 with 1/1 to -15 with remainder 0[0m
[00:00:11.760,925] [0m<dbg> zmk: zmk_hid_mouse_movement_set: Mouse movement set to 45/-15[0m
[00:00:11.761,077] [0m<dbg> zmk: zmk_hid_mouse_scroll_set: Mouse scroll set to 0/0[0m
[00:00:11.761,169] [0m<dbg> zmk: zmk_hid_mouse_movement_set: Mouse movement set to 0/0[0m
[00:00:11.768,920] [0m<dbg> zmk: apply_config: LISTENER INDEX: 0[0m
[00:00:11.768,920] [0m<dbg> zmk: scale_val: scaled 87 with 1/1 to 87 with remainder 0[0m
[00:00:11.768,981] [0m<dbg> zmk: apply_config: LISTENER INDEX: 0[0m
[00:00:11.769,012] [0m<dbg> zmk: scale_val: scaled -5 with 1/1 to -5 with remainder 0[0m
[00:00:11.769,012] [0m<dbg> zmk: zmk_hid_mouse_movement_set: Mouse movement set to 87/-5[0m
[00:00:11.769,073] [0m<dbg> zmk: zmk_hid_mouse_scroll_set: Mouse scroll set to 0/0[0m
[00:00:11.769,073] [0m<dbg> zmk: zmk_hid_mouse_movement_set: Mouse movement set to 0/0[0m
[00:00:11.776,977] [0m<dbg> zmk: apply_config: LISTENER INDEX: 0[0m
[00:00:11.776,977] [0m<dbg> zmk: scale_val: scaled 105 with 1/1 to 105 with remainder 0[0m
[00:00:11.777,038] [0m<dbg> zmk: apply_config: LISTENER INDEX: 0[0m
[00:00:11.777,069] [0m<dbg> zmk: scale_val: scaled -1 with 1/1 to -1 with remainder 0[0m
[00:00:11.777,069] [0m<dbg> zmk: zmk_hid_mouse_movement_set: Mouse movement set to 105/-1[0m
[00:00:11.777,160] [0m<dbg> zmk: zmk_hid_mouse_scroll_set: Mouse scroll set to 0/0[0m
[00:00:11.777,191] [0m<dbg> zmk: zmk_hid_mouse_movement_set: Mouse movement set to 0/0[0m
[00:00:11.785,034] [0m<dbg> zmk: apply_config: LISTENER INDEX: 0[0m
[00:00:11.785,034] [0m<dbg> zmk: scale_val: scaled 144 with 1/1 to 144 with remainder 0[0m
[00:00:11.785,095] [0m<dbg> zmk: apply_config: LISTENER INDEX: 0[0m
[00:00:11.785,125] [0m<dbg> zmk: scale_val: scaled 3 with 1/1 to 3 with remainder 0[0m
[00:00:11.785,125] [0m<dbg> zmk: zmk_hid_mouse_movement_set: Mouse movement set to 144/3[0m
[00:00:11.785,186] [0m<dbg> zmk: zmk_hid_mouse_scroll_set: Mouse scroll set to 0/0[0m
[00:00:11.785,217] [0m<dbg> zmk: zmk_hid_mouse_movement_set: Mouse movement set to 0/0[0m
[00:00:11.793,151] [0m<dbg> zmk: apply_config: LISTENER INDEX: 0[0m
[00:00:11.793,151] [0m<dbg> zmk: scale_val: scaled 197 with 1/1 to 197 with remainder 0[0m
[00:00:11.793,212] [0m<dbg> zmk: apply_config: LISTENER INDEX: 0[0m
[00:00:11.793,243] [0m<dbg> zmk: scale_val: scaled 9 with 1/1 to 9 with remainder 0[0m
[00:00:11.793,243] [0m<dbg> zmk: zmk_hid_mouse_movement_set: Mouse movement set to 197/9[0m
[00:00:11.793,304] [0m<dbg> zmk: zmk_hid_mouse_scroll_set: Mouse scroll set to 0/0[0m
[00:00:11.793,334] [0m<dbg> zmk: zmk_hid_mouse_movement_set: Mouse movement set to 0/0[0m
[00:00:11.801,177] [0m<dbg> zmk: apply_config: LISTENER INDEX: 0[0m
[00:00:11.801,177] [0m<dbg> zmk: scale_val: scaled 213 with 1/1 to 213 with remainder 0[0m
[00:00:11.801,239] [0m<dbg> zmk: apply_config: LISTENER INDEX: 0[0m
[00:00:11.801,269] [0m<dbg> zmk: scale_val: scaled 18 with 1/1 to 18 with remainder 0[0m
[00:00:11.801,269] [0m<dbg> zmk: zmk_hid_mouse_movement_set: Mouse movement set to 213/18[0m
[00:00:11.801,330] [0m<dbg> zmk: zmk_hid_mouse_scroll_set: Mouse scroll set to 0/0[0m
[00:00:11.801,361] [0m<dbg> zmk: zmk_hid_mouse_movement_set: Mouse movement set to 0/0[0m
[00:00:11.809,204] [0m<dbg> zmk: apply_config: LISTENER INDEX: 0[0m
[00:00:11.809,204] [0m<dbg> zmk: scale_val: scaled 249 with 1/1 to 249 with remainder 0[0m
[00:00:11.809,265] [0m<dbg> zmk: apply_config: LISTENER INDEX: 0[0m
[00:00:11.809,295] [0m<dbg> zmk: scale_val: scaled 24 with 1/1 to 24 with remainder 0[0m
[00:00:11.809,295] [0m<dbg> zmk: zmk_hid_mouse_movement_set: Mouse movement set to 249/24[0m
[00:00:11.809,356] [0m<dbg> zmk: zmk_hid_mouse_scroll_set: Mouse scroll set to 0/0[0m
[00:00:11.809,387] [0m<dbg> zmk: zmk_hid_mouse_movement_set: Mouse movement set to 0/0[0m
[00:00:11.817,291] [0m<dbg> zmk: apply_config: LISTENER INDEX: 0[0m
[00:00:11.817,321] [0m<dbg> zmk: scale_val: scaled 249 with 1/1 to 249 with remainder 0[0m
[00:00:11.817,352] [0m<dbg> zmk: apply_config: LISTENER INDEX: 0[0m
[00:00:11.817,382] [0m<dbg> zmk: scale_val: scaled 30 with 1/1 to 30 with remainder 0[0m
[00:00:11.817,413] [0m<dbg> zmk: zmk_hid_mouse_movement_set: Mouse movement set to 249/30[0m
[00:00:11.817,443] [0m<dbg> zmk: zmk_hid_mouse_scroll_set: Mouse scroll set to 0/0[0m
[00:00:11.817,474] [0m<dbg> zmk: zmk_hid_mouse_movement_set: Mouse movement set to 0/0[0m
[00:00:11.825,408] [0m<dbg> zmk: apply_config: LISTENER INDEX: 0[0m
[00:00:11.825,439] [0m<dbg> zmk: scale_val: scaled 213 with 1/1 to 213 with remainder 0[0m
[00:00:11.825,500] [0m<dbg> zmk: apply_config: LISTENER INDEX: 0[0m
[00:00:11.825,500] [0m<dbg> zmk: scale_val: scaled 33 with 1/1 to 33 with remainder 0[0m
[00:00:11.825,531] [0m<dbg> zmk: zmk_hid_mouse_movement_set: Mouse movement set to 213/33[0m
[00:00:11.825,622] [0m<dbg> zmk: zmk_hid_mouse_scroll_set: Mouse scroll set to 0/0[0m
[00:00:11.825,653] [0m<dbg> zmk: zmk_hid_mouse_movement_set: Mouse movement set to 0/0[0m
[00:00:11.833,435] [0m<dbg> zmk: apply_config: LISTENER INDEX: 0[0m
[00:00:11.833,465] [0m<dbg> zmk: scale_val: scaled 181 with 1/1 to 181 with remainder 0[0m
[00:00:11.833,526] [0m<dbg> zmk: apply_config: LISTENER INDEX: 0[0m
[00:00:11.833,526] [0m<dbg> zmk: scale_val: scaled 33 with 1/1 to 33 with remainder 0[0m
[00:00:11.833,557] [0m<dbg> zmk: zmk_hid_mouse_movement_set: Mouse movement set to 181/33[0m
[00:00:11.833,618] [0m<dbg> zmk: zmk_hid_mouse_scroll_set: Mouse scroll set to 0/0[0m
[00:00:11.833,618] [0m<dbg> zmk: zmk_hid_mouse_movement_set: Mouse movement set to 0/0[0m
[00:00:11.842,193] [0m<dbg> zmk: apply_config: LISTENER INDEX: 0[0m
[00:00:11.842,193] [0m<dbg> zmk: scale_val: scaled 130 with 1/1 to 130 with remainder 0[0m
[00:00:11.842,254] [0m<dbg> zmk: apply_config: LISTENER INDEX: 0[0m
[00:00:11.842,285] [0m<dbg> zmk: scale_val: scaled 45 with 1/1 to 45 with remainder 0[0m
[00:00:11.842,285] [0m<dbg> zmk: zmk_hid_mouse_movement_set: Mouse movement set to 130/45[0m
[00:00:11.842,346] [0m<dbg> zmk: zmk_hid_mouse_scroll_set: Mouse scroll set to 0/0[0m
[00:00:11.842,376] [0m<dbg> zmk: zmk_hid_mouse_movement_set: Mouse movement set to 0/0[0m
[00:00:11.850,311] [0m<dbg> zmk: apply_config: LISTENER INDEX: 0[0m
[00:00:11.850,311] [0m<dbg> zmk: scale_val: scaled 82 with 1/1 to 82 with remainder 0[0m
[00:00:11.850,372] [0m<dbg> zmk: apply_config: LISTENER INDEX: 0[0m
[00:00:11.850,402] [0m<dbg> zmk: scale_val: scaled 45 with 1/1 to 45 with remainder 0[0m
[00:00:11.850,433] [0m<dbg> zmk: zmk_hid_mouse_movement_set: Mouse movement set to 82/45[0m
[00:00:11.850,463] [0m<dbg> zmk: zmk_hid_mouse_scroll_set: Mouse scroll set to 0/0[0m
[00:00:11.850,494] [0m<dbg> zmk: zmk_hid_mouse_movement_set: Mouse movement set to 0/0[0m
[00:00:11.858,276] [0m<dbg> zmk: apply_config: LISTENER INDEX: 0[0m
[00:00:11.858,276] [0m<dbg> zmk: scale_val: scaled 37 with 1/1 to 37 with remainder 0[0m
[00:00:11.858,337] [0m<dbg> zmk: apply_config: LISTENER INDEX: 0[0m
[00:00:11.858,367] [0m<dbg> zmk: scale_val: scaled 24 with 1/1 to 24 with remainder 0[0m
[00:00:11.858,367] [0m<dbg> zmk: zmk_hid_mouse_movement_set: Mouse movement set to 37/24[0m
[00:00:11.858,428] [0m<dbg> zmk: zmk_hid_mouse_scroll_set: Mouse scroll set to 0/0[0m
[00:00:11.858,459] [0m<dbg> zmk: zmk_hid_mouse_movement_set: Mouse movement set to 0/0[0m
[00:00:11.866,333] [0m<dbg> zmk: apply_config: LISTENER INDEX: 0[0m
[00:00:11.866,363] [0m<dbg> zmk: scale_val: scaled 13 with 1/1 to 13 with remainder 0[0m
[00:00:11.866,394] [0m<dbg> zmk: apply_config: LISTENER INDEX: 0[0m
[00:00:11.866,424] [0m<dbg> zmk: scale_val: scaled 30 with 1/1 to 30 with remainder 0[0m
[00:00:11.866,455] [0m<dbg> zmk: zmk_hid_mouse_movement_set: Mouse movement set to 13/30[0m
[00:00:11.866,485] [0m<dbg> zmk: zmk_hid_mouse_scroll_set: Mouse scroll set to 0/0[0m
[00:00:11.866,516] [0m<dbg> zmk: zmk_hid_mouse_movement_set: Mouse movement set to 0/0[0m
[00:00:11.873,962] [0m<dbg> zmk: apply_config: LISTENER INDEX: 0[0m
[00:00:11.873,992] [0m<dbg> zmk: scale_val: scaled 2 with 1/1 to 2 with remainder 0[0m
[00:00:11.874,053] [0m<dbg> zmk: apply_config: LISTENER INDEX: 0[0m
[00:00:11.874,053] [0m<dbg> zmk: scale_val: scaled 33 with 1/1 to 33 with remainder 0[0m
[00:00:11.874,084] [0m<dbg> zmk: zmk_hid_mouse_movement_set: Mouse movement set to 2/33[0m
[00:00:11.874,145] [0m<dbg> zmk: zmk_hid_mouse_scroll_set: Mouse scroll set to 0/0[0m
[00:00:11.874,145] [0m<dbg> zmk: zmk_hid_mouse_movement_set: Mouse movement set to 0/0[0m
[00:00:11.881,713] [0m<dbg> zmk: apply_config: LISTENER INDEX: 0[0m
[00:00:11.881,713] [0m<dbg> zmk: scale_val: scaled -7 with 1/1 to -7 with remainder 0[0m
[00:00:11.881,774] [0m<dbg> zmk: apply_config: LISTENER INDEX: 0[0m
[00:00:11.881,805] [0m<dbg> zmk: scale_val: scaled 41 with 1/1 to 41 with remainder 0[0m
[00:00:11.881,805] [0m<dbg> zmk: zmk_hid_mouse_movement_set: Mouse movement set to -7/41[0m
[00:00:11.881,866] [0m<dbg> zmk: zmk_hid_mouse_scroll_set: Mouse scroll set to 0/0[0m
[00:00:11.881,896] [0m<dbg> zmk: zmk_hid_mouse_movement_set: Mouse movement set to 0/0[0m
[00:00:11.889,801] [0m<dbg> zmk: apply_config: LISTENER INDEX: 0[0m
[00:00:11.889,831] [0m<dbg> zmk: scale_val: scaled -24 with 1/1 to -24 with remainder 0[0m
[00:00:11.889,892] [0m<dbg> zmk: apply_config: LISTENER INDEX: 0[0m
[00:00:11.889,892] [0m<dbg> zmk: scale_val: scaled 53 with 1/1 to 53 with remainder 0[0m
[00:00:11.889,923] [0m<dbg> zmk: zmk_hid_mouse_movement_set: Mouse movement set to -24/53[0m
[00:00:11.889,984] [0m<dbg> zmk: zmk_hid_mouse_scroll_set: Mouse scroll set to 0/0[0m
[00:00:11.889,984] [0m<dbg> zmk: zmk_hid_mouse_movement_set: Mouse movement set to 0/0[0m
[00:00:11.897,949] [0m<dbg> zmk: apply_config: LISTENER INDEX: 0[0m
[00:00:11.897,949] [0m<dbg> zmk: scale_val: scaled -37 with 1/1 to -37 with remainder 0[0m
[00:00:11.898,010] [0m<dbg> zmk: apply_config: LISTENER INDEX: 0[0m
[00:00:11.898,040] [0m<dbg> zmk: scale_val: scaled 53 with 1/1 to 53 with remainder 0[0m
[00:00:11.898,040] [0m<dbg> zmk: zmk_hid_mouse_movement_set: Mouse movement set to -37/53[0m
[00:00:11.898,101] [0m<dbg> zmk: zmk_hid_mouse_scroll_set: Mouse scroll set to 0/0[0m
[00:00:11.898,132] [0m<dbg> zmk: zmk_hid_mouse_movement_set: Mouse movement set to 0/0[0m
[00:00:11.905,944] [0m<dbg> zmk: apply_config: LISTENER INDEX: 0[0m
[00:00:11.905,975] [0m<dbg> zmk: scale_val: scaled -53 with 1/1 to -53 with remainder 0[0m
[00:00:11.906,005] [0m<dbg> zmk: apply_config: LISTENER INDEX: 0[0m
[00:00:11.906,036] [0m<dbg> zmk: scale_val: scaled 57 with 1/1 to 57 with remainder 0[0m
[00:00:11.906,066] [0m<dbg> zmk: zmk_hid_mouse_movement_set: Mouse movement set to -53/57[0m
[00:00:11.906,127] [0m<dbg> zmk: zmk_hid_mouse_scroll_set: Mouse scroll set to 0/0[0m
[00:00:11.906,127] [0m<dbg> zmk: zmk_hid_mouse_movement_set: Mouse movement set to 0/0[0m
[00:00:11.914,001] [0m<dbg> zmk: apply_config: LISTENER INDEX: 0[0m
[00:00:11.914,001] [0m<dbg> zmk: scale_val: scaled -57 with 1/1 to -57 with remainder 0[0m
[00:00:11.914,062] [0m<dbg> zmk: apply_config: LISTENER INDEX: 0[0m
[00:00:11.914,093] [0m<dbg> zmk: scale_val: scaled 53 with 1/1 to 53 with remainder 0[0m
[00:00:11.914,093] [0m<dbg> zmk: zmk_hid_mouse_movement_set: Mouse movement set to -57/53[0m
[00:00:11.914,154] [0m<dbg> zmk: zmk_hid_mouse_scroll_set: Mouse scroll set to 0/0[0m
[00:00:11.914,154] [0m<dbg> zmk: zmk_hid_mouse_movement_set: Mouse movement set to 0/0[0m
[00:00:11.922,058] [0m<dbg> zmk: apply_config: LISTENER INDEX: 0[0m
[00:00:11.922,058] [0m<dbg> zmk: scale_val: scaled -82 with 1/1 to -82 with remainder 0[0m
[00:00:11.922,119] [0m<dbg> zmk: apply_config: LISTENER INDEX: 0[0m
[00:00:11.922,149] [0m<dbg> zmk: scale_val: scaled 45 with 1/1 to 45 with remainder 0[0m
[00:00:11.922,149] [0m<dbg> zmk: zmk_hid_mouse_movement_set: Mouse movement set to -82/45[0m
[00:00:11.922,210] [0m<dbg> zmk: zmk_hid_mouse_scroll_set: Mouse scroll set to 0/0[0m
[00:00:11.922,210] [0m<dbg> zmk: zmk_hid_mouse_movement_set: Mouse movement set to 0/0[0m
[00:00:11.930,114] [0m<dbg> zmk: apply_config: LISTENER INDEX: 0[0m
[00:00:11.930,145] [0m<dbg> zmk: scale_val: scaled -82 with 1/1 to -82 with remainder 0[0m
[00:00:11.930,206] [0m<dbg> zmk: apply_config: LISTENER INDEX: 0[0m
[00:00:11.930,206] [0m<dbg> zmk: scale_val: scaled 45 with 1/1 to 45 with remainder 0[0m
[00:00:11.930,236] [0m<dbg> zmk: zmk_hid_mouse_movement_set: Mouse movement set to -82/45[0m
[00:00:11.930,267] [0m<dbg> zmk: zmk_hid_mouse_scroll_set: Mouse scroll set to 0/0[0m
[00:00:11.930,297] [0m<dbg> zmk: zmk_hid_mouse_movement_set: Mouse movement set to 0/0[0m
[00:00:11.938,293] [0m<dbg> zmk: apply_config: LISTENER INDEX: 0[0m
[00:00:11.938,293] [0m<dbg> zmk: scale_val: scaled -93 with 1/1 to -93 with remainder 0[0m
[00:00:11.938,354] [0m<dbg> zmk: apply_config: LISTENER INDEX: 0[0m
[00:00:11.938,385] [0m<dbg> zmk: scale_val: scaled 45 with 1/1 to 45 with remainder 0[0m
[00:00:11.938,385] [0m<dbg> zmk: zmk_hid_mouse_movement_set: Mouse movement set to -93/45[0m
[00:00:11.938,446] [0m<dbg> zmk: zmk_hid_mouse_scroll_set: Mouse scroll set to 0/0[0m
[00:00:11.938,476] [0m<dbg> zmk: zmk_hid_mouse_movement_set: Mouse movement set to 0/0[0m
[00:00:11.946,411] [0m<dbg> zmk: apply_config: LISTENER INDEX: 0[0m
[00:00:11.946,441] [0m<dbg> zmk: scale_val: scaled -87 with 1/1 to -87 with remainder 0[0m
[00:00:11.946,502] [0m<dbg> zmk: apply_config: LISTENER INDEX: 0[0m
[00:00:11.946,533] [0m<dbg> zmk: scale_val: scaled 33 with 1/1 to 33 with remainder 0[0m
[00:00:11.946,533] [0m<dbg> zmk: zmk_hid_mouse_movement_set: Mouse movement set to -87/33[0m
[00:00:11.946,594] [0m<dbg> zmk: zmk_hid_mouse_scroll_set: Mouse scroll set to 0/0[0m
[00:00:11.946,594] [0m<dbg> zmk: zmk_hid_mouse_movement_set: Mouse movement set to 0/0[0m
[00:00:11.954,315] [0m<dbg> zmk: apply_config: LISTENER INDEX: 0[0m
[00:00:11.954,345] [0m<dbg> zmk: scale_val: scaled -82 with 1/1 to -82 with remainder 0[0m
[00:00:11.954,406] [0m<dbg> zmk: apply_config: LISTENER INDEX: 0[0m
[00:00:11.954,406] [0m<dbg> zmk: scale_val: scaled 24 with 1/1 to 24 with remainder 0[0m
[00:00:11.954,437] [0m<dbg> zmk: zmk_hid_mouse_movement_set: Mouse movement set to -82/24[0m
[00:00:11.954,498] [0m<dbg> zmk: zmk_hid_mouse_scroll_set: Mouse scroll set to 0/0[0m
[00:00:11.954,498] [0m<dbg> zmk: zmk_hid_mouse_movement_set: Mouse movement set to 0/0[0m
[00:00:11.962,371] [0m<dbg> zmk: apply_config: LISTENER INDEX: 0[0m
[00:00:11.962,371] [0m<dbg> zmk: scale_val: scaled -82 with 1/1 to -82 with remainder 0[0m
[00:00:11.962,432] [0m<dbg> zmk: apply_config: LISTENER INDEX: 0[0m
[00:00:11.962,463] [0m<dbg> zmk: scale_val: scaled 18 with 1/1 to 18 with remainder 0[0m
[00:00:11.962,463] [0m<dbg> zmk: zmk_hid_mouse_movement_set: Mouse movement set to -82/18[0m
[00:00:11.962,524] [0m<dbg> zmk: zmk_hid_mouse_scroll_set: Mouse scroll set to 0/0[0m
[00:00:11.962,554] [0m<dbg> zmk: zmk_hid_mouse_movement_set: Mouse movement set to 0/0[0m
[00:00:11.971,343] [0m<dbg> zmk: apply_config: LISTENER INDEX: 0[0m
[00:00:11.971,343] [0m<dbg> zmk: scale_val: scaled -82 with 1/1 to -82 with remainder 0[0m
[00:00:11.971,405] [0m<dbg> zmk: apply_config: LISTENER INDEX: 0[0m
[00:00:11.971,435] [0m<dbg> zmk: scale_val: scaled 18 with 1/1 to 18 with remainder 0[0m
[00:00:11.971,435] [0m<dbg> zmk: zmk_hid_mouse_movement_set: Mouse movement set to -82/18[0m
[00:00:11.971,496] [0m<dbg> zmk: zmk_hid_mouse_scroll_set: Mouse scroll set to 0/0[0m
[00:00:11.971,496] [0m<dbg> zmk: zmk_hid_mouse_movement_set: Mouse movement set to 0/0[0m
[00:00:11.979,217] [0m<dbg> zmk: apply_config: LISTENER INDEX: 0[0m
[00:00:11.979,217] [0m<dbg> zmk: scale_val: scaled -82 with 1/1 to -82 with remainder 0[0m
[00:00:11.979,278] [0m<dbg> zmk: apply_config: LISTENER INDEX: 0[0m
[00:00:11.979,309] [0m<dbg> zmk: scale_val: scaled 13 with 1/1 to 13 with remainder 0[0m
[00:00:11.979,309] [0m<dbg> zmk: zmk_hid_mouse_movement_set: Mouse movement set to -82/13[0m
[00:00:11.979,370] [0m<dbg> zmk: zmk_hid_mouse_scroll_set: Mouse scroll set to 0/0[0m
[00:00:11.979,370] [0m<dbg> zmk: zmk_hid_mouse_movement_set: Mouse movement set to 0/0[0m
[00:00:11.987,274] [0m<dbg> zmk: apply_config: LISTENER INDEX: 0[0m
[00:00:11.987,304] [0m<dbg> zmk: scale_val: scaled -77 with 1/1 to -77 with remainder 0[0m
[00:00:11.987,396] [0m<dbg> zmk: apply_config: LISTENER INDEX: 0[0m
[00:00:11.987,396] [0m<dbg> zmk: scale_val: scaled 11 with 1/1 to 11 with remainder 0[0m
[00:00:11.987,426] [0m<dbg> zmk: zmk_hid_mouse_movement_set: Mouse movement set to -77/11[0m
[00:00:11.987,457] [0m<dbg> zmk: zmk_hid_mouse_scroll_set: Mouse scroll set to 0/0[0m
[00:00:11.987,487] [0m<dbg> zmk: zmk_hid_mouse_movement_set: Mouse movement set to 0/0[0m
[00:00:11.994,628] [0m<dbg> zmk: apply_config: LISTENER INDEX: 0[0m
[00:00:11.994,659] [0m<dbg> zmk: scale_val: scaled -77 with 1/1 to -77 with remainder 0[0m
[00:00:11.994,720] [0m<dbg> zmk: apply_config: LISTENER INDEX: 0[0m
[00:00:11.994,720] [0m<dbg> zmk: scale_val: scaled 5 with 1/1 to 5 with remainder 0[0m
[00:00:11.994,750] [0m<dbg> zmk: zmk_hid_mouse_movement_set: Mouse movement set to -77/5[0m
[00:00:11.995,025] [0m<dbg> zmk: zmk_hid_mouse_scroll_set: Mouse scroll set to 0/0[0m
[00:00:11.995,056] [0m<dbg> zmk: zmk_hid_mouse_movement_set: Mouse movement set to 0/0[0m
[00:00:12.002,685] [0m<dbg> zmk: apply_config: LISTENER INDEX: 0[0m
[00:00:12.002,716] [0m<dbg> zmk: scale_val: scaled -72 with 1/1 to -72 with remainder 0[0m
[00:00:12.002,777] [0m<dbg> zmk: apply_config: LISTENER INDEX: 0[0m
[00:00:12.002,777] [0m<dbg> zmk: scale_val: scaled 2 with 1/1 to 2 with remainder 0[0m
[00:00:12.002,807] [0m<dbg> zmk: zmk_hid_mouse_movement_set: Mouse movement set to -72/2[0m
[00:00:12.002,868] [0m<dbg> zmk: zmk_hid_mouse_scroll_set: Mouse scroll set to 0/0[0m
[00:00:12.002,868] [0m<dbg> zmk: zmk_hid_mouse_movement_set: Mouse movement set to 0/0[0m
[00:00:12.011,444] [0m<dbg> zmk: apply_config: LISTENER INDEX: 0[0m
[00:00:12.011,474] [0m<dbg> zmk: scale_val: scaled -57 with 1/1 to -57 with remainder 0[0m
[00:00:12.011,535] [0m<dbg> zmk: apply_config: LISTENER INDEX: 0[0m
[00:00:12.011,535] [0m<dbg> zmk: scale_val: scaled 0 with 1/1 to 0 with remainder 0[0m
[00:00:12.011,566] [0m<dbg> zmk: zmk_hid_mouse_movement_set: Mouse movement set to -57/0[0m
[00:00:12.011,627] [0m<dbg> zmk: zmk_hid_mouse_scroll_set: Mouse scroll set to 0/0[0m
[00:00:12.011,627] [0m<dbg> zmk: zmk_hid_mouse_movement_set: Mouse movement set to 0/0[0m
[00:00:12.019,653] [0m<dbg> zmk: apply_config: LISTENER INDEX: 0[0m
[00:00:12.019,683] [0m<dbg> zmk: scale_val: scaled -41 with 1/1 to -41 with remainder 0[0m
[00:00:12.019,744] [0m<dbg> zmk: apply_config: LISTENER INDEX: 0[0m
[00:00:12.019,744] [0m<dbg> zmk: scale_val: scaled -9 with 1/1 to -9 with remainder 0[0m
[00:00:12.019,775] [0m<dbg> zmk: zmk_hid_mouse_movement_set: Mouse movement set to -41/-9[0m
[00:00:12.019,836] [0m<dbg> zmk: zmk_hid_mouse_scroll_set: Mouse scroll set to 0/0[0m
[00:00:12.019,836] [0m<dbg> zmk: zmk_hid_mouse_movement_set: Mouse movement set to 0/0[0m
[00:00:12.026,977] [0m<dbg> zmk: apply_config: LISTENER INDEX: 0[0m
[00:00:12.027,038] [0m<dbg> zmk: scale_val: scaled -30 with 1/1 to -30 with remainder 0[0m
[00:00:12.027,160] [0m<dbg> zmk: apply_config: LISTENER INDEX: 0[0m
[00:00:12.027,160] [0m<dbg> zmk: scale_val: scaled -24 with 1/1 to -24 with remainder 0[0m
[00:00:12.027,191] [0m<dbg> zmk: zmk_hid_mouse_movement_set: Mouse movement set to -30/-24[0m
[00:00:12.027,252] [0m<dbg> zmk: zmk_hid_mouse_scroll_set: Mouse scroll set to 0/0[0m
[00:00:12.027,252] [0m<dbg> zmk: zmk_hid_mouse_movement_set: Mouse movement set to 0/0[0m
[00:00:12.034,942] [0m<dbg> zmk: apply_config: LISTENER INDEX: 0[0m
[00:00:12.034,942] [0m<dbg> zmk: scale_val: scaled -27 with 1/1 to -27 with remainder 0[0m
[00:00:12.035,003] [0m<dbg> zmk: apply_config: LISTENER INDEX: 0[0m
[00:00:12.035,034] [0m<dbg> zmk: scale_val: scaled -49 with 1/1 to -49 with remainder 0[0m
[00:00:12.035,034] [0m<dbg> zmk: zmk_hid_mouse_movement_set: Mouse movement set to -27/-49[0m
[00:00:12.035,095] [0m<dbg> zmk: zmk_hid_mouse_scroll_set: Mouse scroll set to 0/0[0m
[00:00:12.035,125] [0m<dbg> zmk: zmk_hid_mouse_movement_set: Mouse movement set to 0/0[0m
[00:00:12.042,999] [0m<dbg> zmk: apply_config: LISTENER INDEX: 0[0m
[00:00:12.043,029] [0m<dbg> zmk: scale_val: scaled -21 with 1/1 to -21 with remainder 0[0m
[00:00:12.043,212] [0m<dbg> zmk: apply_config: LISTENER INDEX: 0[0m
[00:00:12.043,212] [0m<dbg> zmk: scale_val: scaled -77 with 1/1 to -77 with remainder 0[0m
[00:00:12.043,243] [0m<dbg> zmk: zmk_hid_mouse_movement_set: Mouse movement set to -21/-77[0m
[00:00:12.043,487] [0m<dbg> zmk: zmk_hid_mouse_scroll_set: Mouse scroll set to 0/0[0m
[00:00:12.043,487] [0m<dbg> zmk: zmk_hid_mouse_movement_set: Mouse movement set to 0/0[0m
[00:00:12.051,177] [0m<dbg> zmk: apply_config: LISTENER INDEX: 0[0m
[00:00:12.051,208] [0m<dbg> zmk: scale_val: scaled -15 with 1/1 to -15 with remainder 0[0m
[00:00:12.051,269] [0m<dbg> zmk: apply_config: LISTENER INDEX: 0[0m
[00:00:12.051,269] [0m<dbg> zmk: scale_val: scaled -130 with 1/1 to -130 with remainder 0[0m
[00:00:12.051,300] [0m<dbg> zmk: zmk_hid_mouse_movement_set: Mouse movement set to -15/-130[0m
[00:00:12.051,361] [0m<dbg> zmk: zmk_hid_mouse_scroll_set: Mouse scroll set to 0/0[0m
[00:00:12.051,361] [0m<dbg> zmk: zmk_hid_mouse_movement_set: Mouse movement set to 0/0[0m
[00:00:12.059,112] [0m<dbg> zmk: apply_config: LISTENER INDEX: 0[0m
[00:00:12.059,143] [0m<dbg> zmk: scale_val: scaled -9 with 1/1 to -9 with remainder 0[0m
[00:00:12.059,204] [0m<dbg> zmk: apply_config: LISTENER INDEX: 0[0m
[00:00:12.059,204] [0m<dbg> zmk: scale_val: scaled -158 with 1/1 to -158 with remainder 0[0m
[00:00:12.059,234] [0m<dbg> zmk: zmk_hid_mouse_movement_set: Mouse movement set to -9/-158[0m
[00:00:12.059,295] [0m<dbg> zmk: zmk_hid_mouse_scroll_set: Mouse scroll set to 0/0[0m
[00:00:12.059,295] [0m<dbg> zmk: zmk_hid_mouse_movement_set: Mouse movement set to 0/0[0m
[00:00:12.067,169] [0m<dbg> zmk: apply_config: LISTENER INDEX: 0[0m
[00:00:12.067,199] [0m<dbg> zmk: scale_val: scaled -5 with 1/1 to -5 with remainder 0[0m
[00:00:12.067,260] [0m<dbg> zmk: apply_config: LISTENER INDEX: 0[0m
[00:00:12.067,260] [0m<dbg> zmk: scale_val: scaled -158 with 1/1 to -158 with remainder 0[0m
[00:00:12.067,291] [0m<dbg> zmk: zmk_hid_mouse_movement_set: Mouse movement set to -5/-158[0m
[00:00:12.067,352] [0m<dbg> zmk: zmk_hid_mouse_scroll_set: Mouse scroll set to 0/0[0m
[00:00:12.067,352] [0m<dbg> zmk: zmk_hid_mouse_movement_set: Mouse movement set to 0/0[0m
[00:00:12.075,317] [0m<dbg> zmk: apply_config: LISTENER INDEX: 0[0m
[00:00:12.075,347] [0m<dbg> zmk: scale_val: scaled -3 with 1/1 to -3 with remainder 0[0m
[00:00:12.075,378] [0m<dbg> zmk: apply_config: LISTENER INDEX: 0[0m
[00:00:12.075,408] [0m<dbg> zmk: scale_val: scaled -158 with 1/1 to -158 with remainder 0[0m
[00:00:12.075,439] [0m<dbg> zmk: zmk_hid_mouse_movement_set: Mouse movement set to -3/-158[0m
[00:00:12.075,469] [0m<dbg> zmk: zmk_hid_mouse_scroll_set: Mouse scroll set to 0/0[0m
[00:00:12.075,500] [0m<dbg> zmk: zmk_hid_mouse_movement_set: Mouse movement set to 0/0[0m
[00:00:12.083,312] [0m<dbg> zmk: apply_config: LISTENER INDEX: 0[0m
[00:00:12.083,343] [0m<dbg> zmk: scale_val: scaled 0 with 1/1 to 0 with remainder 0[0m
[00:00:12.083,404] [0m<dbg> zmk: apply_config: LISTENER INDEX: 0[0m
[00:00:12.083,404] [0m<dbg> zmk: scale_val: scaled -144 with 1/1 to -144 with remainder 0[0m
[00:00:12.083,435] [0m<dbg> zmk: zmk_hid_mouse_movement_set: Mouse movement set to 0/-144[0m
[00:00:12.083,465] [0m<dbg> zmk: zmk_hid_mouse_scroll_set: Mouse scroll set to 0/0[0m
[00:00:12.083,496] [0m<dbg> zmk: zmk_hid_mouse_movement_set: Mouse movement set to 0/0[0m
[00:00:12.091,369] [0m<dbg> zmk: apply_config: LISTENER INDEX: 0[0m
[00:00:12.091,400] [0m<dbg> zmk: scale_val: scaled 5 with 1/1 to 5 with remainder 0[0m
[00:00:12.091,461] [0m<dbg> zmk: apply_config: LISTENER INDEX: 0[0m
[00:00:12.091,491] [0m<dbg> zmk: scale_val: scaled -117 with 1/1 to -117 with remainder 0[0m
[00:00:12.091,491] [0m<dbg> zmk: zmk_hid_mouse_movement_set: Mouse movement set to 5/-117[0m
[00:00:12.091,552] [0m<dbg> zmk: zmk_hid_mouse_scroll_set: Mouse scroll set to 0/0[0m
[00:00:12.091,552] [0m<dbg> zmk: zmk_hid_mouse_movement_set: Mouse movement set to 0/0[0m
[00:00:12.100,189] [0m<dbg> zmk: apply_config: LISTENER INDEX: 0[0m
[00:00:12.100,219] [0m<dbg> zmk: scale_val: scaled 18 with 1/1 to 18 with remainder 0[0m
[00:00:12.100,250] [0m<dbg> zmk: apply_config: LISTENER INDEX: 0[0m
[00:00:12.100,280] [0m<dbg> zmk: scale_val: scaled -87 with 1/1 to -87 with remainder 0[0m
[00:00:12.100,311] [0m<dbg> zmk: zmk_hid_mouse_movement_set: Mouse movement set to 18/-87[0m
[00:00:12.100,341] [0m<dbg> zmk: zmk_hid_mouse_scroll_set: Mouse scroll set to 0/0[0m
[00:00:12.100,372] [0m<dbg> zmk: zmk_hid_mouse_movement_set: Mouse movement set to 0/0[0m
[00:00:12.108,245] [0m<dbg> zmk: apply_config: LISTENER INDEX: 0[0m
[00:00:12.108,276] [0m<dbg> zmk: scale_val: scaled 33 with 1/1 to 33 with remainder 0[0m
[00:00:12.108,306] [0m<dbg> zmk: apply_config: LISTENER INDEX: 0[0m
[00:00:12.108,337] [0m<dbg> zmk: scale_val: scaled -77 with 1/1 to -77 with remainder 0[0m
[00:00:12.108,367] [0m<dbg> zmk: zmk_hid_mouse_movement_set: Mouse movement set to 33/-77[0m
[00:00:12.108,428] [0m<dbg> zmk: zmk_hid_mouse_scroll_set: Mouse scroll set to 0/0[0m
[00:00:12.108,428] [0m<dbg> zmk: zmk_hid_mouse_movement_set: Mouse movement set to 0/0[0m
[00:00:12.116,302] [0m<dbg> zmk: apply_config: LISTENER INDEX: 0[0m
[00:00:12.116,302] [0m<dbg> zmk: scale_val: scaled 49 with 1/1 to 49 with remainder 0[0m
[00:00:12.116,363] [0m<dbg> zmk: apply_config: LISTENER INDEX: 0[0m
[00:00:12.116,363] [0m<dbg> zmk: scale_val: scaled -57 with 1/1 to -57 with remainder 0[0m
[00:00:12.116,394] [0m<dbg> zmk: zmk_hid_mouse_movement_set: Mouse movement set to 49/-57[0m
[00:00:12.116,455] [0m<dbg> zmk: zmk_hid_mouse_scroll_set: Mouse scroll set to 0/0[0m
[00:00:12.116,455] [0m<dbg> zmk: zmk_hid_mouse_movement_set: Mouse movement set to 0/0[0m
[00:00:12.123,779] [0m<dbg> zmk: apply_config: LISTENER INDEX: 0[0m
[00:00:12.123,779] [0m<dbg> zmk: scale_val: scaled 53 with 1/1 to 53 with remainder 0[0m
[00:00:12.123,901] [0m<dbg> zmk: apply_config: LISTENER INDEX: 0[0m
[00:00:12.123,931] [0m<dbg> zmk: scale_val: scaled -45 with 1/1 to -45 with remainder 0[0m
[00:00:12.123,931] [0m<dbg> zmk: zmk_hid_mouse_movement_set: Mouse movement set to 53/-45[0m
[00:00:12.123,992] [0m<dbg> zmk: zmk_hid_mouse_scroll_set: Mouse scroll set to 0/0[0m
[00:00:12.124,023] [0m<dbg> zmk: zmk_hid_mouse_movement_set: Mouse movement set to 0/0[0m
[00:00:12.131,683] [0m<dbg> zmk: apply_config: LISTENER INDEX: 0[0m
[00:00:12.131,713] [0m<dbg> zmk: scale_val: scaled 67 with 1/1 to 67 with remainder 0[0m
[00:00:12.131,774] [0m<dbg> zmk: apply_config: LISTENER INDEX: 0[0m
[00:00:12.131,774] [0m<dbg> zmk: scale_val: scaled -27 with 1/1 to -27 with remainder 0[0m
[00:00:12.131,805] [0m<dbg> zmk: zmk_hid_mouse_movement_set: Mouse movement set to 67/-27[0m
[00:00:12.131,866] [0m<dbg> zmk: zmk_hid_mouse_scroll_set: Mouse scroll set to 0/0[0m
[00:00:12.131,866] [0m<dbg> zmk: zmk_hid_mouse_movement_set: Mouse movement set to 0/0[0m
[00:00:12.139,770] [0m<dbg> zmk: apply_config: LISTENER INDEX: 0[0m
[00:00:12.139,770] [0m<dbg> zmk: scale_val: scaled 82 with 1/1 to 82 with remainder 0[0m
[00:00:12.139,831] [0m<dbg> zmk: apply_config: LISTENER INDEX: 0[0m
[00:00:12.139,862] [0m<dbg> zmk: scale_val: scaled -15 with 1/1 to -15 with remainder 0[0m
[00:00:12.139,862] [0m<dbg> zmk: zmk_hid_mouse_movement_set: Mouse movement set to 82/-15[0m
[00:00:12.139,923] [0m<dbg> zmk: zmk_hid_mouse_scroll_set: Mouse scroll set to 0/0[0m
[00:00:12.139,953] [0m<dbg> zmk: zmk_hid_mouse_movement_set: Mouse movement set to 0/0[0m
[00:00:12.147,827] [0m<dbg> zmk: apply_config: LISTENER INDEX: 0[0m
[00:00:12.147,857] [0m<dbg> zmk: scale_val: scaled 87 with 1/1 to 87 with remainder 0[0m
[00:00:12.147,888] [0m<dbg> zmk: apply_config: LISTENER INDEX: 0[0m
[00:00:12.147,918] [0m<dbg> zmk: scale_val: scaled -9 with 1/1 to -9 with remainder 0[0m
[00:00:12.147,918] [0m<dbg> zmk: zmk_hid_mouse_movement_set: Mouse movement set to 87/-9[0m
[00:00:12.147,979] [0m<dbg> zmk: zmk_hid_mouse_scroll_set: Mouse scroll set to 0/0[0m
[00:00:12.148,010] [0m<dbg> zmk: zmk_hid_mouse_movement_set: Mouse movement set to 0/0[0m
[00:00:12.156,036] [0m<dbg> zmk: apply_config: LISTENER INDEX: 0[0m
[00:00:12.156,066] [0m<dbg> zmk: scale_val: scaled 93 with 1/1 to 93 with remainder 0[0m
[00:00:12.156,097] [0m<dbg> zmk: apply_config: LISTENER INDEX: 0[0m
[00:00:12.156,127] [0m<dbg> zmk: scale_val: scaled -5 with 1/1 to -5 with remainder 0[0m
[00:00:12.156,158] [0m<dbg> zmk: zmk_hid_mouse_movement_set: Mouse movement set to 93/-5[0m
[00:00:12.156,188] [0m<dbg> zmk: zmk_hid_mouse_scroll_set: Mouse scroll set to 0/0[0m
[00:00:12.156,219] [0m<dbg> zmk: zmk_hid_mouse_movement_set: Mouse movement set to 0/0[0m
[00:00:12.163,970] [0m<dbg> zmk: apply_config: LISTENER INDEX: 0[0m
[00:00:12.163,970] [0m<dbg> zmk: scale_val: scaled 93 with 1/1 to 93 with remainder 0[0m
[00:00:12.164,031] [0m<dbg> zmk: apply_config: LISTENER INDEX: 0[0m
[00:00:12.164,062] [0m<dbg> zmk: scale_val: scaled -1 with 1/1 to -1 with remainder 0[0m
[00:00:12.164,093] [0m<dbg> zmk: zmk_hid_mouse_movement_set: Mouse movement set to 93/-1[0m
[00:00:12.164,123] [0m<dbg> zmk: zmk_hid_mouse_scroll_set: Mouse scroll set to 0/0[0m
[00:00:12.164,154] [0m<dbg> zmk: zmk_hid_mouse_movement_set: Mouse movement set to 0/0[0m
[00:00:12.172,027] [0m<dbg> zmk: apply_config: LISTENER INDEX: 0[0m
[00:00:12.172,027] [0m<dbg> zmk: scale_val: scaled 105 with 1/1 to 105 with remainder 0[0m
[00:00:12.172,088] [0m<dbg> zmk: apply_config: LISTENER INDEX: 0[0m
[00:00:12.172,119] [0m<dbg> zmk: scale_val: scaled 0 with 1/1 to 0 with remainder 0[0m
[00:00:12.172,119] [0m<dbg> zmk: zmk_hid_mouse_movement_set: Mouse movement set to 105/0[0m
[00:00:12.172,180] [0m<dbg> zmk: zmk_hid_mouse_scroll_set: Mouse scroll set to 0/0[0m
[00:00:12.172,180] [0m<dbg> zmk: zmk_hid_mouse_movement_set: Mouse movement set to 0/0[0m
[00:00:12.180,084] [0m<dbg> zmk: apply_config: LISTENER INDEX: 0[0m
[00:00:12.180,114] [0m<dbg> zmk: scale_val: scaled 99 with 1/1 to 99 with remainder 0[0m
[00:00:12.180,175] [0m<dbg> zmk: apply_config: LISTENER INDEX: 0[0m
[00:00:12.180,175] [0m<dbg> zmk: scale_val: scaled 5 with 1/1 to 5 with remainder 0[0m
[00:00:12.180,267] [0m<dbg> zmk: zmk_hid_mouse_movement_set: Mouse movement set to 99/5[0m
[00:00:12.180,328] [0m<dbg> zmk: zmk_hid_mouse_scroll_set: Mouse scroll set to 0/0[0m
[00:00:12.180,328] [0m<dbg> zmk: zmk_hid_mouse_movement_set: Mouse movement set to 0/0[0m
[00:00:12.188,232] [0m<dbg> zmk: apply_config: LISTENER INDEX: 0[0m
[00:00:12.188,262] [0m<dbg> zmk: scale_val: scaled 99 with 1/1 to 99 with remainder 0[0m
[00:00:12.188,293] [0m<dbg> zmk: apply_config: LISTENER INDEX: 0[0m
[00:00:12.188,323] [0m<dbg> zmk: scale_val: scaled 11 with 1/1 to 11 with remainder 0[0m
[00:00:12.188,354] [0m<dbg> zmk: zmk_hid_mouse_movement_set: Mouse movement set to 99/11[0m
[00:00:12.188,385] [0m<dbg> zmk: zmk_hid_mouse_scroll_set: Mouse scroll set to 0/0[0m
[00:00:12.188,415] [0m<dbg> zmk: zmk_hid_mouse_movement_set: Mouse movement set to 0/0[0m
[00:00:12.196,258] [0m<dbg> zmk: apply_config: LISTENER INDEX: 0[0m
[00:00:12.196,289] [0m<dbg> zmk: scale_val: scaled 93 with 1/1 to 93 with remainder 0[0m
[00:00:12.196,350] [0m<dbg> zmk: apply_config: LISTENER INDEX: 0[0m
[00:00:12.196,350] [0m<dbg> zmk: scale_val: scaled 15 with 1/1 to 15 with remainder 0[0m
[00:00:12.196,380] [0m<dbg> zmk: zmk_hid_mouse_movement_set: Mouse movement set to 93/15[0m
[00:00:12.196,441] [0m<dbg> zmk: zmk_hid_mouse_scroll_set: Mouse scroll set to 0/0[0m
[00:00:12.196,441] [0m<dbg> zmk: zmk_hid_mouse_movement_set: Mouse movement set to 0/0[0m
[00:00:12.204,315] [0m<dbg> zmk: apply_config: LISTENER INDEX: 0[0m
[00:00:12.204,345] [0m<dbg> zmk: scale_val: scaled 87 with 1/1 to 87 with remainder 0[0m
[00:00:12.204,406] [0m<dbg> zmk: apply_config: LISTENER INDEX: 0[0m
[00:00:12.204,406] [0m<dbg> zmk: scale_val: scaled 21 with 1/1 to 21 with remainder 0[0m
[00:00:12.204,437] [0m<dbg> zmk: zmk_hid_mouse_movement_set: Mouse movement set to 87/21[0m
[00:00:12.204,498] [0m<dbg> zmk: zmk_hid_mouse_scroll_set: Mouse scroll set to 0/0[0m
[00:00:12.204,498] [0m<dbg> zmk: zmk_hid_mouse_movement_set: Mouse movement set to 0/0[0m
[00:00:12.213,043] [0m<dbg> zmk: apply_config: LISTENER INDEX: 0[0m
[00:00:12.213,073] [0m<dbg> zmk: scale_val: scaled 72 with 1/1 to 72 with remainder 0[0m
[00:00:12.213,104] [0m<dbg> zmk: apply_config: LISTENER INDEX: 0[0m
[00:00:12.213,134] [0m<dbg> zmk: scale_val: scaled 27 with 1/1 to 27 with remainder 0[0m
[00:00:12.213,165] [0m<dbg> zmk: zmk_hid_mouse_movement_set: Mouse movement set to 72/27[0m
[00:00:12.213,226] [0m<dbg> zmk: zmk_hid_mouse_scroll_set: Mouse scroll set to 0/0[0m
[00:00:12.213,226] [0m<dbg> zmk: zmk_hid_mouse_movement_set: Mouse movement set to 0/0[0m
[00:00:12.221,099] [0m<dbg> zmk: apply_config: LISTENER INDEX: 0[0m
[00:00:12.221,099] [0m<dbg> zmk: scale_val: scaled 57 with 1/1 to 57 with remainder 0[0m
[00:00:12.221,160] [0m<dbg> zmk: apply_config: LISTENER INDEX: 0[0m
[00:00:12.221,191] [0m<dbg> zmk: scale_val: scaled 27 with 1/1 to 27 with remainder 0[0m
[00:00:12.221,191] [0m<dbg> zmk: zmk_hid_mouse_movement_set: Mouse movement set to 57/27[0m
[00:00:12.221,252] [0m<dbg> zmk: zmk_hid_mouse_scroll_set: Mouse scroll set to 0/0[0m
[00:00:12.221,282] [0m<dbg> zmk: zmk_hid_mouse_movement_set: Mouse movement set to 0/0[0m
[00:00:12.228,607] [0m<dbg> zmk: apply_config: LISTENER INDEX: 0[0m
[00:00:12.228,607] [0m<dbg> zmk: scale_val: scaled 45 with 1/1 to 45 with remainder 0[0m
[00:00:12.228,668] [0m<dbg> zmk: apply_config: LISTENER INDEX: 0[0m
[00:00:12.228,698] [0m<dbg> zmk: scale_val: scaled 24 with 1/1 to 24 with remainder 0[0m
[00:00:12.228,698] [0m<dbg> zmk: zmk_hid_mouse_movement_set: Mouse movement set to 45/24[0m
[00:00:12.228,759] [0m<dbg> zmk: zmk_hid_mouse_scroll_set: Mouse scroll set to 0/0[0m
[00:00:12.228,790] [0m<dbg> zmk: zmk_hid_mouse_movement_set: Mouse movement set to 0/0[0m
[00:00:12.236,450] [0m<dbg> zmk: apply_config: LISTENER INDEX: 0[0m
[00:00:12.236,450] [0m<dbg> zmk: scale_val: scaled 24 with 1/1 to 24 with remainder 0[0m
[00:00:12.236,511] [0m<dbg> zmk: apply_config: LISTENER INDEX: 0[0m
[00:00:12.236,541] [0m<dbg> zmk: scale_val: scaled 27 with 1/1 to 27 with remainder 0[0m
[00:00:12.236,541] [0m<dbg> zmk: zmk_hid_mouse_movement_set: Mouse movement set to 24/27[0m
[00:00:12.236,602] [0m<dbg> zmk: zmk_hid_mouse_scroll_set: Mouse scroll set to 0/0[0m
[00:00:12.236,633] [0m<dbg> zmk: zmk_hid_mouse_movement_set: Mouse movement set to 0/0[0m
[00:00:12.244,506] [0m<dbg> zmk: apply_config: LISTENER INDEX: 0[0m
[00:00:12.244,537] [0m<dbg> zmk: scale_val: scaled 15 with 1/1 to 15 with remainder 0[0m
[00:00:12.244,598] [0m<dbg> zmk: apply_config: LISTENER INDEX: 0[0m
[00:00:12.244,598] [0m<dbg> zmk: scale_val: scaled 24 with 1/1 to 24 with remainder 0[0m
[00:00:12.244,628] [0m<dbg> zmk: zmk_hid_mouse_movement_set: Mouse movement set to 15/24[0m
[00:00:12.244,689] [0m<dbg> zmk: zmk_hid_mouse_scroll_set: Mouse scroll set to 0/0[0m
[00:00:12.244,689] [0m<dbg> zmk: zmk_hid_mouse_movement_set: Mouse movement set to 0/0[0m
[00:00:12.253,631] [0m<dbg> zmk: apply_config: LISTENER INDEX: 0[0m
[00:00:12.253,631] [0m<dbg> zmk: scale_val: scaled 9 with 1/1 to 9 with remainder 0[0m
[00:00:12.253,692] [0m<dbg> zmk: apply_config: LISTENER INDEX: 0[0m
[00:00:12.253,723] [0m<dbg> zmk: scale_val: scaled 24 with 1/1 to 24 with remainder 0[0m
[00:00:12.253,723] [0m<dbg> zmk: zmk_hid_mouse_movement_set: Mouse movement set to 9/24[0m
[00:00:12.253,784] [0m<dbg> zmk: zmk_hid_mouse_scroll_set: Mouse scroll set to 0/0[0m
[00:00:12.253,814] [0m<dbg> zmk: zmk_hid_mouse_movement_set: Mouse movement set to 0/0[0m
[00:00:12.261,383] [0m<dbg> zmk: apply_config: LISTENER INDEX: 0[0m
[00:00:12.261,413] [0m<dbg> zmk: scale_val: scaled 3 with 1/1 to 3 with remainder 0[0m
[00:00:12.261,474] [0m<dbg> zmk: apply_config: LISTENER INDEX: 0[0m
[00:00:12.261,505] [0m<dbg> zmk: scale_val: scaled 27 with 1/1 to 27 with remainder 0[0m
[00:00:12.261,505] [0m<dbg> zmk: zmk_hid_mouse_movement_set: Mouse movement set to 3/27[0m
[00:00:12.261,566] [0m<dbg> zmk: zmk_hid_mouse_scroll_set: Mouse scroll set to 0/0[0m
[00:00:12.261,566] [0m<dbg> zmk: zmk_hid_mouse_movement_set: Mouse movement set to 0/0[0m
[00:00:12.268,890] [0m<dbg> zmk: apply_config: LISTENER INDEX: 0[0m
[00:00:12.268,920] [0m<dbg> zmk: scale_val: scaled 0 with 1/1 to 0 with remainder 0[0m
[00:00:12.268,981] [0m<dbg> zmk: apply_config: LISTENER INDEX: 0[0m
[00:00:12.268,981] [0m<dbg> zmk: scale_val: scaled 37 with 1/1 to 37 with remainder 0[0m
[00:00:12.269,012] [0m<dbg> zmk: zmk_hid_mouse_movement_set: Mouse movement set to 0/37[0m
[00:00:12.269,073] [0m<dbg> zmk: zmk_hid_mouse_scroll_set: Mouse scroll set to 0/0[0m
[00:00:12.269,073] [0m<dbg> zmk: zmk_hid_mouse_movement_set: Mouse movement set to 0/0[0m
[00:00:12.276,763] [0m<dbg> zmk: apply_config: LISTENER INDEX: 0[0m
[00:00:12.276,763] [0m<dbg> zmk: scale_val: scaled -3 with 1/1 to -3 with remainder 0[0m
[00:00:12.276,824] [0m<dbg> zmk: apply_config: LISTENER INDEX: 0[0m
[00:00:12.276,855] [0m<dbg> zmk: scale_val: scaled 49 with 1/1 to 49 with remainder 0[0m
[00:00:12.276,855] [0m<dbg> zmk: zmk_hid_mouse_movement_set: Mouse movement set to -3/49[0m
[00:00:12.276,916] [0m<dbg> zmk: zmk_hid_mouse_scroll_set: Mouse scroll set to 0/0[0m
[00:00:12.276,947] [0m<dbg> zmk: zmk_hid_mouse_movement_set: Mouse movement set to 0/0[0m
[00:00:12.284,820] [0m<dbg> zmk: apply_config: LISTENER INDEX: 0[0m
[00:00:12.284,820] [0m<dbg> zmk: scale_val: scaled -21 with 1/1 to -21 with remainder 0[0m
[00:00:12.284,881] [0m<dbg> zmk: apply_config: LISTENER INDEX: 0[0m
[00:00:12.284,912] [0m<dbg> zmk: scale_val: scaled 57 with 1/1 to 57 with remainder 0[0m
[00:00:12.284,912] [0m<dbg> zmk: zmk_hid_mouse_movement_set: Mouse movement set to -21/57[0m
[00:00:12.284,973] [0m<dbg> zmk: zmk_hid_mouse_scroll_set: Mouse scroll set to 0/0[0m
[00:00:12.285,003] [0m<dbg> zmk: zmk_hid_mouse_movement_set: Mouse movement set to 0/0[0m
[00:00:12.293,823] [0m<dbg> zmk: apply_config: LISTENER INDEX: 0[0m
[00:00:12.293,853] [0m<dbg> zmk: scale_val: scaled -41 with 1/1 to -41 with remainder 0[0m
[00:00:12.293,914] [0m<dbg> zmk: apply_config: LISTENER INDEX: 0[0m
[00:00:12.293,914] [0m<dbg> zmk: scale_val: scaled 62 with 1/1 to 62 with remainder 0[0m
[00:00:12.293,945] [0m<dbg> zmk: zmk_hid_mouse_movement_set: Mouse movement set to -41/62[0m
[00:00:12.293,975] [0m<dbg> zmk: zmk_hid_mouse_scroll_set: Mouse scroll set to 0/0[0m
[00:00:12.294,006] [0m<dbg> zmk: zmk_hid_mouse_movement_set: Mouse movement set to 0/0[0m
[00:00:12.300,964] [0m<dbg> zmk: apply_config: LISTENER INDEX: 0[0m
[00:00:12.300,994] [0m<dbg> zmk: scale_val: scaled -45 with 1/1 to -45 with remainder 0[0m
[00:00:12.301,055] [0m<dbg> zmk: apply_config: LISTENER INDEX: 0[0m
[00:00:12.301,055] [0m<dbg> zmk: scale_val: scaled 41 with 1/1 to 41 with remainder 0[0m
[00:00:12.301,086] [0m<dbg> zmk: zmk_hid_mouse_movement_set: Mouse movement set to -45/41[0m
[00:00:12.301,269] [0m<dbg> zmk: zmk_hid_mouse_scroll_set: Mouse scroll set to 0/0[0m
[00:00:12.301,361] [0m<dbg> zmk: zmk_hid_mouse_movement_set: Mouse movement set to 0/0[0m
[00:00:12.309,753] [0m<dbg> zmk: apply_config: LISTENER INDEX: 0[0m
[00:00:12.309,783] [0m<dbg> zmk: scale_val: scaled -62 with 1/1 to -62 with remainder 0[0m
[00:00:12.309,844] [0m<dbg> zmk: apply_config: LISTENER INDEX: 0[0m
[00:00:12.309,844] [0m<dbg> zmk: scale_val: scaled 41 with 1/1 to 41 with remainder 0[0m
[00:00:12.309,875] [0m<dbg> zmk: zmk_hid_mouse_movement_set: Mouse movement set to -62/41[0m
[00:00:12.309,936] [0m<dbg> zmk: zmk_hid_mouse_scroll_set: Mouse scroll set to 0/0[0m
[00:00:12.309,936] [0m<dbg> zmk: zmk_hid_mouse_movement_set: Mouse movement set to 0/0[0m
[00:00:12.317,108] [0m<dbg> zmk: apply_config: LISTENER INDEX: 0[0m
[00:00:12.317,138] [0m<dbg> zmk: scale_val: scaled -67 with 1/1 to -67 with remainder 0[0m
[00:00:12.317,169] [0m<dbg> zmk: apply_config: LISTENER INDEX: 0[0m
[00:00:12.317,199] [0m<dbg> zmk: scale_val: scaled 27 with 1/1 to 27 with remainder 0[0m
[00:00:12.317,230] [0m<dbg> zmk: zmk_hid_mouse_movement_set: Mouse movement set to -67/27[0m
[00:00:12.317,291] [0m<dbg> zmk: zmk_hid_mouse_scroll_set: Mouse scroll set to 0/0[0m
[00:00:12.317,291] [0m<dbg> zmk: zmk_hid_mouse_movement_set: Mouse movement set to 0/0[0m
[00:00:12.325,134] [0m<dbg> zmk: apply_config: LISTENER INDEX: 0[0m
[00:00:12.325,164] [0m<dbg> zmk: scale_val: scaled -87 with 1/1 to -87 with remainder 0[0m
[00:00:12.325,225] [0m<dbg> zmk: apply_config: LISTENER INDEX: 0[0m
[00:00:12.325,225] [0m<dbg> zmk: scale_val: scaled 21 with 1/1 to 21 with remainder 0[0m
[00:00:12.325,256] [0m<dbg> zmk: zmk_hid_mouse_movement_set: Mouse movement set to -87/21[0m
[00:00:12.325,317] [0m<dbg> zmk: zmk_hid_mouse_scroll_set: Mouse scroll set to 0/0[0m
[00:00:12.325,317] [0m<dbg> zmk: zmk_hid_mouse_movement_set: Mouse movement set to 0/0[0m
[00:00:12.333,221] [0m<dbg> zmk: apply_config: LISTENER INDEX: 0[0m
[00:00:12.333,221] [0m<dbg> zmk: scale_val: scaled -93 with 1/1 to -93 with remainder 0[0m
[00:00:12.333,282] [0m<dbg> zmk: apply_config: LISTENER INDEX: 0[0m
[00:00:12.333,312] [0m<dbg> zmk: scale_val: scaled 15 with 1/1 to 15 with remainder 0[0m
[00:00:12.333,312] [0m<dbg> zmk: zmk_hid_mouse_movement_set: Mouse movement set to -93/15[0m
[00:00:12.333,374] [0m<dbg> zmk: zmk_hid_mouse_scroll_set: Mouse scroll set to 0/0[0m
[00:00:12.333,404] [0m<dbg> zmk: zmk_hid_mouse_movement_set: Mouse movement set to 0/0[0m
[00:00:12.341,278] [0m<dbg> zmk: apply_config: LISTENER INDEX: 0[0m
[00:00:12.341,278] [0m<dbg> zmk: scale_val: scaled -99 with 1/1 to -99 with remainder 0[0m
[00:00:12.341,339] [0m<dbg> zmk: apply_config: LISTENER INDEX: 0[0m
[00:00:12.341,369] [0m<dbg> zmk: scale_val: scaled 11 with 1/1 to 11 with remainder 0[0m
[00:00:12.341,369] [0m<dbg> zmk: zmk_hid_mouse_movement_set: Mouse movement set to -99/11[0m
[00:00:12.341,430] [0m<dbg> zmk: zmk_hid_mouse_scroll_set: Mouse scroll set to 0/0[0m
[00:00:12.341,461] [0m<dbg> zmk: zmk_hid_mouse_movement_set: Mouse movement set to 0/0[0m
[00:00:12.349,548] [0m<dbg> zmk: apply_config: LISTENER INDEX: 0[0m
[00:00:12.349,578] [0m<dbg> zmk: scale_val: scaled -99 with 1/1 to -99 with remainder 0[0m
[00:00:12.349,609] [0m<dbg> zmk: apply_config: LISTENER INDEX: 0[0m
[00:00:12.349,639] [0m<dbg> zmk: scale_val: scaled 5 with 1/1 to 5 with remainder 0[0m
[00:00:12.349,670] [0m<dbg> zmk: zmk_hid_mouse_movement_set: Mouse movement set to -99/5[0m
[00:00:12.349,700] [0m<dbg> zmk: zmk_hid_mouse_scroll_set: Mouse scroll set to 0/0[0m
[00:00:12.349,731] [0m<dbg> zmk: zmk_hid_mouse_movement_set: Mouse movement set to 0/0[0m
[00:00:12.357,421] [0m<dbg> zmk: apply_config: LISTENER INDEX: 0[0m
[00:00:12.357,452] [0m<dbg> zmk: scale_val: scaled -99 with 1/1 to -99 with remainder 0[0m
[00:00:12.357,482] [0m<dbg> zmk: apply_config: LISTENER INDEX: 0[0m
[00:00:12.357,513] [0m<dbg> zmk: scale_val: scaled 3 with 1/1 to 3 with remainder 0[0m
[00:00:12.357,543] [0m<dbg> zmk: zmk_hid_mouse_movement_set: Mouse movement set to -99/3[0m
[00:00:12.357,574] [0m<dbg> zmk: zmk_hid_mouse_scroll_set: Mouse scroll set to 0/0[0m
[00:00:12.357,604] [0m<dbg> zmk: zmk_hid_mouse_movement_set: Mouse movement set to 0/0[0m
[00:00:12.365,478] [0m<dbg> zmk: apply_config: LISTENER INDEX: 0[0m
[00:00:12.365,478] [0m<dbg> zmk: scale_val: scaled -87 with 1/1 to -87 with remainder 0[0m
[00:00:12.365,539] [0m<dbg> zmk: apply_config: LISTENER INDEX: 0[0m
[00:00:12.365,570] [0m<dbg> zmk: scale_val: scaled 1 with 1/1 to 1 with remainder 0[0m
[00:00:12.365,631] [0m<dbg> zmk: zmk_hid_mouse_movement_set: Mouse movement set to -87/1[0m
[00:00:12.365,692] [0m<dbg> zmk: zmk_hid_mouse_scroll_set: Mouse scroll set to 0/0[0m
[00:00:12.365,722] [0m<dbg> zmk: zmk_hid_mouse_movement_set: Mouse movement set to 0/0[0m
[00:00:12.373,504] [0m<dbg> zmk: apply_config: LISTENER INDEX: 0[0m
[00:00:12.373,535] [0m<dbg> zmk: scale_val: scaled -93 with 1/1 to -93 with remainder 0[0m
[00:00:12.373,596] [0m<dbg> zmk: apply_config: LISTENER INDEX: 0[0m
[00:00:12.373,596] [0m<dbg> zmk: scale_val: scaled -1 with 1/1 to -1 with remainder 0[0m
[00:00:12.373,626] [0m<dbg> zmk: zmk_hid_mouse_movement_set: Mouse movement set to -93/-1[0m
[00:00:12.373,687] [0m<dbg> zmk: zmk_hid_mouse_scroll_set: Mouse scroll set to 0/0[0m
[00:00:12.373,687] [0m<dbg> zmk: zmk_hid_mouse_movement_set: Mouse movement set to 0/0[0m
[00:00:12.381,591] [0m<dbg> zmk: apply_config: LISTENER INDEX: 0[0m
[00:00:12.381,591] [0m<dbg> zmk: scale_val: scaled -87 with 1/1 to -87 with remainder 0[0m
[00:00:12.381,652] [0m<dbg> zmk: apply_config: LISTENER INDEX: 0[0m
[00:00:12.381,683] [0m<dbg> zmk: scale_val: scaled -3 with 1/1 to -3 with remainder 0[0m
[00:00:12.381,683] [0m<dbg> zmk: zmk_hid_mouse_movement_set: Mouse movement set to -87/-3[0m
[00:00:12.381,744] [0m<dbg> zmk: zmk_hid_mouse_scroll_set: Mouse scroll set to 0/0[0m
[00:00:12.381,744] [0m<dbg> zmk: zmk_hid_mouse_movement_set: Mouse movement set to 0/0[0m
[00:00:12.389,648] [0m<dbg> zmk: apply_config: LISTENER INDEX: 0[0m
[00:00:12.389,648] [0m<dbg> zmk: scale_val: scaled -87 with 1/1 to -87 with remainder 0[0m
[00:00:12.389,709] [0m<dbg> zmk: apply_config: LISTENER INDEX: 0[0m
[00:00:12.389,739] [0m<dbg> zmk: scale_val: scaled -3 with 1/1 to -3 with remainder 0[0m
[00:00:12.389,739] [0m<dbg> zmk: zmk_hid_mouse_movement_set: Mouse movement set to -87/-3[0m
[00:00:12.389,801] [0m<dbg> zmk: zmk_hid_mouse_scroll_set: Mouse scroll set to 0/0[0m
[00:00:12.389,831] [0m<dbg> zmk: zmk_hid_mouse_movement_set: Mouse movement set to 0/0[0m
[00:00:12.397,705] [0m<dbg> zmk: apply_config: LISTENER INDEX: 0[0m
[00:00:12.397,766] [0m<dbg> zmk: scale_val: scaled -93 with 1/1 to -93 with remainder 0[0m
[00:00:12.397,827] [0m<dbg> zmk: apply_config: LISTENER INDEX: 0[0m
[00:00:12.397,857] [0m<dbg> zmk: scale_val: scaled -7 with 1/1 to -7 with remainder 0[0m
[00:00:12.397,857] [0m<dbg> zmk: zmk_hid_mouse_movement_set: Mouse movement set to -93/-7[0m
[00:00:12.397,918] [0m<dbg> zmk: zmk_hid_mouse_scroll_set: Mouse scroll set to 0/0[0m
[00:00:12.397,949] [0m<dbg> zmk: zmk_hid_mouse_movement_set: Mouse movement set to 0/0[0m
[00:00:12.406,494] [0m<dbg> zmk: apply_config: LISTENER INDEX: 0[0m
[00:00:12.406,524] [0m<dbg> zmk: scale_val: scaled -77 with 1/1 to -77 with remainder 0[0m
[00:00:12.406,585] [0m<dbg> zmk: apply_config: LISTENER INDEX: 0[0m
[00:00:12.406,585] [0m<dbg> zmk: scale_val: scaled -9 with 1/1 to -9 with remainder 0[0m
[00:00:12.406,616] [0m<dbg> zmk: zmk_hid_mouse_movement_set: Mouse movement set to -77/-9[0m
[00:00:12.406,646] [0m<dbg> zmk: zmk_hid_mouse_scroll_set: Mouse scroll set to 0/0[0m
[00:00:12.406,677] [0m<dbg> zmk: zmk_hid_mouse_movement_set: Mouse movement set to 0/0[0m
[00:00:12.414,550] [0m<dbg> zmk: apply_config: LISTENER INDEX: 0[0m
[00:00:12.414,581] [0m<dbg> zmk: scale_val: scaled -62 with 1/1 to -62 with remainder 0[0m
[00:00:12.414,642] [0m<dbg> zmk: apply_config: LISTENER INDEX: 0[0m
[00:00:12.414,672] [0m<dbg> zmk: scale_val: scaled -11 with 1/1 to -11 with remainder 0[0m
[00:00:12.414,672] [0m<dbg> zmk: zmk_hid_mouse_movement_set: Mouse movement set to -62/-11[0m
[00:00:12.414,733] [0m<dbg> zmk: zmk_hid_mouse_scroll_set: Mouse scroll set to 0/0[0m
[00:00:12.414,733] [0m<dbg> zmk: zmk_hid_mouse_movement_set: Mouse movement set to 0/0[0m
[00:00:12.422,058] [0m<dbg> zmk: apply_config: LISTENER INDEX: 0[0m
[00:00:12.422,088] [0m<dbg> zmk: scale_val: scaled -49 with 1/1 to -49 with remainder 0[0m
[00:00:12.422,119] [0m<dbg> zmk: apply_config: LISTENER INDEX: 0[0m
[00:00:12.422,149] [0m<dbg> zmk: scale_val: scaled -15 with 1/1 to -15 with remainder 0[0m
[00:00:12.422,149] [0m<dbg> zmk: zmk_hid_mouse_movement_set: Mouse movement set to -49/-15[0m
[00:00:12.422,210] [0m<dbg> zmk: zmk_hid_mouse_scroll_set: Mouse scroll set to 0/0[0m
[00:00:12.422,241] [0m<dbg> zmk: zmk_hid_mouse_movement_set: Mouse movement set to 0/0[0m
[00:00:12.429,931] [0m<dbg> zmk: apply_config: LISTENER INDEX: 0[0m
[00:00:12.429,931] [0m<dbg> zmk: scale_val: scaled -37 with 1/1 to -37 with remainder 0[0m
[00:00:12.429,992] [0m<dbg> zmk: apply_config: LISTENER INDEX: 0[0m
[00:00:12.430,023] [0m<dbg> zmk: scale_val: scaled -21 with 1/1 to -21 with remainder 0[0m
[00:00:12.430,023] [0m<dbg> zmk: zmk_hid_mouse_movement_set: Mouse movement set to -37/-21[0m
[00:00:12.430,084] [0m<dbg> zmk: zmk_hid_mouse_scroll_set: Mouse scroll set to 0/0[0m
[00:00:12.430,114] [0m<dbg> zmk: zmk_hid_mouse_movement_set: Mouse movement set to 0/0[0m
[00:00:12.438,018] [0m<dbg> zmk: apply_config: LISTENER INDEX: 0[0m
[00:00:12.438,049] [0m<dbg> zmk: scale_val: scaled -30 with 1/1 to -30 with remainder 0[0m
[00:00:12.438,079] [0m<dbg> zmk: apply_config: LISTENER INDEX: 0[0m
[00:00:12.438,110] [0m<dbg> zmk: scale_val: scaled -24 with 1/1 to -24 with remainder 0[0m
[00:00:12.438,140] [0m<dbg> zmk: zmk_hid_mouse_movement_set: Mouse movement set to -30/-24[0m
[00:00:12.438,171] [0m<dbg> zmk: zmk_hid_mouse_scroll_set: Mouse scroll set to 0/0[0m
[00:00:12.438,201] [0m<dbg> zmk: zmk_hid_mouse_movement_set: Mouse movement set to 0/0[0m
[00:00:12.446,044] [0m<dbg> zmk: apply_config: LISTENER INDEX: 0[0m
[00:00:12.446,044] [0m<dbg> zmk: scale_val: scaled -21 with 1/1 to -21 with remainder 0[0m
[00:00:12.446,105] [0m<dbg> zmk: apply_config: LISTENER INDEX: 0[0m
[00:00:12.446,136] [0m<dbg> zmk: scale_val: scaled -33 with 1/1 to -33 with remainder 0[0m
[00:00:12.446,136] [0m<dbg> zmk: zmk_hid_mouse_movement_set: Mouse movement set to -21/-33[0m
[00:00:12.446,197] [0m<dbg> zmk: zmk_hid_mouse_scroll_set: Mouse scroll set to 0/0[0m
[00:00:12.446,228] [0m<dbg> zmk: zmk_hid_mouse_movement_set: Mouse movement set to 0/0[0m
[00:00:12.454,162] [0m<dbg> zmk: apply_config: LISTENER INDEX: 0[0m
[00:00:12.454,193] [0m<dbg> zmk: scale_val: scaled -13 with 1/1 to -13 with remainder 0[0m
[00:00:12.454,223] [0m<dbg> zmk: apply_config: LISTENER INDEX: 0[0m
[00:00:12.454,254] [0m<dbg> zmk: scale_val: scaled -53 with 1/1 to -53 with remainder 0[0m
[00:00:12.454,284] [0m<dbg> zmk: zmk_hid_mouse_movement_set: Mouse movement set to -13/-53[0m
[00:00:12.454,315] [0m<dbg> zmk: zmk_hid_mouse_scroll_set: Mouse scroll set to 0/0[0m
[00:00:12.454,345] [0m<dbg> zmk: zmk_hid_mouse_movement_set: Mouse movement set to 0/0[0m
[00:00:12.462,219] [0m<dbg> zmk: apply_config: LISTENER INDEX: 0[0m
[00:00:12.462,249] [0m<dbg> zmk: scale_val: scaled -11 with 1/1 to -11 with remainder 0[0m
[00:00:12.462,310] [0m<dbg> zmk: apply_config: LISTENER INDEX: 0[0m
[00:00:12.462,310] [0m<dbg> zmk: scale_val: scaled -53 with 1/1 to -53 with remainder 0[0m
[00:00:12.462,341] [0m<dbg> zmk: zmk_hid_mouse_movement_set: Mouse movement set to -11/-53[0m
[00:00:12.462,371] [0m<dbg> zmk: zmk_hid_mouse_scroll_set: Mouse scroll set to 0/0[0m
[00:00:12.462,402] [0m<dbg> zmk: zmk_hid_mouse_movement_set: Mouse movement set to 0/0[0m
[00:00:12.470,275] [0m<dbg> zmk: apply_config: LISTENER INDEX: 0[0m
[00:00:12.470,306] [0m<dbg> zmk: scale_val: scaled -1 with 1/1 to -1 with remainder 0[0m
[00:00:12.470,367] [0m<dbg> zmk: apply_config: LISTENER INDEX: 0[0m
[00:00:12.470,367] [0m<dbg> zmk: scale_val: scaled -62 with 1/1 to -62 with remainder 0[0m
[00:00:12.470,397] [0m<dbg> zmk: zmk_hid_mouse_movement_set: Mouse movement set to -1/-62[0m
[00:00:12.470,458] [0m<dbg> zmk: zmk_hid_mouse_scroll_set: Mouse scroll set to 0/0[0m
[00:00:12.470,458] [0m<dbg> zmk: zmk_hid_mouse_movement_set: Mouse movement set to 0/0[0m
[00:00:12.479,034] [0m<dbg> zmk: apply_config: LISTENER INDEX: 0[0m
[00:00:12.479,064] [0m<dbg> zmk: scale_val: scaled 3 with 1/1 to 3 with remainder 0[0m
[00:00:12.479,095] [0m<dbg> zmk: apply_config: LISTENER INDEX: 0[0m
[00:00:12.479,125] [0m<dbg> zmk: scale_val: scaled -82 with 1/1 to -82 with remainder 0[0m
[00:00:12.479,156] [0m<dbg> zmk: zmk_hid_mouse_movement_set: Mouse movement set to 3/-82[0m
[00:00:12.479,187] [0m<dbg> zmk: zmk_hid_mouse_scroll_set: Mouse scroll set to 0/0[0m
[00:00:12.479,217] [0m<dbg> zmk: zmk_hid_mouse_movement_set: Mouse movement set to 0/0[0m
[00:00:12.486,358] [0m<dbg> zmk: apply_config: LISTENER INDEX: 0[0m
[00:00:12.486,389] [0m<dbg> zmk: scale_val: scaled 15 with 1/1 to 15 with remainder 0[0m
[00:00:12.486,541] [0m<dbg> zmk: apply_config: LISTENER INDEX: 0[0m
[00:00:12.486,633] [0m<dbg> zmk: scale_val: scaled -82 with 1/1 to -82 with remainder 0[0m
[00:00:12.486,663] [0m<dbg> zmk: zmk_hid_mouse_movement_set: Mouse movement set to 15/-82[0m
[00:00:12.486,694] [0m<dbg> zmk: zmk_hid_mouse_scroll_set: Mouse scroll set to 0/0[0m
[00:00:12.486,724] [0m<dbg> zmk: zmk_hid_mouse_movement_set: Mouse movement set to 0/0[0m
[00:00:12.495,452] [0m<dbg> zmk: apply_config: LISTENER INDEX: 0[0m
[00:00:12.495,483] [0m<dbg> zmk: scale_val: scaled 18 with 1/1 to 18 with remainder 0[0m
[00:00:12.495,544] [0m<dbg> zmk: apply_config: LISTENER INDEX: 0[0m
[00:00:12.495,544] [0m<dbg> zmk: scale_val: scaled -62 with 1/1 to -62 with remainder 0[0m
[00:00:12.495,574] [0m<dbg> zmk: zmk_hid_mouse_movement_set: Mouse movement set to 18/-62[0m
[00:00:12.495,635] [0m<dbg> zmk: zmk_hid_mouse_scroll_set: Mouse scroll set to 0/0[0m
[00:00:12.495,635] [0m<dbg> zmk: zmk_hid_mouse_movement_set: Mouse movement set to 0/0[0m
[00:00:12.503,265] [0m<dbg> zmk: apply_config: LISTENER INDEX: 0[0m
[00:00:12.503,295] [0m<dbg> zmk: scale_val: scaled 27 with 1/1 to 27 with remainder 0[0m
[00:00:12.503,326] [0m<dbg> zmk: apply_config: LISTENER INDEX: 0[0m
[00:00:12.503,356] [0m<dbg> zmk: scale_val: scaled -49 with 1/1 to -49 with remainder 0[0m
[00:00:12.503,356] [0m<dbg> zmk: zmk_hid_mouse_movement_set: Mouse movement set to 27/-49[0m
[00:00:12.503,417] [0m<dbg> zmk: zmk_hid_mouse_scroll_set: Mouse scroll set to 0/0[0m
[00:00:12.503,448] [0m<dbg> zmk: zmk_hid_mouse_movement_set: Mouse movement set to 0/0[0m
[00:00:12.510,528] [0m<dbg> zmk: apply_config: LISTENER INDEX: 0[0m
[00:00:12.510,559] [0m<dbg> zmk: scale_val: scaled 30 with 1/1 to 30 with remainder 0[0m
[00:00:12.510,620] [0m<dbg> zmk: apply_config: LISTENER INDEX: 0[0m
[00:00:12.510,620] [0m<dbg> zmk: scale_val: scaled -30 with 1/1 to -30 with remainder 0[0m
[00:00:12.510,955] [0m<dbg> zmk: zmk_hid_mouse_movement_set: Mouse movement set to 30/-30[0m
[00:00:12.511,016] [0m<dbg> zmk: zmk_hid_mouse_scroll_set: Mouse scroll set to 0/0[0m
[00:00:12.511,016] [0m<dbg> zmk: zmk_hid_mouse_movement_set: Mouse movement set to 0/0[0m
[00:00:12.518,585] [0m<dbg> zmk: apply_config: LISTENER INDEX: 0[0m
[00:00:12.518,615] [0m<dbg> zmk: scale_val: scaled 33 with 1/1 to 33 with remainder 0[0m
[00:00:12.518,676] [0m<dbg> zmk: apply_config: LISTENER INDEX: 0[0m
[00:00:12.518,707] [0m<dbg> zmk: scale_val: scaled -18 with 1/1 to -18 with remainder 0[0m
[00:00:12.518,707] [0m<dbg> zmk: zmk_hid_mouse_movement_set: Mouse movement set to 33/-18[0m
[00:00:12.518,768] [0m<dbg> zmk: zmk_hid_mouse_scroll_set: Mouse scroll set to 0/0[0m
[00:00:12.518,768] [0m<dbg> zmk: zmk_hid_mouse_movement_set: Mouse movement set to 0/0[0m
[00:00:12.526,641] [0m<dbg> zmk: apply_config: LISTENER INDEX: 0[0m
[00:00:12.526,641] [0m<dbg> zmk: scale_val: scaled 30 with 1/1 to 30 with remainder 0[0m
[00:00:12.526,702] [0m<dbg> zmk: apply_config: LISTENER INDEX: 0[0m
[00:00:12.526,855] [0m<dbg> zmk: scale_val: scaled -11 with 1/1 to -11 with remainder 0[0m
[00:00:12.526,855] [0m<dbg> zmk: zmk_hid_mouse_movement_set: Mouse movement set to 30/-11[0m
[00:00:12.527,008] [0m<dbg> zmk: zmk_hid_mouse_scroll_set: Mouse scroll set to 0/0[0m
[00:00:12.527,008] [0m<dbg> zmk: zmk_hid_mouse_movement_set: Mouse movement set to 0/0[0m
[00:00:12.534,698] [0m<dbg> zmk: apply_config: LISTENER INDEX: 0[0m
[00:00:12.534,698] [0m<dbg> zmk: scale_val: scaled 30 with 1/1 to 30 with remainder 0[0m
[00:00:12.534,759] [0m<dbg> zmk: apply_config: LISTENER INDEX: 0[0m
[00:00:12.534,790] [0m<dbg> zmk: scale_val: scaled -7 with 1/1 to -7 with remainder 0[0m
[00:00:12.534,790] [0m<dbg> zmk: zmk_hid_mouse_movement_set: Mouse movement set to 30/-7[0m
[00:00:12.534,851] [0m<dbg> zmk: zmk_hid_mouse_scroll_set: Mouse scroll set to 0/0[0m
[00:00:12.534,881] [0m<dbg> zmk: zmk_hid_mouse_movement_set: Mouse movement set to 0/0[0m
[00:00:12.542,755] [0m<dbg> zmk: apply_config: LISTENER INDEX: 0[0m
[00:00:12.542,785] [0m<dbg> zmk: scale_val: scaled 37 with 1/1 to 37 with remainder 0[0m
[00:00:12.542,816] [0m<dbg> zmk: apply_config: LISTENER INDEX: 0[0m
[00:00:12.542,846] [0m<dbg> zmk: scale_val: scaled -5 with 1/1 to -5 with remainder 0[0m
[00:00:12.542,877] [0m<dbg> zmk: zmk_hid_mouse_movement_set: Mouse movement set to 37/-5[0m
[00:00:12.542,907] [0m<dbg> zmk: zmk_hid_mouse_scroll_set: Mouse scroll set to 0/0[0m
[00:00:12.542,938] [0m<dbg> zmk: zmk_hid_mouse_movement_set: Mouse movement set to 0/0[0m
[00:00:12.550,811] [0m<dbg> zmk: apply_config: LISTENER INDEX: 0[0m
[00:00:12.550,842] [0m<dbg> zmk: scale_val: scaled 41 with 1/1 to 41 with remainder 0[0m
[00:00:12.550,903] [0m<dbg> zmk: apply_config: LISTENER INDEX: 0[0m
[00:00:12.550,903] [0m<dbg> zmk: scale_val: scaled -2 with 1/1 to -2 with remainder 0[0m
[00:00:12.550,933] [0m<dbg> zmk: zmk_hid_mouse_movement_set: Mouse movement set to 41/-2[0m
[00:00:12.550,994] [0m<dbg> zmk: zmk_hid_mouse_scroll_set: Mouse scroll set to 0/0[0m
[00:00:12.550,994] [0m<dbg> zmk: zmk_hid_mouse_movement_set: Mouse movement set to 0/0[0m
[00:00:12.558,898] [0m<dbg> zmk: apply_config: LISTENER INDEX: 0[0m
[00:00:12.558,929] [0m<dbg> zmk: scale_val: scaled 49 with 1/1 to 49 with remainder 0[0m
[00:00:12.558,990] [0m<dbg> zmk: apply_config: LISTENER INDEX: 0[0m
[00:00:12.558,990] [0m<dbg> zmk: scale_val: scaled -2 with 1/1 to -2 with remainder 0[0m
[00:00:12.559,020] [0m<dbg> zmk: zmk_hid_mouse_movement_set: Mouse movement set to 49/-2[0m
[00:00:12.559,082] [0m<dbg> zmk: zmk_hid_mouse_scroll_set: Mouse scroll set to 0/0[0m
[00:00:12.559,082] [0m<dbg> zmk: zmk_hid_mouse_movement_set: Mouse movement set to 0/0[0m
[00:00:12.566,955] [0m<dbg> zmk: apply_config: LISTENER INDEX: 0[0m
[00:00:12.566,986] [0m<dbg> zmk: scale_val: scaled 67 with 1/1 to 67 with remainder 0[0m
[00:00:12.567,016] [0m<dbg> zmk: apply_config: LISTENER INDEX: 0[0m
[00:00:12.567,047] [0m<dbg> zmk: scale_val: scaled 0 with 1/1 to 0 with remainder 0[0m
[00:00:12.567,077] [0m<dbg> zmk: zmk_hid_mouse_movement_set: Mouse movement set to 67/0[0m
[00:00:12.567,138] [0m<dbg> zmk: zmk_hid_mouse_scroll_set: Mouse scroll set to 0/0[0m
[00:00:12.567,138] [0m<dbg> zmk: zmk_hid_mouse_movement_set: Mouse movement set to 0/0[0m
[00:00:12.575,012] [0m<dbg> zmk: apply_config: LISTENER INDEX: 0[0m
[00:00:12.575,042] [0m<dbg> zmk: scale_val: scaled 77 with 1/1 to 77 with remainder 0[0m
[00:00:12.575,103] [0m<dbg> zmk: apply_config: LISTENER INDEX: 0[0m
[00:00:12.575,103] [0m<dbg> zmk: scale_val: scaled 1 with 1/1 to 1 with remainder 0[0m
[00:00:12.575,256] [0m<dbg> zmk: zmk_hid_mouse_movement_set: Mouse movement set to 77/1[0m
[00:00:12.575,378] [0m<dbg> zmk: zmk_hid_mouse_scroll_set: Mouse scroll set to 0/0[0m
[00:00:12.575,408] [0m<dbg> zmk: zmk_hid_mouse_movement_set: Mouse movement set to 0/0[0m
[00:00:12.583,190] [0m<dbg> zmk: apply_config: LISTENER INDEX: 0[0m
[00:00:12.583,221] [0m<dbg> zmk: scale_val: scaled 82 with 1/1 to 82 with remainder 0[0m
[00:00:12.583,282] [0m<dbg> zmk: apply_config: LISTENER INDEX: 0[0m
[00:00:12.583,282] [0m<dbg> zmk: scale_val: scaled 5 with 1/1 to 5 with remainder 0[0m
[00:00:12.583,312] [0m<dbg> zmk: zmk_hid_mouse_movement_set: Mouse movement set to 82/5[0m
[00:00:12.583,679] [0m<dbg> zmk: zmk_hid_mouse_scroll_set: Mouse scroll set to 0/0[0m
[00:00:12.583,709] [0m<dbg> zmk: zmk_hid_mouse_movement_set: Mouse movement set to 0/0[0m
[00:00:12.591,278] [0m<dbg> zmk: apply_config: LISTENER INDEX: 0[0m
[00:00:12.591,308] [0m<dbg> zmk: scale_val: scaled 87 with 1/1 to 87 with remainder 0[0m
[00:00:12.591,339] [0m<dbg> zmk: apply_config: LISTENER INDEX: 0[0m
[00:00:12.591,369] [0m<dbg> zmk: scale_val: scaled 7 with 1/1 to 7 with remainder 0[0m
[00:00:12.591,400] [0m<dbg> zmk: zmk_hid_mouse_movement_set: Mouse movement set to 87/7[0m
[00:00:12.591,430] [0m<dbg> zmk: zmk_hid_mouse_scroll_set: Mouse scroll set to 0/0[0m
[00:00:12.591,461] [0m<dbg> zmk: zmk_hid_mouse_movement_set: Mouse movement set to 0/0[0m
[00:00:12.599,212] [0m<dbg> zmk: apply_config: LISTENER INDEX: 0[0m
[00:00:12.599,243] [0m<dbg> zmk: scale_val: scaled 82 with 1/1 to 82 with remainder 0[0m
[00:00:12.599,426] [0m<dbg> zmk: apply_config: LISTENER INDEX: 0[0m
[00:00:12.599,456] [0m<dbg> zmk: scale_val: scaled 9 with 1/1 to 9 with remainder 0[0m
[00:00:12.599,548] [0m<dbg> zmk: zmk_hid_mouse_movement_set: Mouse movement set to 82/9[0m
[00:00:12.599,609] [0m<dbg> zmk: zmk_hid_mouse_scroll_set: Mouse scroll set to 0/0[0m
[00:00:12.599,609] [0m<dbg> zmk: zmk_hid_mouse_movement_set: Mouse movement set to 0/0[0m
[00:00:12.607,299] [0m<dbg> zmk: apply_config: LISTENER INDEX: 0[0m
[00:00:12.607,330] [0m<dbg> zmk: scale_val: scaled 82 with 1/1 to 82 with remainder 0[0m
[00:00:12.607,391] [0m<dbg> zmk: apply_config: LISTENER INDEX: 0[0m
[00:00:12.607,391] [0m<dbg> zmk: scale_val: scaled 11 with 1/1 to 11 with remainder 0[0m
[00:00:12.607,421] [0m<dbg> zmk: zmk_hid_mouse_movement_set: Mouse movement set to 82/11[0m
[00:00:12.607,482] [0m<dbg> zmk: zmk_hid_mouse_scroll_set: Mouse scroll set to 0/0[0m
[00:00:12.607,482] [0m<dbg> zmk: zmk_hid_mouse_movement_set: Mouse movement set to 0/0[0m
[00:00:12.615,417] [0m<dbg> zmk: apply_config: LISTENER INDEX: 0[0m
[00:00:12.615,447] [0m<dbg> zmk: scale_val: scaled 77 with 1/1 to 77 with remainder 0[0m
[00:00:12.615,509] [0m<dbg> zmk: apply_config: LISTENER INDEX: 0[0m
[00:00:12.615,539] [0m<dbg> zmk: scale_val: scaled 11 with 1/1 to 11 with remainder 0[0m
[00:00:12.615,539] [0m<dbg> zmk: zmk_hid_mouse_movement_set: Mouse movement set to 77/11[0m
[00:00:12.615,600] [0m<dbg> zmk: zmk_hid_mouse_scroll_set: Mouse scroll set to 0/0[0m
[00:00:12.615,600] [0m<dbg> zmk: zmk_hid_mouse_movement_set: Mouse movement set to 0/0[0m
[00:00:12.624,237] [0m<dbg> zmk: apply_config: LISTENER INDEX: 0[0m
[00:00:12.624,267] [0m<dbg> zmk: scale_val: scaled 77 with 1/1 to 77 with remainder 0[0m
[00:00:12.624,328] [0m<dbg> zmk: apply_config: LISTENER INDEX: 0[0m
[00:00:12.624,328] [0m<dbg> zmk: scale_val: scaled 13 with 1/1 to 13 with remainder 0[0m
[00:00:12.624,359] [0m<dbg> zmk: zmk_hid_mouse_movement_set: Mouse movement set to 77/13[0m
[00:00:12.624,420] [0m<dbg> zmk: zmk_hid_mouse_scroll_set: Mouse scroll set to 0/0[0m
[00:00:12.624,420] [0m<dbg> zmk: zmk_hid_mouse_movement_set: Mouse movement set to 0/0[0m
[00:00:12.632,171] [0m<dbg> zmk: apply_config: LISTENER INDEX: 0[0m
[00:00:12.632,202] [0m<dbg> zmk: scale_val: scaled 72 with 1/1 to 72 with remainder 0[0m
[00:00:12.632,263] [0m<dbg> zmk: apply_config: LISTENER INDEX: 0[0m
[00:00:12.632,263] [0m<dbg> zmk: scale_val: scaled 15 with 1/1 to 15 with remainder 0[0m
[00:00:12.632,293] [0m<dbg> zmk: zmk_hid_mouse_movement_set: Mouse movement set to 72/15[0m
[00:00:12.632,354] [0m<dbg> zmk: zmk_hid_mouse_scroll_set: Mouse scroll set to 0/0[0m
[00:00:12.632,354] [0m<dbg> zmk: zmk_hid_mouse_movement_set: Mouse movement set to 0/0[0m
[00:00:12.640,228] [0m<dbg> zmk: apply_config: LISTENER INDEX: 0[0m
[00:00:12.640,258] [0m<dbg> zmk: scale_val: scaled 67 with 1/1 to 67 with remainder 0[0m
[00:00:12.640,319] [0m<dbg> zmk: apply_config: LISTENER INDEX: 0[0m
[00:00:12.640,319] [0m<dbg> zmk: scale_val: scaled 13 with 1/1 to 13 with remainder 0[0m
[00:00:12.640,350] [0m<dbg> zmk: zmk_hid_mouse_movement_set: Mouse movement set to 67/13[0m
[00:00:12.640,411] [0m<dbg> zmk: zmk_hid_mouse_scroll_set: Mouse scroll set to 0/0[0m
[00:00:12.640,411] [0m<dbg> zmk: zmk_hid_mouse_movement_set: Mouse movement set to 0/0[0m
[00:00:12.647,552] [0m<dbg> zmk: apply_config: LISTENER INDEX: 0[0m
[00:00:12.647,735] [0m<dbg> zmk: scale_val: scaled 53 with 1/1 to 53 with remainder 0[0m
[00:00:12.647,857] [0m<dbg> zmk: apply_config: LISTENER INDEX: 0[0m
[00:00:12.647,857] [0m<dbg> zmk: scale_val: scaled 11 with 1/1 to 11 with remainder 0[0m
[00:00:12.647,888] [0m<dbg> zmk: zmk_hid_mouse_movement_set: Mouse movement set to 53/11[0m
[00:00:12.647,949] [0m<dbg> zmk: zmk_hid_mouse_scroll_set: Mouse scroll set to 0/0[0m
[00:00:12.647,949] [0m<dbg> zmk: zmk_hid_mouse_movement_set: Mouse movement set to 0/0[0m
[00:00:12.655,639] [0m<dbg> zmk: apply_config: LISTENER INDEX: 0[0m
[00:00:12.655,670] [0m<dbg> zmk: scale_val: scaled 49 with 1/1 to 49 with remainder 0[0m
[00:00:12.655,700] [0m<dbg> zmk: apply_config: LISTENER INDEX: 0[0m
[00:00:12.655,731] [0m<dbg> zmk: scale_val: scaled 11 with 1/1 to 11 with remainder 0[0m
[00:00:12.655,761] [0m<dbg> zmk: zmk_hid_mouse_movement_set: Mouse movement set to 49/11[0m
[00:00:12.655,792] [0m<dbg> zmk: zmk_hid_mouse_scroll_set: Mouse scroll set to 0/0[0m
[00:00:12.655,822] [0m<dbg> zmk: zmk_hid_mouse_movement_set: Mouse movement set to 0/0[0m
[00:00:12.663,696] [0m<dbg> zmk: apply_config: LISTENER INDEX: 0[0m
[00:00:12.663,726] [0m<dbg> zmk: scale_val: scaled 41 with 1/1 to 41 with remainder 0[0m
[00:00:12.663,787] [0m<dbg> zmk: apply_config: LISTENER INDEX: 0[0m
[00:00:12.663,787] [0m<dbg> zmk: scale_val: scaled 9 with 1/1 to 9 with remainder 0[0m
[00:00:12.663,818] [0m<dbg> zmk: zmk_hid_mouse_movement_set: Mouse movement set to 41/9[0m
[00:00:12.663,879] [0m<dbg> zmk: zmk_hid_mouse_scroll_set: Mouse scroll set to 0/0[0m
[00:00:12.663,879] [0m<dbg> zmk: zmk_hid_mouse_movement_set: Mouse movement set to 0/0[0m
[00:00:12.672,454] [0m<dbg> zmk: apply_config: LISTENER INDEX: 0[0m
[00:00:12.672,485] [0m<dbg> zmk: scale_val: scaled 27 with 1/1 to 27 with remainder 0[0m
[00:00:12.672,546] [0m<dbg> zmk: apply_config: LISTENER INDEX: 0[0m
[00:00:12.672,546] [0m<dbg> zmk: scale_val: scaled 9 with 1/1 to 9 with remainder 0[0m
[00:00:12.672,576] [0m<dbg> zmk: zmk_hid_mouse_movement_set: Mouse movement set to 27/9[0m
[00:00:12.672,637] [0m<dbg> zmk: zmk_hid_mouse_scroll_set: Mouse scroll set to 0/0[0m
[00:00:12.672,637] [0m<dbg> zmk: zmk_hid_mouse_movement_set: Mouse movement set to 0/0[0m
[00:00:12.680,541] [0m<dbg> zmk: apply_config: LISTENER INDEX: 0[0m
[00:00:12.680,541] [0m<dbg> zmk: scale_val: scaled 21 with 1/1 to 21 with remainder 0[0m
[00:00:12.680,664] [0m<dbg> zmk: apply_config: LISTENER INDEX: 0[0m
[00:00:12.680,664] [0m<dbg> zmk: scale_val: scaled 5 with 1/1 to 5 with remainder 0[0m
[00:00:12.680,694] [0m<dbg> zmk: zmk_hid_mouse_movement_set: Mouse movement set to 21/5[0m
[00:00:12.680,755] [0m<dbg> zmk: zmk_hid_mouse_scroll_set: Mouse scroll set to 0/0[0m
[00:00:12.680,755] [0m<dbg> zmk: zmk_hid_mouse_movement_set: Mouse movement set to 0/0[0m
[00:00:12.792,175] [0m<dbg> zmk: apply_config: LISTENER INDEX: 0[0m
[00:00:12.792,205] [0m<dbg> zmk: scale_val: scaled 0 with 1/1 to 0 with remainder 0[0m
[00:00:12.792,266] [0m<dbg> zmk: apply_config: LISTENER INDEX: 0[0m
[00:00:12.792,266] [0m<dbg> zmk: scale_val: scaled 1 with 1/1 to 1 with remainder 0[0m
[00:00:12.792,297] [0m<dbg> zmk: zmk_hid_mouse_movement_set: Mouse movement set to 0/1[0m
[00:00:12.792,358] [0m<dbg> zmk: zmk_hid_mouse_scroll_set: Mouse scroll set to 0/0[0m
[00:00:12.792,358] [0m<dbg> zmk: zmk_hid_mouse_movement_set: Mouse movement set to 0/0[0m
[00:00:12.817,657] [0m<dbg> zmk: apply_config: LISTENER INDEX: 0[0m
[00:00:12.817,657] [0m<dbg> zmk: scale_val: scaled 2 with 1/1 to 2 with remainder 0[0m
[00:00:12.817,718] [0m<dbg> zmk: apply_config: LISTENER INDEX: 0[0m
[00:00:12.817,749] [0m<dbg> zmk: scale_val: scaled 1 with 1/1 to 1 with remainder 0[0m
[00:00:12.817,749] [0m<dbg> zmk: zmk_hid_mouse_movement_set: Mouse movement set to 2/1[0m
[00:00:12.817,810] [0m<dbg> zmk: zmk_hid_mouse_scroll_set: Mouse scroll set to 0/0[0m
[00:00:12.817,840] [0m<dbg> zmk: zmk_hid_mouse_movement_set: Mouse movement set to 0/0[0m
[00:00:12.825,683] [0m<dbg> zmk: apply_config: LISTENER INDEX: 0[0m
[00:00:12.825,683] [0m<dbg> zmk: scale_val: scaled 2 with 1/1 to 2 with remainder 0[0m
[00:00:12.825,744] [0m<dbg> zmk: apply_config: LISTENER INDEX: 0[0m
[00:00:12.825,775] [0m<dbg> zmk: scale_val: scaled 0 with 1/1 to 0 with remainder 0[0m
[00:00:12.825,775] [0m<dbg> zmk: zmk_hid_mouse_movement_set: Mouse movement set to 2/0[0m
[00:00:12.825,836] [0m<dbg> zmk: zmk_hid_mouse_scroll_set: Mouse scroll set to 0/0[0m
[00:00:12.825,897] [0m<dbg> zmk: zmk_hid_mouse_movement_set: Mouse movement set to 0/0[0m
[00:00:12.832,458] [0m<dbg> zmk: apply_config: LISTENER INDEX: 0[0m
[00:00:12.832,489] [0m<dbg> zmk: scale_val: scaled 1 with 1/1 to 1 with remainder 0[0m
[00:00:12.832,550] [0m<dbg> zmk: apply_config: LISTENER INDEX: 0[0m
[00:00:12.832,550] [0m<dbg> zmk: scale_val: scaled 0 with 1/1 to 0 with remainder 0[0m
[00:00:12.832,580] [0m<dbg> zmk: zmk_hid_mouse_movement_set: Mouse movement set to 1/0[0m
[00:00:12.832,641] [0m<dbg> zmk: zmk_hid_mouse_scroll_set: Mouse scroll set to 0/0[0m
[00:00:12.832,641] [0m<dbg> zmk: zmk_hid_mouse_movement_set: Mouse movement set to 0/0[0m
[00:00:12.890,197] [0m<dbg> zmk: apply_config: LISTENER INDEX: 0[0m
[00:00:12.890,197] [0m<dbg> zmk: scale_val: scaled -7 with 1/1 to -7 with remainder 0[0m
[00:00:12.890,258] [0m<dbg> zmk: apply_config: LISTENER INDEX: 0[0m
[00:00:12.890,289] [0m<dbg> zmk: scale_val: scaled 0 with 1/1 to 0 with remainder 0[0m
[00:00:12.890,289] [0m<dbg> zmk: zmk_hid_mouse_movement_set: Mouse movement set to -7/0[0m
[00:00:12.890,350] [0m<dbg> zmk: zmk_hid_mouse_scroll_set: Mouse scroll set to 0/0[0m
[00:00:12.890,380] [0m<dbg> zmk: zmk_hid_mouse_movement_set: Mouse movement set to 0/0[0m
[00:00:12.898,376] [0m<dbg> zmk: apply_config: LISTENER INDEX: 0[0m
[00:00:12.898,376] [0m<dbg> zmk: scale_val: scaled -15 with 1/1 to -15 with remainder 0[0m
[00:00:12.898,437] [0m<dbg> zmk: apply_config: LISTENER INDEX: 0[0m
[00:00:12.898,468] [0m<dbg> zmk: scale_val: scaled 0 with 1/1 to 0 with remainder 0[0m
[00:00:12.898,468] [0m<dbg> zmk: zmk_hid_mouse_movement_set: Mouse movement set to -15/0[0m
[00:00:12.898,529] [0m<dbg> zmk: zmk_hid_mouse_scroll_set: Mouse scroll set to 0/0[0m
[00:00:12.898,559] [0m<dbg> zmk: zmk_hid_mouse_movement_set: Mouse movement set to 0/0[0m
[00:00:12.906,280] [0m<dbg> zmk: apply_config: LISTENER INDEX: 0[0m
[00:00:12.906,311] [0m<dbg> zmk: scale_val: scaled -27 with 1/1 to -27 with remainder 0[0m
[00:00:12.906,372] [0m<dbg> zmk: apply_config: LISTENER INDEX: 0[0m
[00:00:12.906,372] [0m<dbg> zmk: scale_val: scaled -5 with 1/1 to -5 with remainder 0[0m
[00:00:12.906,402] [0m<dbg> zmk: zmk_hid_mouse_movement_set: Mouse movement set to -27/-5[0m
[00:00:12.906,463] [0m<dbg> zmk: zmk_hid_mouse_scroll_set: Mouse scroll set to 0/0[0m
[00:00:12.906,463] [0m<dbg> zmk: zmk_hid_mouse_movement_set: Mouse movement set to 0/0[0m
[00:00:12.914,337] [0m<dbg> zmk: apply_config: LISTENER INDEX: 0[0m
[00:00:12.914,367] [0m<dbg> zmk: scale_val: scaled -18 with 1/1 to -18 with remainder 0[0m
[00:00:12.914,398] [0m<dbg> zmk: apply_config: LISTENER INDEX: 0[0m
[00:00:12.914,428] [0m<dbg> zmk: scale_val: scaled -2 with 1/1 to -2 with remainder 0[0m
[00:00:12.914,459] [0m<dbg> zmk: zmk_hid_mouse_movement_set: Mouse movement set to -18/-2[0m
[00:00:12.914,489] [0m<dbg> zmk: zmk_hid_mouse_scroll_set: Mouse scroll set to 0/0[0m
[00:00:12.914,520] [0m<dbg> zmk: zmk_hid_mouse_movement_set: Mouse movement set to 0/0[0m
[00:00:12.921,691] [0m<dbg> zmk: apply_config: LISTENER INDEX: 0[0m
[00:00:12.921,722] [0m<dbg> zmk: scale_val: scaled -30 with 1/1 to -30 with remainder 0[0m
[00:00:12.921,752] [0m<dbg> zmk: apply_config: LISTENER INDEX: 0[0m
[00:00:12.921,783] [0m<dbg> zmk: scale_val: scaled -15 with 1/1 to -15 with remainder 0[0m
[00:00:12.921,783] [0m<dbg> zmk: zmk_hid_mouse_movement_set: Mouse movement set to -30/-15[0m
[00:00:12.921,905] [0m<dbg> zmk: zmk_hid_mouse_scroll_set: Mouse scroll set to 0/0[0m
[00:00:12.922,027] [0m<dbg> zmk: zmk_hid_mouse_movement_set: Mouse movement set to 0/0[0m
[00:00:12.929,748] [0m<dbg> zmk: apply_config: LISTENER INDEX: 0[0m
[00:00:12.929,779] [0m<dbg> zmk: scale_val: scaled -37 with 1/1 to -37 with remainder 0[0m
[00:00:12.929,840] [0m<dbg> zmk: apply_config: LISTENER INDEX: 0[0m
[00:00:12.929,840] [0m<dbg> zmk: scale_val: scaled -33 with 1/1 to -33 with remainder 0[0m
[00:00:12.929,870] [0m<dbg> zmk: zmk_hid_mouse_movement_set: Mouse movement set to -37/-33[0m
[00:00:12.929,931] [0m<dbg> zmk: zmk_hid_mouse_scroll_set: Mouse scroll set to 0/0[0m
[00:00:12.929,931] [0m<dbg> zmk: zmk_hid_mouse_movement_set: Mouse movement set to 0/0[0m
[00:00:12.937,805] [0m<dbg> zmk: apply_config: LISTENER INDEX: 0[0m
[00:00:12.937,835] [0m<dbg> zmk: scale_val: scaled -45 with 1/1 to -45 with remainder 0[0m
[00:00:12.937,927] [0m<dbg> zmk: apply_config: LISTENER INDEX: 0[0m
[00:00:12.937,927] [0m<dbg> zmk: scale_val: scaled -49 with 1/1 to -49 with remainder 0[0m
[00:00:12.937,957] [0m<dbg> zmk: zmk_hid_mouse_movement_set: Mouse movement set to -45/-49[0m
[00:00:12.938,018] [0m<dbg> zmk: zmk_hid_mouse_scroll_set: Mouse scroll set to 0/0[0m
[00:00:12.938,018] [0m<dbg> zmk: zmk_hid_mouse_movement_set: Mouse movement set to 0/0[0m
[00:00:12.945,892] [0m<dbg> zmk: apply_config: LISTENER INDEX: 0[0m
[00:00:12.945,922] [0m<dbg> zmk: scale_val: scaled -53 with 1/1 to -53 with remainder 0[0m
[00:00:12.945,983] [0m<dbg> zmk: apply_config: LISTENER INDEX: 0[0m
[00:00:12.945,983] [0m<dbg> zmk: scale_val: scaled -67 with 1/1 to -67 with remainder 0[0m
[00:00:12.946,014] [0m<dbg> zmk: zmk_hid_mouse_movement_set: Mouse movement set to -53/-67[0m
[00:00:12.946,075] [0m<dbg> zmk: zmk_hid_mouse_scroll_set: Mouse scroll set to 0/0[0m
[00:00:12.946,075] [0m<dbg> zmk: zmk_hid_mouse_movement_set: Mouse movement set to 0/0[0m
[00:00:12.953,948] [0m<dbg> zmk: apply_config: LISTENER INDEX: 0[0m
[00:00:12.953,979] [0m<dbg> zmk: scale_val: scaled -57 with 1/1 to -57 with remainder 0[0m
[00:00:12.954,040] [0m<dbg> zmk: apply_config: LISTENER INDEX: 0[0m
[00:00:12.954,040] [0m<dbg> zmk: scale_val: scaled -77 with 1/1 to -77 with remainder 0[0m
[00:00:12.954,071] [0m<dbg> zmk: zmk_hid_mouse_movement_set: Mouse movement set to -57/-77[0m
[00:00:12.954,132] [0m<dbg> zmk: zmk_hid_mouse_scroll_set: Mouse scroll set to 0/0[0m
[00:00:12.954,132] [0m<dbg> zmk: zmk_hid_mouse_movement_set: Mouse movement set to 0/0[0m
[00:00:12.962,005] [0m<dbg> zmk: apply_config: LISTENER INDEX: 0[0m
[00:00:12.962,005] [0m<dbg> zmk: scale_val: scaled -62 with 1/1 to -62 with remainder 0[0m
[00:00:12.962,066] [0m<dbg> zmk: apply_config: LISTENER INDEX: 0[0m
[00:00:12.962,097] [0m<dbg> zmk: scale_val: scaled -82 with 1/1 to -82 with remainder 0[0m
[00:00:12.962,097] [0m<dbg> zmk: zmk_hid_mouse_movement_set: Mouse movement set to -62/-82[0m
[00:00:12.962,310] [0m<dbg> zmk: zmk_hid_mouse_scroll_set: Mouse scroll set to 0/0[0m
[00:00:12.962,402] [0m<dbg> zmk: zmk_hid_mouse_movement_set: Mouse movement set to 0/0[0m
[00:00:12.970,062] [0m<dbg> zmk: apply_config: LISTENER INDEX: 0[0m
[00:00:12.970,062] [0m<dbg> zmk: scale_val: scaled -72 with 1/1 to -72 with remainder 0[0m
[00:00:12.970,123] [0m<dbg> zmk: apply_config: LISTENER INDEX: 0[0m
[00:00:12.970,153] [0m<dbg> zmk: scale_val: scaled -82 with 1/1 to -82 with remainder 0[0m
[00:00:12.970,153] [0m<dbg> zmk: zmk_hid_mouse_movement_set: Mouse movement set to -72/-82[0m
[00:00:12.970,214] [0m<dbg> zmk: zmk_hid_mouse_scroll_set: Mouse scroll set to 0/0[0m
[00:00:12.970,245] [0m<dbg> zmk: zmk_hid_mouse_movement_set: Mouse movement set to 0/0[0m
[00:00:12.978,179] [0m<dbg> zmk: apply_config: LISTENER INDEX: 0[0m
[00:00:12.978,210] [0m<dbg> zmk: scale_val: scaled -72 with 1/1 to -72 with remainder 0[0m
[00:00:12.978,271] [0m<dbg> zmk: apply_config: LISTENER INDEX: 0[0m
[00:00:12.978,271] [0m<dbg> zmk: scale_val: scaled -72 with 1/1 to -72 with remainder 0[0m
[00:00:12.978,332] [0m<dbg> zmk: zmk_hid_mouse_movement_set: Mouse movement set to -72/-72[0m
[00:00:12.978,393] [0m<dbg> zmk: zmk_hid_mouse_scroll_set: Mouse scroll set to 0/0[0m
[00:00:12.978,393] [0m<dbg> zmk: zmk_hid_mouse_movement_set: Mouse movement set to 0/0[0m
[00:00:12.986,175] [0m<dbg> zmk: apply_config: LISTENER INDEX: 0[0m
[00:00:12.986,206] [0m<dbg> zmk: scale_val: scaled -72 with 1/1 to -72 with remainder 0[0m
[00:00:12.986,236] [0m<dbg> zmk: apply_config: LISTENER INDEX: 0[0m
[00:00:12.986,267] [0m<dbg> zmk: scale_val: scaled -53 with 1/1 to -53 with remainder 0[0m
[00:00:12.986,297] [0m<dbg> zmk: zmk_hid_mouse_movement_set: Mouse movement set to -72/-53[0m
[00:00:12.986,328] [0m<dbg> zmk: zmk_hid_mouse_scroll_set: Mouse scroll set to 0/0[0m
[00:00:12.986,358] [0m<dbg> zmk: zmk_hid_mouse_movement_set: Mouse movement set to 0/0[0m
[00:00:12.994,964] [0m<dbg> zmk: apply_config: LISTENER INDEX: 0[0m
[00:00:12.994,995] [0m<dbg> zmk: scale_val: scaled -77 with 1/1 to -77 with remainder 0[0m
[00:00:12.995,056] [0m<dbg> zmk: apply_config: LISTENER INDEX: 0[0m
[00:00:12.995,056] [0m<dbg> zmk: scale_val: scaled -53 with 1/1 to -53 with remainder 0[0m
[00:00:12.995,086] [0m<dbg> zmk: zmk_hid_mouse_movement_set: Mouse movement set to -77/-53[0m
[00:00:12.995,147] [0m<dbg> zmk: zmk_hid_mouse_scroll_set: Mouse scroll set to 0/0[0m
[00:00:12.995,147] [0m<dbg> zmk: zmk_hid_mouse_movement_set: Mouse movement set to 0/0[0m
[00:00:13.003,021] [0m<dbg> zmk: apply_config: LISTENER INDEX: 0[0m
[00:00:13.003,051] [0m<dbg> zmk: scale_val: scaled -72 with 1/1 to -72 with remainder 0[0m
[00:00:13.003,204] [0m<dbg> zmk: apply_config: LISTENER INDEX: 0[0m
[00:00:13.003,234] [0m<dbg> zmk: scale_val: scaled -49 with 1/1 to -49 with remainder 0[0m
[00:00:13.003,265] [0m<dbg> zmk: zmk_hid_mouse_movement_set: Mouse movement set to -72/-49[0m
[00:00:13.003,295] [0m<dbg> zmk: zmk_hid_mouse_scroll_set: Mouse scroll set to 0/0[0m
[00:00:13.003,326] [0m<dbg> zmk: zmk_hid_mouse_movement_set: Mouse movement set to 0/0[0m
[00:00:13.011,169] [0m<dbg> zmk: apply_config: LISTENER INDEX: 0[0m
[00:00:13.011,199] [0m<dbg> zmk: scale_val: scaled -62 with 1/1 to -62 with remainder 0[0m
[00:00:13.011,260] [0m<dbg> zmk: apply_config: LISTENER INDEX: 0[0m
[00:00:13.011,260] [0m<dbg> zmk: scale_val: scaled -45 with 1/1 to -45 with remainder 0[0m
[00:00:13.011,474] [0m<dbg> zmk: zmk_hid_mouse_movement_set: Mouse movement set to -62/-45[0m
[00:00:13.011,535] [0m<dbg> zmk: zmk_hid_mouse_scroll_set: Mouse scroll set to 0/0[0m
[00:00:13.011,535] [0m<dbg> zmk: zmk_hid_mouse_movement_set: Mouse movement set to 0/0[0m
[00:00:13.019,134] [0m<dbg> zmk: apply_config: LISTENER INDEX: 0[0m
[00:00:13.019,134] [0m<dbg> zmk: scale_val: scaled -57 with 1/1 to -57 with remainder 0[0m
[00:00:13.019,195] [0m<dbg> zmk: apply_config: LISTENER INDEX: 0[0m
[00:00:13.019,226] [0m<dbg> zmk: scale_val: scaled -37 with 1/1 to -37 with remainder 0[0m
[00:00:13.019,226] [0m<dbg> zmk: zmk_hid_mouse_movement_set: Mouse movement set to -57/-37[0m
[00:00:13.019,287] [0m<dbg> zmk: zmk_hid_mouse_scroll_set: Mouse scroll set to 0/0[0m
[00:00:13.019,317] [0m<dbg> zmk: zmk_hid_mouse_movement_set: Mouse movement set to 0/0[0m
[00:00:13.026,458] [0m<dbg> zmk: apply_config: LISTENER INDEX: 0[0m
[00:00:13.026,458] [0m<dbg> zmk: scale_val: scaled -41 with 1/1 to -41 with remainder 0[0m
[00:00:13.026,519] [0m<dbg> zmk: apply_config: LISTENER INDEX: 0[0m
[00:00:13.026,550] [0m<dbg> zmk: scale_val: scaled -33 with 1/1 to -33 with remainder 0[0m
[00:00:13.026,550] [0m<dbg> zmk: zmk_hid_mouse_movement_set: Mouse movement set to -41/-33[0m
[00:00:13.026,824] [0m<dbg> zmk: zmk_hid_mouse_scroll_set: Mouse scroll set to 0/0[0m
[00:00:13.026,824] [0m<dbg> zmk: zmk_hid_mouse_movement_set: Mouse movement set to 0/0[0m
[00:00:13.035,400] [0m<dbg> zmk: apply_config: LISTENER INDEX: 0[0m
[00:00:13.035,430] [0m<dbg> zmk: scale_val: scaled -37 with 1/1 to -37 with remainder 0[0m
[00:00:13.035,461] [0m<dbg> zmk: apply_config: LISTENER INDEX: 0[0m
[00:00:13.035,491] [0m<dbg> zmk: scale_val: scaled -37 with 1/1 to -37 with remainder 0[0m
[00:00:13.035,522] [0m<dbg> zmk: zmk_hid_mouse_movement_set: Mouse movement set to -37/-37[0m
[00:00:13.035,552] [0m<dbg> zmk: zmk_hid_mouse_scroll_set: Mouse scroll set to 0/0[0m
[00:00:13.035,583] [0m<dbg> zmk: zmk_hid_mouse_movement_set: Mouse movement set to 0/0[0m
[00:00:13.043,579] [0m<dbg> zmk: apply_config: LISTENER INDEX: 0[0m
[00:00:13.043,609] [0m<dbg> zmk: scale_val: scaled -33 with 1/1 to -33 with remainder 0[0m
[00:00:13.043,640] [0m<dbg> zmk: apply_config: LISTENER INDEX: 0[0m
[00:00:13.043,670] [0m<dbg> zmk: scale_val: scaled -49 with 1/1 to -49 with remainder 0[0m
[00:00:13.043,701] [0m<dbg> zmk: zmk_hid_mouse_movement_set: Mouse movement set to -33/-49[0m
[00:00:13.043,731] [0m<dbg> zmk: zmk_hid_mouse_scroll_set: Mouse scroll set to 0/0[0m
[00:00:13.043,762] [0m<dbg> zmk: zmk_hid_mouse_movement_set: Mouse movement set to 0/0[0m
[00:00:13.051,391] [0m<dbg> zmk: apply_config: LISTENER INDEX: 0[0m
[00:00:13.051,422] [0m<dbg> zmk: scale_val: scaled -30 with 1/1 to -30 with remainder 0[0m
[00:00:13.051,483] [0m<dbg> zmk: apply_config: LISTENER INDEX: 0[0m
[00:00:13.051,483] [0m<dbg> zmk: scale_val: scaled -57 with 1/1 to -57 with remainder 0[0m
[00:00:13.051,513] [0m<dbg> zmk: zmk_hid_mouse_movement_set: Mouse movement set to -30/-57[0m
[00:00:13.051,574] [0m<dbg> zmk: zmk_hid_mouse_scroll_set: Mouse scroll set to 0/0[0m
[00:00:13.051,574] [0m<dbg> zmk: zmk_hid_mouse_movement_set: Mouse movement set to 0/0[0m
[00:00:13.059,448] [0m<dbg> zmk: apply_config: LISTENER INDEX: 0[0m
[00:00:13.059,448] [0m<dbg> zmk: scale_val: scaled -21 with 1/1 to -21 with remainder 0[0m
[00:00:13.059,509] [0m<dbg> zmk: apply_config: LISTENER INDEX: 0[0m
[00:00:13.059,509] [0m<dbg> zmk: scale_val: scaled -45 with 1/1 to -45 with remainder 0[0m
[00:00:13.059,539] [0m<dbg> zmk: zmk_hid_mouse_movement_set: Mouse movement set to -21/-45[0m
[00:00:13.059,600] [0m<dbg> zmk: zmk_hid_mouse_scroll_set: Mouse scroll set to 0/0[0m
[00:00:13.059,600] [0m<dbg> zmk: zmk_hid_mouse_movement_set: Mouse movement set to 0/0[0m
[00:00:13.067,504] [0m<dbg> zmk: apply_config: LISTENER INDEX: 0[0m
[00:00:13.067,504] [0m<dbg> zmk: scale_val: scaled -18 with 1/1 to -18 with remainder 0[0m
[00:00:13.067,565] [0m<dbg> zmk: apply_config: LISTENER INDEX: 0[0m
[00:00:13.067,596] [0m<dbg> zmk: scale_val: scaled -33 with 1/1 to -33 with remainder 0[0m
[00:00:13.067,596] [0m<dbg> zmk: zmk_hid_mouse_movement_set: Mouse movement set to -18/-33[0m
[00:00:13.067,657] [0m<dbg> zmk: zmk_hid_mouse_scroll_set: Mouse scroll set to 0/0[0m
[00:00:13.067,687] [0m<dbg> zmk: zmk_hid_mouse_movement_set: Mouse movement set to 0/0[0m
[00:00:13.074,829] [0m<dbg> zmk: apply_config: LISTENER INDEX: 0[0m
[00:00:13.074,829] [0m<dbg> zmk: scale_val: scaled -13 with 1/1 to -13 with remainder 0[0m
[00:00:13.075,012] [0m<dbg> zmk: apply_config: LISTENER INDEX: 0[0m
[00:00:13.075,042] [0m<dbg> zmk: scale_val: scaled -27 with 1/1 to -27 with remainder 0[0m
[00:00:13.075,134] [0m<dbg> zmk: zmk_hid_mouse_movement_set: Mouse movement set to -13/-27[0m
[00:00:13.075,195] [0m<dbg> zmk: zmk_hid_mouse_scroll_set: Mouse scroll set to 0/0[0m
[00:00:13.075,195] [0m<dbg> zmk: zmk_hid_mouse_movement_set: Mouse movement set to 0/0[0m
[00:00:13.083,648] [0m<dbg> zmk: apply_config: LISTENER INDEX: 0[0m
[00:00:13.083,679] [0m<dbg> zmk: scale_val: scaled -9 with 1/1 to -9 with remainder 0[0m
[00:00:13.083,740] [0m<dbg> zmk: apply_config: LISTENER INDEX: 0[0m
[00:00:13.083,740] [0m<dbg> zmk: scale_val: scaled -15 with 1/1 to -15 with remainder 0[0m
[00:00:13.083,770] [0m<dbg> zmk: zmk_hid_mouse_movement_set: Mouse movement set to -9/-15[0m
[00:00:13.083,801] [0m<dbg> zmk: zmk_hid_mouse_scroll_set: Mouse scroll set to 0/0[0m
[00:00:13.083,831] [0m<dbg> zmk: zmk_hid_mouse_movement_set: Mouse movement set to 0/0[0m
[00:00:13.219,421] [0m<dbg> zmk: apply_config: LISTENER INDEX: 0[0m
[00:00:13.219,451] [0m<dbg> zmk: scale_val: scaled 2 with 1/1 to 2 with remainder 0[0m
[00:00:13.219,512] [0m<dbg> zmk: apply_config: LISTENER INDEX: 0[0m
[00:00:13.219,543] [0m<dbg> zmk: scale_val: scaled 0 with 1/1 to 0 with remainder 0[0m
[00:00:13.219,543] [0m<dbg> zmk: zmk_hid_mouse_movement_set: Mouse movement set to 2/0[0m
[00:00:13.219,604] [0m<dbg> zmk: zmk_hid_mouse_scroll_set: Mouse scroll set to 0/0[0m
[00:00:13.219,604] [0m<dbg> zmk: zmk_hid_mouse_movement_set: Mouse movement set to 0/0[0m
[00:00:13.236,846] [0m<dbg> zmk: apply_config: LISTENER INDEX: 0[0m
[00:00:13.236,846] [0m<dbg> zmk: scale_val: scaled 3 with 1/1 to 3 with remainder 0[0m
[00:00:13.236,907] [0m<dbg> zmk: apply_config: LISTENER INDEX: 0[0m
[00:00:13.236,938] [0m<dbg> zmk: scale_val: scaled 3 with 1/1 to 3 with remainder 0[0m
[00:00:13.236,938] [0m<dbg> zmk: zmk_hid_mouse_movement_set: Mouse movement set to 3/3[0m
[00:00:13.236,999] [0m<dbg> zmk: zmk_hid_mouse_scroll_set: Mouse scroll set to 0/0[0m
[00:00:13.237,030] [0m<dbg> zmk: zmk_hid_mouse_movement_set: Mouse movement set to 0/0[0m
[00:00:13.244,873] [0m<dbg> zmk: apply_config: LISTENER INDEX: 0[0m
[00:00:13.244,903] [0m<dbg> zmk: scale_val: scaled 7 with 1/1 to 7 with remainder 0[0m
[00:00:13.244,934] [0m<dbg> zmk: apply_config: LISTENER INDEX: 0[0m
[00:00:13.244,964] [0m<dbg> zmk: scale_val: scaled 11 with 1/1 to 11 with remainder 0[0m
[00:00:13.244,995] [0m<dbg> zmk: zmk_hid_mouse_movement_set: Mouse movement set to 7/11[0m
[00:00:13.245,056] [0m<dbg> zmk: zmk_hid_mouse_scroll_set: Mouse scroll set to 0/0[0m
[00:00:13.245,086] [0m<dbg> zmk: zmk_hid_mouse_movement_set: Mouse movement set to 0/0[0m
[00:00:13.252,197] [0m<dbg> zmk: apply_config: LISTENER INDEX: 0[0m
[00:00:13.252,197] [0m<dbg> zmk: scale_val: scaled 9 with 1/1 to 9 with remainder 0[0m
[00:00:13.252,471] [0m<dbg> zmk: apply_config: LISTENER INDEX: 0[0m
[00:00:13.252,502] [0m<dbg> zmk: scale_val: scaled 18 with 1/1 to 18 with remainder 0[0m
[00:00:13.252,502] [0m<dbg> zmk: zmk_hid_mouse_movement_set: Mouse movement set to 9/18[0m
[00:00:13.252,563] [0m<dbg> zmk: zmk_hid_mouse_scroll_set: Mouse scroll set to 0/0[0m
[00:00:13.252,593] [0m<dbg> zmk: zmk_hid_mouse_movement_set: Mouse movement set to 0/0[0m
[00:00:13.260,314] [0m<dbg> zmk: apply_config: LISTENER INDEX: 0[0m
[00:00:13.260,345] [0m<dbg> zmk: scale_val: scaled 7 with 1/1 to 7 with remainder 0[0m
[00:00:13.260,406] [0m<dbg> zmk: apply_config: LISTENER INDEX: 0[0m
[00:00:13.260,406] [0m<dbg> zmk: scale_val: scaled 18 with 1/1 to 18 with remainder 0[0m
[00:00:13.260,437] [0m<dbg> zmk: zmk_hid_mouse_movement_set: Mouse movement set to 7/18[0m
[00:00:13.260,498] [0m<dbg> zmk: zmk_hid_mouse_scroll_set: Mouse scroll set to 0/0[0m
[00:00:13.260,498] [0m<dbg> zmk: zmk_hid_mouse_movement_set: Mouse movement set to 0/0[0m
[00:00:13.269,256] [0m<dbg> zmk: apply_config: LISTENER INDEX: 0[0m
[00:00:13.269,287] [0m<dbg> zmk: scale_val: scaled 5 with 1/1 to 5 with remainder 0[0m
[00:00:13.269,348] [0m<dbg> zmk: apply_config: LISTENER INDEX: 0[0m
[00:00:13.269,348] [0m<dbg> zmk: scale_val: scaled 15 with 1/1 to 15 with remainder 0[0m
[00:00:13.269,378] [0m<dbg> zmk: zmk_hid_mouse_movement_set: Mouse movement set to 5/15[0m
[00:00:13.269,439] [0m<dbg> zmk: zmk_hid_mouse_scroll_set: Mouse scroll set to 0/0[0m
[00:00:13.269,439] [0m<dbg> zmk: zmk_hid_mouse_movement_set: Mouse movement set to 0/0[0m
[00:00:13.277,099] [0m<dbg> zmk: apply_config: LISTENER INDEX: 0[0m
[00:00:13.277,130] [0m<dbg> zmk: scale_val: scaled 5 with 1/1 to 5 with remainder 0[0m
[00:00:13.277,191] [0m<dbg> zmk: apply_config: LISTENER INDEX: 0[0m
[00:00:13.277,221] [0m<dbg> zmk: scale_val: scaled 13 with 1/1 to 13 with remainder 0[0m
[00:00:13.277,221] [0m<dbg> zmk: zmk_hid_mouse_movement_set: Mouse movement set to 5/13[0m
[00:00:13.277,282] [0m<dbg> zmk: zmk_hid_mouse_scroll_set: Mouse scroll set to 0/0[0m
[00:00:13.277,282] [0m<dbg> zmk: zmk_hid_mouse_movement_set: Mouse movement set to 0/0[0m
[00:00:13.285,156] [0m<dbg> zmk: apply_config: LISTENER INDEX: 0[0m
[00:00:13.285,186] [0m<dbg> zmk: scale_val: scaled 2 with 1/1 to 2 with remainder 0[0m
[00:00:13.285,247] [0m<dbg> zmk: apply_config: LISTENER INDEX: 0[0m
[00:00:13.285,278] [0m<dbg> zmk: scale_val: scaled 9 with 1/1 to 9 with remainder 0[0m
[00:00:13.285,278] [0m<dbg> zmk: zmk_hid_mouse_movement_set: Mouse movement set to 2/9[0m
[00:00:13.285,339] [0m<dbg> zmk: zmk_hid_mouse_scroll_set: Mouse scroll set to 0/0[0m
[00:00:13.285,339] [0m<dbg> zmk: zmk_hid_mouse_movement_set: Mouse movement set to 0/0[0m
[00:00:13.308,685] [0m<dbg> zmk: apply_config: LISTENER INDEX: 0[0m
[00:00:13.308,715] [0m<dbg> zmk: scale_val: scaled -21 with 1/1 to -21 with remainder 0[0m
[00:00:13.308,776] [0m<dbg> zmk: apply_config: LISTENER INDEX: 0[0m
[00:00:13.308,776] [0m<dbg> zmk: scale_val: scaled 5 with 1/1 to 5 with remainder 0[0m
[00:00:13.308,807] [0m<dbg> zmk: zmk_hid_mouse_movement_set: Mouse movement set to -21/5[0m
[00:00:13.308,868] [0m<dbg> zmk: zmk_hid_mouse_scroll_set: Mouse scroll set to 0/0[0m
[00:00:13.308,929] [0m<dbg> zmk: zmk_hid_mouse_movement_set: Mouse movement set to 0/0[0m
[00:00:13.316,711] [0m<dbg> zmk: apply_config: LISTENER INDEX: 0[0m
[00:00:13.316,741] [0m<dbg> zmk: scale_val: scaled -41 with 1/1 to -41 with remainder 0[0m
[00:00:13.316,802] [0m<dbg> zmk: apply_config: LISTENER INDEX: 0[0m
[00:00:13.316,802] [0m<dbg> zmk: scale_val: scaled 9 with 1/1 to 9 with remainder 0[0m
[00:00:13.316,833] [0m<dbg> zmk: zmk_hid_mouse_movement_set: Mouse movement set to -41/9[0m
[00:00:13.316,894] [0m<dbg> zmk: zmk_hid_mouse_scroll_set: Mouse scroll set to 0/0[0m
[00:00:13.316,894] [0m<dbg> zmk: zmk_hid_mouse_movement_set: Mouse movement set to 0/0[0m
[00:00:13.324,737] [0m<dbg> zmk: apply_config: LISTENER INDEX: 0[0m
[00:00:13.324,768] [0m<dbg> zmk: scale_val: scaled -57 with 1/1 to -57 with remainder 0[0m
[00:00:13.324,829] [0m<dbg> zmk: apply_config: LISTENER INDEX: 0[0m
[00:00:13.324,829] [0m<dbg> zmk: scale_val: scaled 15 with 1/1 to 15 with remainder 0[0m
[00:00:13.324,859] [0m<dbg> zmk: zmk_hid_mouse_movement_set: Mouse movement set to -57/15[0m
[00:00:13.324,920] [0m<dbg> zmk: zmk_hid_mouse_scroll_set: Mouse scroll set to 0/0[0m
[00:00:13.324,920] [0m<dbg> zmk: zmk_hid_mouse_movement_set: Mouse movement set to 0/0[0m
[00:00:13.332,794] [0m<dbg> zmk: apply_config: LISTENER INDEX: 0[0m
[00:00:13.332,824] [0m<dbg> zmk: scale_val: scaled -72 with 1/1 to -72 with remainder 0[0m
[00:00:13.332,885] [0m<dbg> zmk: apply_config: LISTENER INDEX: 0[0m
[00:00:13.332,885] [0m<dbg> zmk: scale_val: scaled 21 with 1/1 to 21 with remainder 0[0m
[00:00:13.332,916] [0m<dbg> zmk: zmk_hid_mouse_movement_set: Mouse movement set to -72/21[0m
[00:00:13.332,977] [0m<dbg> zmk: zmk_hid_mouse_scroll_set: Mouse scroll set to 0/0[0m
[00:00:13.332,977] [0m<dbg> zmk: zmk_hid_mouse_movement_set: Mouse movement set to 0/0[0m
[00:00:13.340,911] [0m<dbg> zmk: apply_config: LISTENER INDEX: 0[0m
[00:00:13.340,911] [0m<dbg> zmk: scale_val: scaled -82 with 1/1 to -82 with remainder 0[0m
[00:00:13.340,972] [0m<dbg> zmk: apply_config: LISTENER INDEX: 0[0m
[00:00:13.340,972] [0m<dbg> zmk: scale_val: scaled 30 with 1/1 to 30 with remainder 0[0m
[00:00:13.341,125] [0m<dbg> zmk: zmk_hid_mouse_movement_set: Mouse movement set to -82/30[0m
[00:00:13.341,186] [0m<dbg> zmk: zmk_hid_mouse_scroll_set: Mouse scroll set to 0/0[0m
[00:00:13.341,186] [0m<dbg> zmk: zmk_hid_mouse_movement_set: Mouse movement set to 0/0[0m
[00:00:13.348,937] [0m<dbg> zmk: apply_config: LISTENER INDEX: 0[0m
[00:00:13.348,968] [0m<dbg> zmk: scale_val: scaled -72 with 1/1 to -72 with remainder 0[0m
[00:00:13.348,999] [0m<dbg> zmk: apply_config: LISTENER INDEX: 0[0m
[00:00:13.349,029] [0m<dbg> zmk: scale_val: scaled 37 with 1/1 to 37 with remainder 0[0m
[00:00:13.349,060] [0m<dbg> zmk: zmk_hid_mouse_movement_set: Mouse movement set to -72/37[0m
[00:00:13.349,090] [0m<dbg> zmk: zmk_hid_mouse_scroll_set: Mouse scroll set to 0/0[0m
[00:00:13.349,121] [0m<dbg> zmk: zmk_hid_mouse_movement_set: Mouse movement set to 0/0[0m
[00:00:13.356,994] [0m<dbg> zmk: apply_config: LISTENER INDEX: 0[0m
[00:00:13.357,025] [0m<dbg> zmk: scale_val: scaled -72 with 1/1 to -72 with remainder 0[0m
[00:00:13.357,055] [0m<dbg> zmk: apply_config: LISTENER INDEX: 0[0m
[00:00:13.357,086] [0m<dbg> zmk: scale_val: scaled 45 with 1/1 to 45 with remainder 0[0m
[00:00:13.357,116] [0m<dbg> zmk: zmk_hid_mouse_movement_set: Mouse movement set to -72/45[0m
[00:00:13.357,147] [0m<dbg> zmk: zmk_hid_mouse_scroll_set: Mouse scroll set to 0/0[0m
[00:00:13.357,177] [0m<dbg> zmk: zmk_hid_mouse_movement_set: Mouse movement set to 0/0[0m
[00:00:13.365,783] [0m<dbg> zmk: apply_config: LISTENER INDEX: 0[0m
[00:00:13.365,814] [0m<dbg> zmk: scale_val: scaled -67 with 1/1 to -67 with remainder 0[0m
[00:00:13.365,875] [0m<dbg> zmk: apply_config: LISTENER INDEX: 0[0m
[00:00:13.365,875] [0m<dbg> zmk: scale_val: scaled 53 with 1/1 to 53 with remainder 0[0m
[00:00:13.365,905] [0m<dbg> zmk: zmk_hid_mouse_movement_set: Mouse movement set to -67/53[0m
[00:00:13.365,936] [0m<dbg> zmk: zmk_hid_mouse_scroll_set: Mouse scroll set to 0/0[0m
[00:00:13.365,966] [0m<dbg> zmk: zmk_hid_mouse_movement_set: Mouse movement set to 0/0[0m
[00:00:13.373,840] [0m<dbg> zmk: apply_config: LISTENER INDEX: 0[0m
[00:00:13.373,870] [0m<dbg> zmk: scale_val: scaled -57 with 1/1 to -57 with remainder 0[0m
[00:00:13.373,931] [0m<dbg> zmk: apply_config: LISTENER INDEX: 0[0m
[00:00:13.373,931] [0m<dbg> zmk: scale_val: scaled 49 with 1/1 to 49 with remainder 0[0m
[00:00:13.373,962] [0m<dbg> zmk: zmk_hid_mouse_movement_set: Mouse movement set to -57/49[0m
[00:00:13.374,023] [0m<dbg> zmk: zmk_hid_mouse_scroll_set: Mouse scroll set to 0/0[0m
[00:00:13.374,023] [0m<dbg> zmk: zmk_hid_mouse_movement_set: Mouse movement set to 0/0[0m
[00:00:13.381,317] [0m<dbg> zmk: apply_config: LISTENER INDEX: 0[0m
[00:00:13.381,378] [0m<dbg> zmk: scale_val: scaled -41 with 1/1 to -41 with remainder 0[0m
[00:00:13.381,439] [0m<dbg> zmk: apply_config: LISTENER INDEX: 0[0m
[00:00:13.381,469] [0m<dbg> zmk: scale_val: scaled 49 with 1/1 to 49 with remainder 0[0m
[00:00:13.381,469] [0m<dbg> zmk: zmk_hid_mouse_movement_set: Mouse movement set to -41/49[0m
[00:00:13.381,530] [0m<dbg> zmk: zmk_hid_mouse_scroll_set: Mouse scroll set to 0/0[0m
[00:00:13.381,530] [0m<dbg> zmk: zmk_hid_mouse_movement_set: Mouse movement set to 0/0[0m
[00:00:13.389,221] [0m<dbg> zmk: apply_config: LISTENER INDEX: 0[0m
[00:00:13.389,221] [0m<dbg> zmk: scale_val: scaled -30 with 1/1 to -30 with remainder 0[0m
[00:00:13.389,282] [0m<dbg> zmk: apply_config: LISTENER INDEX: 0[0m
[00:00:13.389,312] [0m<dbg> zmk: scale_val: scaled 37 with 1/1 to 37 with remainder 0[0m
[00:00:13.389,312] [0m<dbg> zmk: zmk_hid_mouse_movement_set: Mouse movement set to -30/37[0m
[00:00:13.389,373] [0m<dbg> zmk: zmk_hid_mouse_scroll_set: Mouse scroll set to 0/0[0m
[00:00:13.389,404] [0m<dbg> zmk: zmk_hid_mouse_movement_set: Mouse movement set to 0/0[0m
[00:00:13.398,010] [0m<dbg> zmk: apply_config: LISTENER INDEX: 0[0m
[00:00:13.398,010] [0m<dbg> zmk: scale_val: scaled -18 with 1/1 to -18 with remainder 0[0m
[00:00:13.398,223] [0m<dbg> zmk: apply_config: LISTENER INDEX: 0[0m
[00:00:13.398,345] [0m<dbg> zmk: scale_val: scaled 27 with 1/1 to 27 with remainder 0[0m
[00:00:13.398,345] [0m<dbg> zmk: zmk_hid_mouse_movement_set: Mouse movement set to -18/27[0m
[00:00:13.398,406] [0m<dbg> zmk: zmk_hid_mouse_scroll_set: Mouse scroll set to 0/0[0m
[00:00:13.398,437] [0m<dbg> zmk: zmk_hid_mouse_movement_set: Mouse movement set to 0/0[0m
[00:00:13.406,066] [0m<dbg> zmk: apply_config: LISTENER INDEX: 0[0m
[00:00:13.406,066] [0m<dbg> zmk: scale_val: scaled -13 with 1/1 to -13 with remainder 0[0m
[00:00:13.406,127] [0m<dbg> zmk: apply_config: LISTENER INDEX: 0[0m
[00:00:13.406,158] [0m<dbg> zmk: scale_val: scaled 21 with 1/1 to 21 with remainder 0[0m
[00:00:13.406,158] [0m<dbg> zmk: zmk_hid_mouse_movement_set: Mouse movement set to -13/21[0m
[00:00:13.406,219] [0m<dbg> zmk: zmk_hid_mouse_scroll_set: Mouse scroll set to 0/0[0m
[00:00:13.406,250] [0m<dbg> zmk: zmk_hid_mouse_movement_set: Mouse movement set to 0/0[0m
[00:00:13.414,123] [0m<dbg> zmk: apply_config: LISTENER INDEX: 0[0m
[00:00:13.414,154] [0m<dbg> zmk: scale_val: scaled -7 with 1/1 to -7 with remainder 0[0m
[00:00:13.414,215] [0m<dbg> zmk: apply_config: LISTENER INDEX: 0[0m
[00:00:13.414,245] [0m<dbg> zmk: scale_val: scaled 15 with 1/1 to 15 with remainder 0[0m
[00:00:13.414,245] [0m<dbg> zmk: zmk_hid_mouse_movement_set: Mouse movement set to -7/15[0m
[00:00:13.414,306] [0m<dbg> zmk: zmk_hid_mouse_scroll_set: Mouse scroll set to 0/0[0m
[00:00:13.414,306] [0m<dbg> zmk: zmk_hid_mouse_movement_set: Mouse movement set to 0/0[0m
[00:00:13.622,497] [0m<dbg> zmk: apply_config: LISTENER INDEX: 0[0m
[00:00:13.622,528] [0m<dbg> zmk: scale_val: scaled 0 with 1/1 to 0 with remainder 0[0m
[00:00:13.622,589] [0m<dbg> zmk: apply_config: LISTENER INDEX: 0[0m
[00:00:13.622,619] [0m<dbg> zmk: scale_val: scaled 1 with 1/1 to 1 with remainder 0[0m
[00:00:13.622,619] [0m<dbg> zmk: zmk_hid_mouse_movement_set: Mouse movement set to 0/1[0m
[00:00:13.622,680] [0m<dbg> zmk: zmk_hid_mouse_scroll_set: Mouse scroll set to 0/0[0m
[00:00:13.622,680] [0m<dbg> zmk: zmk_hid_mouse_movement_set: Mouse movement set to 0/0[0m
[00:00:13.639,892] [0m<dbg> zmk: apply_config: LISTENER INDEX: 0[0m
[00:00:13.639,923] [0m<dbg> zmk: scale_val: scaled 0 with 1/1 to 0 with remainder 0[0m
[00:00:13.639,984] [0m<dbg> zmk: apply_config: LISTENER INDEX: 0[0m
[00:00:13.639,984] [0m<dbg> zmk: scale_val: scaled 13 with 1/1 to 13 with remainder 0[0m
[00:00:13.640,014] [0m<dbg> zmk: zmk_hid_mouse_movement_set: Mouse movement set to 0/13[0m
[00:00:13.640,075] [0m<dbg> zmk: zmk_hid_mouse_scroll_set: Mouse scroll set to 0/0[0m
[00:00:13.640,075] [0m<dbg> zmk: zmk_hid_mouse_movement_set: Mouse movement set to 0/0[0m
[00:00:13.647,949] [0m<dbg> zmk: apply_config: LISTENER INDEX: 0[0m
[00:00:13.647,949] [0m<dbg> zmk: scale_val: scaled -9 with 1/1 to -9 with remainder 0[0m
[00:00:13.648,010] [0m<dbg> zmk: apply_config: LISTENER INDEX: 0[0m
[00:00:13.648,040] [0m<dbg> zmk: scale_val: scaled 24 with 1/1 to 24 with remainder 0[0m
[00:00:13.648,040] [0m<dbg> zmk: zmk_hid_mouse_movement_set: Mouse movement set to -9/24[0m
[00:00:13.648,345] [0m<dbg> zmk: zmk_hid_mouse_scroll_set: Mouse scroll set to 0/0[0m
[00:00:13.648,559] [0m<dbg> zmk: zmk_hid_mouse_movement_set: Mouse movement set to 0/0[0m
[00:00:13.655,273] [0m<dbg> zmk: apply_config: LISTENER INDEX: 0[0m
[00:00:13.655,273] [0m<dbg> zmk: scale_val: scaled -15 with 1/1 to -15 with remainder 0[0m
[00:00:13.655,334] [0m<dbg> zmk: apply_config: LISTENER INDEX: 0[0m
[00:00:13.655,364] [0m<dbg> zmk: scale_val: scaled 24 with 1/1 to 24 with remainder 0[0m
[00:00:13.655,364] [0m<dbg> zmk: zmk_hid_mouse_movement_set: Mouse movement set to -15/24[0m
[00:00:13.655,578] [0m<dbg> zmk: zmk_hid_mouse_scroll_set: Mouse scroll set to 0/0[0m
[00:00:13.655,731] [0m<dbg> zmk: zmk_hid_mouse_movement_set: Mouse movement set to 0/0[0m
[00:00:13.663,421] [0m<dbg> zmk: apply_config: LISTENER INDEX: 0[0m
[00:00:13.663,452] [0m<dbg> zmk: scale_val: scaled -30 with 1/1 to -30 with remainder 0[0m
[00:00:13.663,513] [0m<dbg> zmk: apply_config: LISTENER INDEX: 0[0m
[00:00:13.663,513] [0m<dbg> zmk: scale_val: scaled 27 with 1/1 to 27 with remainder 0[0m
[00:00:13.663,543] [0m<dbg> zmk: zmk_hid_mouse_movement_set: Mouse movement set to -30/27[0m
[00:00:13.663,604] [0m<dbg> zmk: zmk_hid_mouse_scroll_set: Mouse scroll set to 0/0[0m
[00:00:13.663,604] [0m<dbg> zmk: zmk_hid_mouse_movement_set: Mouse movement set to 0/0[0m
[00:00:13.671,417] [0m<dbg> zmk: apply_config: LISTENER INDEX: 0[0m
[00:00:13.671,447] [0m<dbg> zmk: scale_val: scaled -41 with 1/1 to -41 with remainder 0[0m
[00:00:13.671,508] [0m<dbg> zmk: apply_config: LISTENER INDEX: 0[0m
[00:00:13.671,508] [0m<dbg> zmk: scale_val: scaled 27 with 1/1 to 27 with remainder 0[0m
[00:00:13.671,539] [0m<dbg> zmk: zmk_hid_mouse_movement_set: Mouse movement set to -41/27[0m
[00:00:13.671,600] [0m<dbg> zmk: zmk_hid_mouse_scroll_set: Mouse scroll set to 0/0[0m
[00:00:13.671,600] [0m<dbg> zmk: zmk_hid_mouse_movement_set: Mouse movement set to 0/0[0m
[00:00:13.679,656] [0m<dbg> zmk: apply_config: LISTENER INDEX: 0[0m
[00:00:13.679,687] [0m<dbg> zmk: scale_val: scaled -57 with 1/1 to -57 with remainder 0[0m
[00:00:13.679,718] [0m<dbg> zmk: apply_config: LISTENER INDEX: 0[0m
[00:00:13.679,748] [0m<dbg> zmk: scale_val: scaled 30 with 1/1 to 30 with remainder 0[0m
[00:00:13.679,779] [0m<dbg> zmk: zmk_hid_mouse_movement_set: Mouse movement set to -57/30[0m
[00:00:13.679,809] [0m<dbg> zmk: zmk_hid_mouse_scroll_set: Mouse scroll set to 0/0[0m
[00:00:13.679,840] [0m<dbg> zmk: zmk_hid_mouse_movement_set: Mouse movement set to 0/0[0m
[00:00:13.687,530] [0m<dbg> zmk: apply_config: LISTENER INDEX: 0[0m
[00:00:13.687,561] [0m<dbg> zmk: scale_val: scaled -67 with 1/1 to -67 with remainder 0[0m
[00:00:13.687,622] [0m<dbg> zmk: apply_config: LISTENER INDEX: 0[0m
[00:00:13.687,622] [0m<dbg> zmk: scale_val: scaled 30 with 1/1 to 30 with remainder 0[0m
[00:00:13.687,652] [0m<dbg> zmk: zmk_hid_mouse_movement_set: Mouse movement set to -67/30[0m
[00:00:13.687,713] [0m<dbg> zmk: zmk_hid_mouse_scroll_set: Mouse scroll set to 0/0[0m
[00:00:13.687,713] [0m<dbg> zmk: zmk_hid_mouse_movement_set: Mouse movement set to 0/0[0m
[00:00:13.695,587] [0m<dbg> zmk: apply_config: LISTENER INDEX: 0[0m
[00:00:13.695,617] [0m<dbg> zmk: scale_val: scaled -82 with 1/1 to -82 with remainder 0[0m
[00:00:13.695,678] [0m<dbg> zmk: apply_config: LISTENER INDEX: 0[0m
[00:00:13.695,709] [0m<dbg> zmk: scale_val: scaled 30 with 1/1 to 30 with remainder 0[0m
[00:00:13.695,709] [0m<dbg> zmk: zmk_hid_mouse_movement_set: Mouse movement set to -82/30[0m
[00:00:13.695,770] [0m<dbg> zmk: zmk_hid_mouse_scroll_set: Mouse scroll set to 0/0[0m
[00:00:13.695,770] [0m<dbg> zmk: zmk_hid_mouse_movement_set: Mouse movement set to 0/0[0m
[00:00:13.703,643] [0m<dbg> zmk: apply_config: LISTENER INDEX: 0[0m
[00:00:13.703,643] [0m<dbg> zmk: scale_val: scaled -87 with 1/1 to -87 with remainder 0[0m
[00:00:13.703,704] [0m<dbg> zmk: apply_config: LISTENER INDEX: 0[0m
[00:00:13.703,735] [0m<dbg> zmk: scale_val: scaled 24 with 1/1 to 24 with remainder 0[0m
[00:00:13.703,735] [0m<dbg> zmk: zmk_hid_mouse_movement_set: Mouse movement set to -87/24[0m
[00:00:13.703,918] [0m<dbg> zmk: zmk_hid_mouse_scroll_set: Mouse scroll set to 0/0[0m
[00:00:13.703,918] [0m<dbg> zmk: zmk_hid_mouse_movement_set: Mouse movement set to 0/0[0m
[00:00:13.711,700] [0m<dbg> zmk: apply_config: LISTENER INDEX: 0[0m
[00:00:13.711,700] [0m<dbg> zmk: scale_val: scaled -87 with 1/1 to -87 with remainder 0[0m
[00:00:13.711,761] [0m<dbg> zmk: apply_config: LISTENER INDEX: 0[0m
[00:00:13.711,791] [0m<dbg> zmk: scale_val: scaled 15 with 1/1 to 15 with remainder 0[0m
[00:00:13.711,791] [0m<dbg> zmk: zmk_hid_mouse_movement_set: Mouse movement set to -87/15[0m
[00:00:13.711,853] [0m<dbg> zmk: zmk_hid_mouse_scroll_set: Mouse scroll set to 0/0[0m
[00:00:13.711,853] [0m<dbg> zmk: zmk_hid_mouse_movement_set: Mouse movement set to 0/0[0m
[00:00:13.719,757] [0m<dbg> zmk: apply_config: LISTENER INDEX: 0[0m
[00:00:13.719,757] [0m<dbg> zmk: scale_val: scaled -87 with 1/1 to -87 with remainder 0[0m
[00:00:13.719,818] [0m<dbg> zmk: apply_config: LISTENER INDEX: 0[0m
[00:00:13.719,848] [0m<dbg> zmk: scale_val: scaled 7 with 1/1 to 7 with remainder 0[0m
[00:00:13.719,848] [0m<dbg> zmk: zmk_hid_mouse_movement_set: Mouse movement set to -87/7[0m
[00:00:13.719,909] [0m<dbg> zmk: zmk_hid_mouse_scroll_set: Mouse scroll set to 0/0[0m
[00:00:13.719,940] [0m<dbg> zmk: zmk_hid_mouse_movement_set: Mouse movement set to 0/0[0m
[00:00:13.727,813] [0m<dbg> zmk: apply_config: LISTENER INDEX: 0[0m
[00:00:13.727,844] [0m<dbg> zmk: scale_val: scaled -77 with 1/1 to -77 with remainder 0[0m
[00:00:13.727,874] [0m<dbg> zmk: apply_config: LISTENER INDEX: 0[0m
[00:00:13.727,905] [0m<dbg> zmk: scale_val: scaled 3 with 1/1 to 3 with remainder 0[0m
[00:00:13.727,905] [0m<dbg> zmk: zmk_hid_mouse_movement_set: Mouse movement set to -77/3[0m
[00:00:13.727,966] [0m<dbg> zmk: zmk_hid_mouse_scroll_set: Mouse scroll set to 0/0[0m
[00:00:13.727,996] [0m<dbg> zmk: zmk_hid_mouse_movement_set: Mouse movement set to 0/0[0m
[00:00:13.735,900] [0m<dbg> zmk: apply_config: LISTENER INDEX: 0[0m
[00:00:13.735,900] [0m<dbg> zmk: scale_val: scaled -72 with 1/1 to -72 with remainder 0[0m
[00:00:13.735,961] [0m<dbg> zmk: apply_config: LISTENER INDEX: 0[0m
[00:00:13.735,992] [0m<dbg> zmk: scale_val: scaled 1 with 1/1 to 1 with remainder 0[0m
[00:00:13.735,992] [0m<dbg> zmk: zmk_hid_mouse_movement_set: Mouse movement set to -72/1[0m
[00:00:13.736,053] [0m<dbg> zmk: zmk_hid_mouse_scroll_set: Mouse scroll set to 0/0[0m
[00:00:13.736,083] [0m<dbg> zmk: zmk_hid_mouse_movement_set: Mouse movement set to 0/0[0m
[00:00:13.743,957] [0m<dbg> zmk: apply_config: LISTENER INDEX: 0[0m
[00:00:13.743,957] [0m<dbg> zmk: scale_val: scaled -72 with 1/1 to -72 with remainder 0[0m
[00:00:13.744,018] [0m<dbg> zmk: apply_config: LISTENER INDEX: 0[0m
[00:00:13.744,049] [0m<dbg> zmk: scale_val: scaled 1 with 1/1 to 1 with remainder 0[0m
[00:00:13.744,079] [0m<dbg> zmk: zmk_hid_mouse_movement_set: Mouse movement set to -72/1[0m
[00:00:13.744,110] [0m<dbg> zmk: zmk_hid_mouse_scroll_set: Mouse scroll set to 0/0[0m
[00:00:13.744,140] [0m<dbg> zmk: zmk_hid_mouse_movement_set: Mouse movement set to 0/0[0m
[00:00:13.752,716] [0m<dbg> zmk: apply_config: LISTENER INDEX: 0[0m
[00:00:13.752,746] [0m<dbg> zmk: scale_val: scaled -67 with 1/1 to -67 with remainder 0[0m
[00:00:13.752,807] [0m<dbg> zmk: apply_config: LISTENER INDEX: 0[0m
[00:00:13.752,807] [0m<dbg> zmk: scale_val: scaled -1 with 1/1 to -1 with remainder 0[0m
[00:00:13.752,838] [0m<dbg> zmk: zmk_hid_mouse_movement_set: Mouse movement set to -67/-1[0m
[00:00:13.752,899] [0m<dbg> zmk: zmk_hid_mouse_scroll_set: Mouse scroll set to 0/0[0m
[00:00:13.752,960] [0m<dbg> zmk: zmk_hid_mouse_movement_set: Mouse movement set to 0/0[0m
[00:00:13.760,925] [0m<dbg> zmk: apply_config: LISTENER INDEX: 0[0m
[00:00:13.760,925] [0m<dbg> zmk: scale_val: scaled -57 with 1/1 to -57 with remainder 0[0m
[00:00:13.760,986] [0m<dbg> zmk: apply_config: LISTENER INDEX: 0[0m
[00:00:13.761,016] [0m<dbg> zmk: scale_val: scaled -1 with 1/1 to -1 with remainder 0[0m
[00:00:13.761,016] [0m<dbg> zmk: zmk_hid_mouse_movement_set: Mouse movement set to -57/-1[0m
[00:00:13.761,199] [0m<dbg> zmk: zmk_hid_mouse_scroll_set: Mouse scroll set to 0/0[0m
[00:00:13.761,199] [0m<dbg> zmk: zmk_hid_mouse_movement_set: Mouse movement set to 0/0[0m
[00:00:13.768,188] [0m<dbg> zmk: apply_config: LISTENER INDEX: 0[0m
[00:00:13.768,218] [0m<dbg> zmk: scale_val: scaled -57 with 1/1 to -57 with remainder 0[0m
[00:00:13.768,280] [0m<dbg> zmk: apply_config: LISTENER INDEX: 0[0m
[00:00:13.768,280] [0m<dbg> zmk: scale_val: scaled -1 with 1/1 to -1 with remainder 0[0m
[00:00:13.768,310] [0m<dbg> zmk: zmk_hid_mouse_movement_set: Mouse movement set to -57/-1[0m
[00:00:13.768,371] [0m<dbg> zmk: zmk_hid_mouse_scroll_set: Mouse scroll set to 0/0[0m
[00:00:13.768,371] [0m<dbg> zmk: zmk_hid_mouse_movement_set: Mouse movement set to 0/0[0m
[00:00:13.776,245] [0m<dbg> zmk: apply_config: LISTENER INDEX: 0[0m
[00:00:13.776,275] [0m<dbg> zmk: scale_val: scaled -49 with 1/1 to -49 with remainder 0[0m
[00:00:13.776,336] [0m<dbg> zmk: apply_config: LISTENER INDEX: 0[0m
[00:00:13.776,367] [0m<dbg> zmk: scale_val: scaled -1 with 1/1 to -1 with remainder 0[0m
[00:00:13.776,367] [0m<dbg> zmk: zmk_hid_mouse_movement_set: Mouse movement set to -49/-1[0m
[00:00:13.776,428] [0m<dbg> zmk: zmk_hid_mouse_scroll_set: Mouse scroll set to 0/0[0m
[00:00:13.776,428] [0m<dbg> zmk: zmk_hid_mouse_movement_set: Mouse movement set to 0/0[0m
[00:00:13.784,301] [0m<dbg> zmk: apply_config: LISTENER INDEX: 0[0m
[00:00:13.784,332] [0m<dbg> zmk: scale_val: scaled -37 with 1/1 to -37 with remainder 0[0m
[00:00:13.784,393] [0m<dbg> zmk: apply_config: LISTENER INDEX: 0[0m
[00:00:13.784,393] [0m<dbg> zmk: scale_val: scaled 0 with 1/1 to 0 with remainder 0[0m
[00:00:13.784,423] [0m<dbg> zmk: zmk_hid_mouse_movement_set: Mouse movement set to -37/0[0m
[00:00:13.784,484] [0m<dbg> zmk: zmk_hid_mouse_scroll_set: Mouse scroll set to 0/0[0m
[00:00:13.784,484] [0m<dbg> zmk: zmk_hid_mouse_movement_set: Mouse movement set to 0/0[0m
[00:00:13.792,297] [0m<dbg> zmk: apply_config: LISTENER INDEX: 0[0m
[00:00:13.792,327] [0m<dbg> zmk: scale_val: scaled -30 with 1/1 to -30 with remainder 0[0m
[00:00:13.792,358] [0m<dbg> zmk: apply_config: LISTENER INDEX: 0[0m
[00:00:13.792,388] [0m<dbg> zmk: scale_val: scaled -1 with 1/1 to -1 with remainder 0[0m
[00:00:13.792,419] [0m<dbg> zmk: zmk_hid_mouse_movement_set: Mouse movement set to -30/-1[0m
[00:00:13.792,480] [0m<dbg> zmk: zmk_hid_mouse_scroll_set: Mouse scroll set to 0/0[0m
[00:00:13.792,480] [0m<dbg> zmk: zmk_hid_mouse_movement_set: Mouse movement set to 0/0[0m
[00:00:13.801,116] [0m<dbg> zmk: apply_config: LISTENER INDEX: 0[0m
[00:00:13.801,147] [0m<dbg> zmk: scale_val: scaled -24 with 1/1 to -24 with remainder 0[0m
[00:00:13.801,177] [0m<dbg> zmk: apply_config: LISTENER INDEX: 0[0m
[00:00:13.801,208] [0m<dbg> zmk: scale_val: scaled 0 with 1/1 to 0 with remainder 0[0m
[00:00:13.801,239] [0m<dbg> zmk: zmk_hid_mouse_movement_set: Mouse movement set to -24/0[0m
[00:00:13.801,269] [0m<dbg> zmk: zmk_hid_mouse_scroll_set: Mouse scroll set to 0/0[0m
[00:00:13.801,300] [0m<dbg> zmk: zmk_hid_mouse_movement_set: Mouse movement set to 0/0[0m
[00:00:13.809,295] [0m<dbg> zmk: apply_config: LISTENER INDEX: 0[0m
[00:00:13.809,295] [0m<dbg> zmk: scale_val: scaled -15 with 1/1 to -15 with remainder 0[0m
[00:00:13.809,356] [0m<dbg> zmk: apply_config: LISTENER INDEX: 0[0m
[00:00:13.809,387] [0m<dbg> zmk: scale_val: scaled -1 with 1/1 to -1 with remainder 0[0m
[00:00:13.809,387] [0m<dbg> zmk: zmk_hid_mouse_movement_set: Mouse movement set to -15/-1[0m
[00:00:13.809,448] [0m<dbg> zmk: zmk_hid_mouse_scroll_set: Mouse scroll set to 0/0[0m
[00:00:13.809,448] [0m<dbg> zmk: zmk_hid_mouse_movement_set: Mouse movement set to 0/0[0m
[00:00:13.815,948] [0m<dbg> zmk: apply_config: LISTENER INDEX: 0[0m
[00:00:13.815,979] [0m<dbg> zmk: scale_val: scaled -1 with 1/1 to -1 with remainder 0[0m
[00:00:13.816,009] [0m<dbg> zmk: apply_config: LISTENER INDEX: 0[0m
[00:00:13.816,040] [0m<dbg> zmk: scale_val: scaled 0 with 1/1 to 0 with remainder 0[0m
[00:00:13.816,040] [0m<dbg> zmk: zmk_hid_mouse_movement_set: Mouse movement set to -1/0[0m
[00:00:13.816,101] [0m<dbg> zmk: zmk_hid_mouse_scroll_set: Mouse scroll set to 0/0[0m
[00:00:13.816,131] [0m<dbg> zmk: zmk_hid_mouse_movement_set: Mouse movement set to 0/0[0m
[00:00:13.970,428] [0m<dbg> zmk: apply_config: LISTENER INDEX: 0[0m
[00:00:13.970,458] [0m<dbg> zmk: scale_val: scaled -3 with 1/1 to -3 with remainder 0[0m
[00:00:13.970,489] [0m<dbg> zmk: apply_config: LISTENER INDEX: 0[0m
[00:00:13.970,520] [0m<dbg> zmk: scale_val: scaled 5 with 1/1 to 5 with remainder 0[0m
[00:00:13.970,550] [0m<dbg> zmk: zmk_hid_mouse_movement_set: Mouse movement set to -3/5[0m
[00:00:13.970,581] [0m<dbg> zmk: zmk_hid_mouse_scroll_set: Mouse scroll set to 0/0[0m
[00:00:13.970,642] [0m<dbg> zmk: zmk_hid_mouse_movement_set: Mouse movement set to 0/0[0m
[00:00:13.978,485] [0m<dbg> zmk: apply_config: LISTENER INDEX: 0[0m
[00:00:13.978,485] [0m<dbg> zmk: scale_val: scaled -5 with 1/1 to -5 with remainder 0[0m
[00:00:13.978,546] [0m<dbg> zmk: apply_config: LISTENER INDEX: 0[0m
[00:00:13.978,576] [0m<dbg> zmk: scale_val: scaled 13 with 1/1 to 13 with remainder 0[0m
[00:00:13.978,576] [0m<dbg> zmk: zmk_hid_mouse_movement_set: Mouse movement set to -5/13[0m
[00:00:13.978,637] [0m<dbg> zmk: zmk_hid_mouse_scroll_set: Mouse scroll set to 0/0[0m
[00:00:13.978,668] [0m<dbg> zmk: zmk_hid_mouse_movement_set: Mouse movement set to 0/0[0m
[00:00:13.985,931] [0m<dbg> zmk: apply_config: LISTENER INDEX: 0[0m
[00:00:13.986,022] [0m<dbg> zmk: scale_val: scaled -5 with 1/1 to -5 with remainder 0[0m
[00:00:13.986,053] [0m<dbg> zmk: apply_config: LISTENER INDEX: 0[0m
[00:00:13.986,083] [0m<dbg> zmk: scale_val: scaled 21 with 1/1 to 21 with remainder 0[0m
[00:00:13.986,206] [0m<dbg> zmk: zmk_hid_mouse_movement_set: Mouse movement set to -5/21[0m
[00:00:13.986,267] [0m<dbg> zmk: zmk_hid_mouse_scroll_set: Mouse scroll set to 0/0[0m
[00:00:13.986,297] [0m<dbg> zmk: zmk_hid_mouse_movement_set: Mouse movement set to 0/0[0m
[00:00:13.993,835] [0m<dbg> zmk: apply_config: LISTENER INDEX: 0[0m
[00:00:13.993,865] [0m<dbg> zmk: scale_val: scaled -7 with 1/1 to -7 with remainder 0[0m
[00:00:13.993,896] [0m<dbg> zmk: apply_config: LISTENER INDEX: 0[0m
[00:00:13.993,927] [0m<dbg> zmk: scale_val: scaled 27 with 1/1 to 27 with remainder 0[0m
[00:00:13.993,927] [0m<dbg> zmk: zmk_hid_mouse_movement_set: Mouse movement set to -7/27[0m
[00:00:13.993,988] [0m<dbg> zmk: zmk_hid_mouse_scroll_set: Mouse scroll set to 0/0[0m
[00:00:13.994,018] [0m<dbg> zmk: zmk_hid_mouse_movement_set: Mouse movement set to 0/0[0m
[00:00:14.001,892] [0m<dbg> zmk: apply_config: LISTENER INDEX: 0[0m
[00:00:14.001,922] [0m<dbg> zmk: scale_val: scaled -7 with 1/1 to -7 with remainder 0[0m
[00:00:14.001,983] [0m<dbg> zmk: apply_config: LISTENER INDEX: 0[0m
[00:00:14.001,983] [0m<dbg> zmk: scale_val: scaled 21 with 1/1 to 21 with remainder 0[0m
[00:00:14.002,014] [0m<dbg> zmk: zmk_hid_mouse_movement_set: Mouse movement set to -7/21[0m
[00:00:14.002,044] [0m<dbg> zmk: zmk_hid_mouse_scroll_set: Mouse scroll set to 0/0[0m
[00:00:14.002,075] [0m<dbg> zmk: zmk_hid_mouse_movement_set: Mouse movement set to 0/0[0m
[00:00:14.010,833] [0m<dbg> zmk: apply_config: LISTENER INDEX: 0[0m
[00:00:14.010,894] [0m<dbg> zmk: scale_val: scaled -9 with 1/1 to -9 with remainder 0[0m
[00:00:14.010,986] [0m<dbg> zmk: apply_config: LISTENER INDEX: 0[0m
[00:00:14.011,016] [0m<dbg> zmk: scale_val: scaled 21 with 1/1 to 21 with remainder 0[0m
[00:00:14.011,047] [0m<dbg> zmk: zmk_hid_mouse_movement_set: Mouse movement set to -9/21[0m
[00:00:14.011,077] [0m<dbg> zmk: zmk_hid_mouse_scroll_set: Mouse scroll set to 0/0[0m
[00:00:14.011,108] [0m<dbg> zmk: zmk_hid_mouse_movement_set: Mouse movement set to 0/0[0m
[00:00:14.018,768] [0m<dbg> zmk: apply_config: LISTENER INDEX: 0[0m
[00:00:14.018,798] [0m<dbg> zmk: scale_val: scaled -7 with 1/1 to -7 with remainder 0[0m
[00:00:14.018,859] [0m<dbg> zmk: apply_config: LISTENER INDEX: 0[0m
[00:00:14.018,859] [0m<dbg> zmk: scale_val: scaled 24 with 1/1 to 24 with remainder 0[0m
[00:00:14.018,890] [0m<dbg> zmk: zmk_hid_mouse_movement_set: Mouse movement set to -7/24[0m
[00:00:14.018,920] [0m<dbg> zmk: zmk_hid_mouse_scroll_set: Mouse scroll set to 0/0[0m
[00:00:14.018,951] [0m<dbg> zmk: zmk_hid_mouse_movement_set: Mouse movement set to 0/0[0m
[00:00:14.026,824] [0m<dbg> zmk: apply_config: LISTENER INDEX: 0[0m
[00:00:14.026,855] [0m<dbg> zmk: scale_val: scaled -5 with 1/1 to -5 with remainder 0[0m
[00:00:14.026,885] [0m<dbg> zmk: apply_config: LISTENER INDEX: 0[0m
[00:00:14.026,916] [0m<dbg> zmk: scale_val: scaled 24 with 1/1 to 24 with remainder 0[0m
[00:00:14.026,947] [0m<dbg> zmk: zmk_hid_mouse_movement_set: Mouse movement set to -5/24[0m
[00:00:14.027,008] [0m<dbg> zmk: zmk_hid_mouse_scroll_set: Mouse scroll set to 0/0[0m
[00:00:14.027,008] [0m<dbg> zmk: zmk_hid_mouse_movement_set: Mouse movement set to 0/0[0m
[00:00:14.034,851] [0m<dbg> zmk: apply_config: LISTENER INDEX: 0[0m
[00:00:14.034,881] [0m<dbg> zmk: scale_val: scaled -5 with 1/1 to -5 with remainder 0[0m
[00:00:14.034,942] [0m<dbg> zmk: apply_config: LISTENER INDEX: 0[0m
[00:00:14.034,942] [0m<dbg> zmk: scale_val: scaled 21 with 1/1 to 21 with remainder 0[0m
[00:00:14.034,973] [0m<dbg> zmk: zmk_hid_mouse_movement_set: Mouse movement set to -5/21[0m
[00:00:14.035,034] [0m<dbg> zmk: zmk_hid_mouse_scroll_set: Mouse scroll set to 0/0[0m
[00:00:14.035,034] [0m<dbg> zmk: zmk_hid_mouse_movement_set: Mouse movement set to 0/0[0m
[00:00:14.042,938] [0m<dbg> zmk: apply_config: LISTENER INDEX: 0[0m
[00:00:14.042,938] [0m<dbg> zmk: scale_val: scaled -3 with 1/1 to -3 with remainder 0[0m
[00:00:14.042,999] [0m<dbg> zmk: apply_config: LISTENER INDEX: 0[0m
[00:00:14.043,029] [0m<dbg> zmk: scale_val: scaled 21 with 1/1 to 21 with remainder 0[0m
[00:00:14.043,029] [0m<dbg> zmk: zmk_hid_mouse_movement_set: Mouse movement set to -3/21[0m
[00:00:14.043,090] [0m<dbg> zmk: zmk_hid_mouse_scroll_set: Mouse scroll set to 0/0[0m
[00:00:14.043,090] [0m<dbg> zmk: zmk_hid_mouse_movement_set: Mouse movement set to 0/0[0m
[00:00:14.051,086] [0m<dbg> zmk: apply_config: LISTENER INDEX: 0[0m
[00:00:14.051,116] [0m<dbg> zmk: scale_val: scaled -3 with 1/1 to -3 with remainder 0[0m
[00:00:14.051,147] [0m<dbg> zmk: apply_config: LISTENER INDEX: 0[0m
[00:00:14.051,177] [0m<dbg> zmk: scale_val: scaled 21 with 1/1 to 21 with remainder 0[0m
[00:00:14.051,177] [0m<dbg> zmk: zmk_hid_mouse_movement_set: Mouse movement set to -3/21[0m
[00:00:14.051,239] [0m<dbg> zmk: zmk_hid_mouse_scroll_set: Mouse scroll set to 0/0[0m
[00:00:14.051,269] [0m<dbg> zmk: zmk_hid_mouse_movement_set: Mouse movement set to 0/0[0m
[00:00:14.059,265] [0m<dbg> zmk: apply_config: LISTENER INDEX: 0[0m
[00:00:14.059,265] [0m<dbg> zmk: scale_val: scaled -1 with 1/1 to -1 with remainder 0[0m
[00:00:14.059,326] [0m<dbg> zmk: apply_config: LISTENER INDEX: 0[0m
[00:00:14.059,387] [0m<dbg> zmk: scale_val: scaled 21 with 1/1 to 21 with remainder 0[0m
[00:00:14.059,417] [0m<dbg> zmk: zmk_hid_mouse_movement_set: Mouse movement set to -1/21[0m
[00:00:14.059,448] [0m<dbg> zmk: zmk_hid_mouse_scroll_set: Mouse scroll set to 0/0[0m
[00:00:14.059,478] [0m<dbg> zmk: zmk_hid_mouse_movement_set: Mouse movement set to 0/0[0m
[00:00:14.067,169] [0m<dbg> zmk: apply_config: LISTENER INDEX: 0[0m
[00:00:14.067,169] [0m<dbg> zmk: scale_val: scaled -2 with 1/1 to -2 with remainder 0[0m
[00:00:14.067,230] [0m<dbg> zmk: apply_config: LISTENER INDEX: 0[0m
[00:00:14.067,260] [0m<dbg> zmk: scale_val: scaled 18 with 1/1 to 18 with remainder 0[0m
[00:00:14.067,260] [0m<dbg> zmk: zmk_hid_mouse_movement_set: Mouse movement set to -2/18[0m
[00:00:14.067,321] [0m<dbg> zmk: zmk_hid_mouse_scroll_set: Mouse scroll set to 0/0[0m
[00:00:14.067,352] [0m<dbg> zmk: zmk_hid_mouse_movement_set: Mouse movement set to 0/0[0m
[00:00:14.075,195] [0m<dbg> zmk: apply_config: LISTENER INDEX: 0[0m
[00:00:14.075,195] [0m<dbg> zmk: scale_val: scaled -1 with 1/1 to -1 with remainder 0[0m
[00:00:14.075,256] [0m<dbg> zmk: apply_config: LISTENER INDEX: 0[0m
[00:00:14.075,286] [0m<dbg> zmk: scale_val: scaled 15 with 1/1 to 15 with remainder 0[0m
[00:00:14.075,317] [0m<dbg> zmk: zmk_hid_mouse_movement_set: Mouse movement set to -1/15[0m
[00:00:14.075,347] [0m<dbg> zmk: zmk_hid_mouse_scroll_set: Mouse scroll set to 0/0[0m
[00:00:14.075,378] [0m<dbg> zmk: zmk_hid_mouse_movement_set: Mouse movement set to 0/0[0m
[00:00:14.083,312] [0m<dbg> zmk: apply_config: LISTENER INDEX: 0[0m
[00:00:14.083,312] [0m<dbg> zmk: scale_val: scaled -3 with 1/1 to -3 with remainder 0[0m
[00:00:14.083,374] [0m<dbg> zmk: apply_config: LISTENER INDEX: 0[0m
[00:00:14.083,648] [0m<dbg> zmk: scale_val: scaled 13 with 1/1 to 13 with remainder 0[0m
[00:00:14.083,709] [0m<dbg> zmk: zmk_hid_mouse_movement_set: Mouse movement set to -3/13[0m
[00:00:14.083,770] [0m<dbg> zmk: zmk_hid_mouse_scroll_set: Mouse scroll set to 0/0[0m
[00:00:14.083,801] [0m<dbg> zmk: zmk_hid_mouse_movement_set: Mouse movement set to 0/0[0m
[00:00:14.091,400] [0m<dbg> zmk: apply_config: LISTENER INDEX: 0[0m
[00:00:14.091,430] [0m<dbg> zmk: scale_val: scaled -7 with 1/1 to -7 with remainder 0[0m
[00:00:14.091,461] [0m<dbg> zmk: apply_config: LISTENER INDEX: 0[0m
[00:00:14.091,491] [0m<dbg> zmk: scale_val: scaled 11 with 1/1 to 11 with remainder 0[0m
[00:00:14.091,522] [0m<dbg> zmk: zmk_hid_mouse_movement_set: Mouse movement set to -7/11[0m
[00:00:14.091,552] [0m<dbg> zmk: zmk_hid_mouse_scroll_set: Mouse scroll set to 0/0[0m
[00:00:14.091,583] [0m<dbg> zmk: zmk_hid_mouse_movement_set: Mouse movement set to 0/0[0m
[00:00:14.099,456] [0m<dbg> zmk: apply_config: LISTENER INDEX: 0[0m
[00:00:14.099,487] [0m<dbg> zmk: scale_val: scaled -11 with 1/1 to -11 with remainder 0[0m
[00:00:14.099,548] [0m<dbg> zmk: apply_config: LISTENER INDEX: 0[0m
[00:00:14.099,548] [0m<dbg> zmk: scale_val: scaled 7 with 1/1 to 7 with remainder 0[0m
[00:00:14.099,578] [0m<dbg> zmk: zmk_hid_mouse_movement_set: Mouse movement set to -11/7[0m
[00:00:14.099,609] [0m<dbg> zmk: zmk_hid_mouse_scroll_set: Mouse scroll set to 0/0[0m
[00:00:14.099,639] [0m<dbg> zmk: zmk_hid_mouse_movement_set: Mouse movement set to 0/0[0m
[00:00:14.106,719] [0m<dbg> zmk: apply_config: LISTENER INDEX: 0[0m
[00:00:14.106,719] [0m<dbg> zmk: scale_val: scaled -18 with 1/1 to -18 with remainder 0[0m
[00:00:14.106,781] [0m<dbg> zmk: apply_config: LISTENER INDEX: 0[0m
[00:00:14.106,811] [0m<dbg> zmk: scale_val: scaled 2 with 1/1 to 2 with remainder 0[0m
[00:00:14.106,811] [0m<dbg> zmk: zmk_hid_mouse_movement_set: Mouse movement set to -18/2[0m
[00:00:14.106,872] [0m<dbg> zmk: zmk_hid_mouse_scroll_set: Mouse scroll set to 0/0[0m
[00:00:14.106,903] [0m<dbg> zmk: zmk_hid_mouse_movement_set: Mouse movement set to 0/0[0m
[00:00:14.114,807] [0m<dbg> zmk: apply_config: LISTENER INDEX: 0[0m
[00:00:14.114,837] [0m<dbg> zmk: scale_val: scaled -24 with 1/1 to -24 with remainder 0[0m
[00:00:14.114,898] [0m<dbg> zmk: apply_config: LISTENER INDEX: 0[0m
[00:00:14.114,898] [0m<dbg> zmk: scale_val: scaled 1 with 1/1 to 1 with remainder 0[0m
[00:00:14.114,929] [0m<dbg> zmk: zmk_hid_mouse_movement_set: Mouse movement set to -24/1[0m
[00:00:14.114,990] [0m<dbg> zmk: zmk_hid_mouse_scroll_set: Mouse scroll set to 0/0[0m
[00:00:14.115,020] [0m<dbg> zmk: zmk_hid_mouse_movement_set: Mouse movement set to 0/0[0m
[00:00:14.122,955] [0m<dbg> zmk: apply_config: LISTENER INDEX: 0[0m
[00:00:14.122,985] [0m<dbg> zmk: scale_val: scaled -18 with 1/1 to -18 with remainder 0[0m
[00:00:14.123,046] [0m<dbg> zmk: apply_config: LISTENER INDEX: 0[0m
[00:00:14.123,077] [0m<dbg> zmk: scale_val: scaled 0 with 1/1 to 0 with remainder 0[0m
[00:00:14.123,107] [0m<dbg> zmk: zmk_hid_mouse_movement_set: Mouse movement set to -18/0[0m
[00:00:14.123,138] [0m<dbg> zmk: zmk_hid_mouse_scroll_set: Mouse scroll set to 0/0[0m
[00:00:14.123,168] [0m<dbg> zmk: zmk_hid_mouse_movement_set: Mouse movement set to 0/0[0m
[00:00:14.131,591] [0m<dbg> zmk: apply_config: LISTENER INDEX: 0[0m
[00:00:14.131,622] [0m<dbg> zmk: scale_val: scaled -24 with 1/1 to -24 with remainder 0[0m
[00:00:14.131,683] [0m<dbg> zmk: apply_config: LISTENER INDEX: 0[0m
[00:00:14.131,683] [0m<dbg> zmk: scale_val: scaled -5 with 1/1 to -5 with remainder 0[0m
[00:00:14.131,713] [0m<dbg> zmk: zmk_hid_mouse_movement_set: Mouse movement set to -24/-5[0m
[00:00:14.131,774] [0m<dbg> zmk: zmk_hid_mouse_scroll_set: Mouse scroll set to 0/0[0m
[00:00:14.131,774] [0m<dbg> zmk: zmk_hid_mouse_movement_set: Mouse movement set to 0/0[0m
[00:00:14.139,251] [0m<dbg> zmk: apply_config: LISTENER INDEX: 0[0m
[00:00:14.139,282] [0m<dbg> zmk: scale_val: scaled -24 with 1/1 to -24 with remainder 0[0m
[00:00:14.139,312] [0m<dbg> zmk: apply_config: LISTENER INDEX: 0[0m
[00:00:14.139,343] [0m<dbg> zmk: scale_val: scaled -5 with 1/1 to -5 with remainder 0[0m
[00:00:14.139,343] [0m<dbg> zmk: zmk_hid_mouse_movement_set: Mouse movement set to -24/-5[0m
[00:00:14.139,404] [0m<dbg> zmk: zmk_hid_mouse_scroll_set: Mouse scroll set to 0/0[0m
[00:00:14.139,465] [0m<dbg> zmk: zmk_hid_mouse_movement_set: Mouse movement set to 0/0[0m
[00:00:14.146,972] [0m<dbg> zmk: apply_config: LISTENER INDEX: 0[0m
[00:00:14.146,972] [0m<dbg> zmk: scale_val: scaled -21 with 1/1 to -21 with remainder 0[0m
[00:00:14.147,033] [0m<dbg> zmk: apply_config: LISTENER INDEX: 0[0m
[00:00:14.147,064] [0m<dbg> zmk: scale_val: scaled -11 with 1/1 to -11 with remainder 0[0m
[00:00:14.147,064] [0m<dbg> zmk: zmk_hid_mouse_movement_set: Mouse movement set to -21/-11[0m
[00:00:14.147,125] [0m<dbg> zmk: zmk_hid_mouse_scroll_set: Mouse scroll set to 0/0[0m
[00:00:14.147,155] [0m<dbg> zmk: zmk_hid_mouse_movement_set: Mouse movement set to 0/0[0m
[00:00:14.155,151] [0m<dbg> zmk: apply_config: LISTENER INDEX: 0[0m
[00:00:14.155,181] [0m<dbg> zmk: scale_val: scaled -21 with 1/1 to -21 with remainder 0[0m
[00:00:14.155,242] [0m<dbg> zmk: apply_config: LISTENER INDEX: 0[0m
[00:00:14.155,242] [0m<dbg> zmk: scale_val: scaled -15 with 1/1 to -15 with remainder 0[0m
[00:00:14.155,273] [0m<dbg> zmk: zmk_hid_mouse_movement_set: Mouse movement set to -21/-15[0m
[00:00:14.155,334] [0m<dbg> zmk: zmk_hid_mouse_scroll_set: Mouse scroll set to 0/0[0m
[00:00:14.155,334] [0m<dbg> zmk: zmk_hid_mouse_movement_set: Mouse movement set to 0/0[0m
[00:00:14.163,085] [0m<dbg> zmk: apply_config: LISTENER INDEX: 0[0m
[00:00:14.163,116] [0m<dbg> zmk: scale_val: scaled -18 with 1/1 to -18 with remainder 0[0m
[00:00:14.163,177] [0m<dbg> zmk: apply_config: LISTENER INDEX: 0[0m
[00:00:14.163,177] [0m<dbg> zmk: scale_val: scaled -15 with 1/1 to -15 with remainder 0[0m
[00:00:14.163,208] [0m<dbg> zmk: zmk_hid_mouse_movement_set: Mouse movement set to -18/-15[0m
[00:00:14.163,238] [0m<dbg> zmk: zmk_hid_mouse_scroll_set: Mouse scroll set to 0/0[0m
[00:00:14.163,269] [0m<dbg> zmk: zmk_hid_mouse_movement_set: Mouse movement set to 0/0[0m
[00:00:14.171,142] [0m<dbg> zmk: apply_config: LISTENER INDEX: 0[0m
[00:00:14.171,173] [0m<dbg> zmk: scale_val: scaled -21 with 1/1 to -21 with remainder 0[0m
[00:00:14.171,234] [0m<dbg> zmk: apply_config: LISTENER INDEX: 0[0m
[00:00:14.171,264] [0m<dbg> zmk: scale_val: scaled -24 with 1/1 to -24 with remainder 0[0m
[00:00:14.171,264] [0m<dbg> zmk: zmk_hid_mouse_movement_set: Mouse movement set to -21/-24[0m
[00:00:14.171,325] [0m<dbg> zmk: zmk_hid_mouse_scroll_set: Mouse scroll set to 0/0[0m
[00:00:14.171,325] [0m<dbg> zmk: zmk_hid_mouse_movement_set: Mouse movement set to 0/0[0m
[00:00:14.179,229] [0m<dbg> zmk: apply_config: LISTENER INDEX: 0[0m
[00:00:14.179,260] [0m<dbg> zmk: scale_val: scaled -21 with 1/1 to -21 with remainder 0[0m
[00:00:14.179,321] [0m<dbg> zmk: apply_config: LISTENER INDEX: 0[0m
[00:00:14.179,351] [0m<dbg> zmk: scale_val: scaled -33 with 1/1 to -33 with remainder 0[0m
[00:00:14.179,351] [0m<dbg> zmk: zmk_hid_mouse_movement_set: Mouse movement set to -21/-33[0m
[00:00:14.179,412] [0m<dbg> zmk: zmk_hid_mouse_scroll_set: Mouse scroll set to 0/0[0m
[00:00:14.179,412] [0m<dbg> zmk: zmk_hid_mouse_movement_set: Mouse movement set to 0/0[0m
[00:00:14.187,286] [0m<dbg> zmk: apply_config: LISTENER INDEX: 0[0m
[00:00:14.187,316] [0m<dbg> zmk: scale_val: scaled -24 with 1/1 to -24 with remainder 0[0m
[00:00:14.187,377] [0m<dbg> zmk: apply_config: LISTENER INDEX: 0[0m
[00:00:14.187,408] [0m<dbg> zmk: scale_val: scaled -41 with 1/1 to -41 with remainder 0[0m
[00:00:14.187,408] [0m<dbg> zmk: zmk_hid_mouse_movement_set: Mouse movement set to -24/-41[0m
[00:00:14.187,469] [0m<dbg> zmk: zmk_hid_mouse_scroll_set: Mouse scroll set to 0/0[0m
[00:00:14.187,469] [0m<dbg> zmk: zmk_hid_mouse_movement_set: Mouse movement set to 0/0[0m
[00:00:14.195,343] [0m<dbg> zmk: apply_config: LISTENER INDEX: 0[0m
[00:00:14.195,343] [0m<dbg> zmk: scale_val: scaled -24 with 1/1 to -24 with remainder 0[0m
[00:00:14.195,404] [0m<dbg> zmk: apply_config: LISTENER INDEX: 0[0m
[00:00:14.195,434] [0m<dbg> zmk: scale_val: scaled -41 with 1/1 to -41 with remainder 0[0m
[00:00:14.195,434] [0m<dbg> zmk: zmk_hid_mouse_movement_set: Mouse movement set to -24/-41[0m
[00:00:14.195,770] [0m<dbg> zmk: zmk_hid_mouse_scroll_set: Mouse scroll set to 0/0[0m
[00:00:14.195,770] [0m<dbg> zmk: zmk_hid_mouse_movement_set: Mouse movement set to 0/0[0m
[00:00:14.203,430] [0m<dbg> zmk: apply_config: LISTENER INDEX: 0[0m
[00:00:14.203,460] [0m<dbg> zmk: scale_val: scaled -21 with 1/1 to -21 with remainder 0[0m
[00:00:14.203,521] [0m<dbg> zmk: apply_config: LISTENER INDEX: 0[0m
[00:00:14.203,521] [0m<dbg> zmk: scale_val: scaled -53 with 1/1 to -53 with remainder 0[0m
[00:00:14.203,552] [0m<dbg> zmk: zmk_hid_mouse_movement_set: Mouse movement set to -21/-53[0m
[00:00:14.203,613] [0m<dbg> zmk: zmk_hid_mouse_scroll_set: Mouse scroll set to 0/0[0m
[00:00:14.203,613] [0m<dbg> zmk: zmk_hid_mouse_movement_set: Mouse movement set to 0/0[0m
[00:00:14.211,547] [0m<dbg> zmk: apply_config: LISTENER INDEX: 0[0m
[00:00:14.211,578] [0m<dbg> zmk: scale_val: scaled -21 with 1/1 to -21 with remainder 0[0m
[00:00:14.211,608] [0m<dbg> zmk: apply_config: LISTENER INDEX: 0[0m
[00:00:14.211,639] [0m<dbg> zmk: scale_val: scaled -57 with 1/1 to -57 with remainder 0[0m
[00:00:14.211,669] [0m<dbg> zmk: zmk_hid_mouse_movement_set: Mouse movement set to -21/-57[0m
[00:00:14.211,700] [0m<dbg> zmk: zmk_hid_mouse_scroll_set: Mouse scroll set to 0/0[0m
[00:00:14.211,730] [0m<dbg> zmk: zmk_hid_mouse_movement_set: Mouse movement set to 0/0[0m
[00:00:14.219,573] [0m<dbg> zmk: apply_config: LISTENER INDEX: 0[0m
[00:00:14.219,573] [0m<dbg> zmk: scale_val: scaled -21 with 1/1 to -21 with remainder 0[0m
[00:00:14.219,635] [0m<dbg> zmk: apply_config: LISTENER INDEX: 0[0m
[00:00:14.219,665] [0m<dbg> zmk: scale_val: scaled -57 with 1/1 to -57 with remainder 0[0m
[00:00:14.219,665] [0m<dbg> zmk: zmk_hid_mouse_movement_set: Mouse movement set to -21/-57[0m
[00:00:14.219,726] [0m<dbg> zmk: zmk_hid_mouse_scroll_set: Mouse scroll set to 0/0[0m
[00:00:14.219,726] [0m<dbg> zmk: zmk_hid_mouse_movement_set: Mouse movement set to 0/0[0m
[00:00:14.227,783] [0m<dbg> zmk: apply_config: LISTENER INDEX: 0[0m
[00:00:14.227,813] [0m<dbg> zmk: scale_val: scaled -13 with 1/1 to -13 with remainder 0[0m
[00:00:14.227,874] [0m<dbg> zmk: apply_config: LISTENER INDEX: 0[0m
[00:00:14.227,905] [0m<dbg> zmk: scale_val: scaled -67 with 1/1 to -67 with remainder 0[0m
[00:00:14.227,905] [0m<dbg> zmk: zmk_hid_mouse_movement_set: Mouse movement set to -13/-67[0m
[00:00:14.227,966] [0m<dbg> zmk: zmk_hid_mouse_scroll_set: Mouse scroll set to 0/0[0m
[00:00:14.227,966] [0m<dbg> zmk: zmk_hid_mouse_movement_set: Mouse movement set to 0/0[0m
[00:00:14.235,687] [0m<dbg> zmk: apply_config: LISTENER INDEX: 0[0m
[00:00:14.235,687] [0m<dbg> zmk: scale_val: scaled -9 with 1/1 to -9 with remainder 0[0m
[00:00:14.235,748] [0m<dbg> zmk: apply_config: LISTENER INDEX: 0[0m
[00:00:14.235,778] [0m<dbg> zmk: scale_val: scaled -72 with 1/1 to -72 with remainder 0[0m
[00:00:14.235,778] [0m<dbg> zmk: zmk_hid_mouse_movement_set: Mouse movement set to -9/-72[0m
[00:00:14.235,839] [0m<dbg> zmk: zmk_hid_mouse_scroll_set: Mouse scroll set to 0/0[0m
[00:00:14.235,870] [0m<dbg> zmk: zmk_hid_mouse_movement_set: Mouse movement set to 0/0[0m
[00:00:14.243,713] [0m<dbg> zmk: apply_config: LISTENER INDEX: 0[0m
[00:00:14.243,743] [0m<dbg> zmk: scale_val: scaled -11 with 1/1 to -11 with remainder 0[0m
[00:00:14.243,804] [0m<dbg> zmk: apply_config: LISTENER INDEX: 0[0m
[00:00:14.243,804] [0m<dbg> zmk: scale_val: scaled -77 with 1/1 to -77 with remainder 0[0m
[00:00:14.243,835] [0m<dbg> zmk: zmk_hid_mouse_movement_set: Mouse movement set to -11/-77[0m
[00:00:14.244,079] [0m<dbg> zmk: zmk_hid_mouse_scroll_set: Mouse scroll set to 0/0[0m
[00:00:14.244,140] [0m<dbg> zmk: zmk_hid_mouse_movement_set: Mouse movement set to 0/0[0m
[00:00:14.251,770] [0m<dbg> zmk: apply_config: LISTENER INDEX: 0[0m
[00:00:14.251,800] [0m<dbg> zmk: scale_val: scaled -7 with 1/1 to -7 with remainder 0[0m
[00:00:14.251,861] [0m<dbg> zmk: apply_config: LISTENER INDEX: 0[0m
[00:00:14.251,861] [0m<dbg> zmk: scale_val: scaled -45 with 1/1 to -45 with remainder 0[0m
[00:00:14.251,892] [0m<dbg> zmk: zmk_hid_mouse_movement_set: Mouse movement set to -7/-45[0m
[00:00:14.251,953] [0m<dbg> zmk: zmk_hid_mouse_scroll_set: Mouse scroll set to 0/0[0m
[00:00:14.251,953] [0m<dbg> zmk: zmk_hid_mouse_movement_set: Mouse movement set to 0/0[0m
[00:00:14.259,887] [0m<dbg> zmk: apply_config: LISTENER INDEX: 0[0m
[00:00:14.259,887] [0m<dbg> zmk: scale_val: scaled -1 with 1/1 to -1 with remainder 0[0m
[00:00:14.259,948] [0m<dbg> zmk: apply_config: LISTENER INDEX: 0[0m
[00:00:14.259,979] [0m<dbg> zmk: scale_val: scaled -57 with 1/1 to -57 with remainder 0[0m
[00:00:14.259,979] [0m<dbg> zmk: zmk_hid_mouse_movement_set: Mouse movement set to -1/-57[0m
[00:00:14.260,040] [0m<dbg> zmk: zmk_hid_mouse_scroll_set: Mouse scroll set to 0/0[0m
[00:00:14.260,070] [0m<dbg> zmk: zmk_hid_mouse_movement_set: Mouse movement set to 0/0[0m
[00:00:14.268,768] [0m<dbg> zmk: apply_config: LISTENER INDEX: 0[0m
[00:00:14.268,798] [0m<dbg> zmk: scale_val: scaled 1 with 1/1 to 1 with remainder 0[0m
[00:00:14.268,859] [0m<dbg> zmk: apply_config: LISTENER INDEX: 0[0m
[00:00:14.268,890] [0m<dbg> zmk: scale_val: scaled -37 with 1/1 to -37 with remainder 0[0m
[00:00:14.268,890] [0m<dbg> zmk: zmk_hid_mouse_movement_set: Mouse movement set to 1/-37[0m
[00:00:14.268,951] [0m<dbg> zmk: zmk_hid_mouse_scroll_set: Mouse scroll set to 0/0[0m
[00:00:14.268,951] [0m<dbg> zmk: zmk_hid_mouse_movement_set: Mouse movement set to 0/0[0m
[00:00:14.276,733] [0m<dbg> zmk: apply_config: LISTENER INDEX: 0[0m
[00:00:14.276,763] [0m<dbg> zmk: scale_val: scaled 2 with 1/1 to 2 with remainder 0[0m
[00:00:14.276,824] [0m<dbg> zmk: apply_config: LISTENER INDEX: 0[0m
[00:00:14.276,855] [0m<dbg> zmk: scale_val: scaled -30 with 1/1 to -30 with remainder 0[0m
[00:00:14.276,855] [0m<dbg> zmk: zmk_hid_mouse_movement_set: Mouse movement set to 2/-30[0m
[00:00:14.276,916] [0m<dbg> zmk: zmk_hid_mouse_scroll_set: Mouse scroll set to 0/0[0m
[00:00:14.276,977] [0m<dbg> zmk: zmk_hid_mouse_movement_set: Mouse movement set to 0/0[0m
[00:00:14.284,057] [0m<dbg> zmk: apply_config: LISTENER INDEX: 0[0m
[00:00:14.284,088] [0m<dbg> zmk: scale_val: scaled 3 with 1/1 to 3 with remainder 0[0m
[00:00:14.284,118] [0m<dbg> zmk: apply_config: LISTENER INDEX: 0[0m
[00:00:14.284,149] [0m<dbg> zmk: scale_val: scaled -21 with 1/1 to -21 with remainder 0[0m
[00:00:14.284,179] [0m<dbg> zmk: zmk_hid_mouse_movement_set: Mouse movement set to 3/-21[0m
[00:00:14.284,240] [0m<dbg> zmk: zmk_hid_mouse_scroll_set: Mouse scroll set to 0/0[0m
[00:00:14.284,240] [0m<dbg> zmk: zmk_hid_mouse_movement_set: Mouse movement set to 0/0[0m
[00:00:14.292,846] [0m<dbg> zmk: apply_config: LISTENER INDEX: 0[0m
[00:00:14.292,846] [0m<dbg> zmk: scale_val: scaled 5 with 1/1 to 5 with remainder 0[0m
[00:00:14.292,907] [0m<dbg> zmk: apply_config: LISTENER INDEX: 0[0m
[00:00:14.292,938] [0m<dbg> zmk: scale_val: scaled -21 with 1/1 to -21 with remainder 0[0m
[00:00:14.292,938] [0m<dbg> zmk: zmk_hid_mouse_movement_set: Mouse movement set to 5/-21[0m
[00:00:14.292,999] [0m<dbg> zmk: zmk_hid_mouse_scroll_set: Mouse scroll set to 0/0[0m
[00:00:14.293,029] [0m<dbg> zmk: zmk_hid_mouse_movement_set: Mouse movement set to 0/0[0m
[00:00:14.300,903] [0m<dbg> zmk: apply_config: LISTENER INDEX: 0[0m
[00:00:14.300,933] [0m<dbg> zmk: scale_val: scaled 9 with 1/1 to 9 with remainder 0[0m
[00:00:14.300,994] [0m<dbg> zmk: apply_config: LISTENER INDEX: 0[0m
[00:00:14.300,994] [0m<dbg> zmk: scale_val: scaled -21 with 1/1 to -21 with remainder 0[0m
[00:00:14.301,025] [0m<dbg> zmk: zmk_hid_mouse_movement_set: Mouse movement set to 9/-21[0m
[00:00:14.301,086] [0m<dbg> zmk: zmk_hid_mouse_scroll_set: Mouse scroll set to 0/0[0m
[00:00:14.301,086] [0m<dbg> zmk: zmk_hid_mouse_movement_set: Mouse movement set to 0/0[0m
[00:00:14.308,959] [0m<dbg> zmk: apply_config: LISTENER INDEX: 0[0m
[00:00:14.308,990] [0m<dbg> zmk: scale_val: scaled 13 with 1/1 to 13 with remainder 0[0m
[00:00:14.309,051] [0m<dbg> zmk: apply_config: LISTENER INDEX: 0[0m
[00:00:14.309,051] [0m<dbg> zmk: scale_val: scaled -21 with 1/1 to -21 with remainder 0[0m
[00:00:14.309,082] [0m<dbg> zmk: zmk_hid_mouse_movement_set: Mouse movement set to 13/-21[0m
[00:00:14.309,143] [0m<dbg> zmk: zmk_hid_mouse_scroll_set: Mouse scroll set to 0/0[0m
[00:00:14.309,143] [0m<dbg> zmk: zmk_hid_mouse_movement_set: Mouse movement set to 0/0[0m
[00:00:14.316,406] [0m<dbg> zmk: apply_config: LISTENER INDEX: 0[0m
[00:00:14.316,436] [0m<dbg> zmk: scale_val: scaled 15 with 1/1 to 15 with remainder 0[0m
[00:00:14.316,497] [0m<dbg> zmk: apply_config: LISTENER INDEX: 0[0m
[00:00:14.316,497] [0m<dbg> zmk: scale_val: scaled -15 with 1/1 to -15 with remainder 0[0m
[00:00:14.316,528] [0m<dbg> zmk: zmk_hid_mouse_movement_set: Mouse movement set to 15/-15[0m
[00:00:14.316,558] [0m<dbg> zmk: zmk_hid_mouse_scroll_set: Mouse scroll set to 0/0[0m
[00:00:14.316,772] [0m<dbg> zmk: zmk_hid_mouse_movement_set: Mouse movement set to 0/0[0m
[00:00:14.325,134] [0m<dbg> zmk: apply_config: LISTENER INDEX: 0[0m
[00:00:14.325,134] [0m<dbg> zmk: scale_val: scaled 18 with 1/1 to 18 with remainder 0[0m
[00:00:14.325,286] [0m<dbg> zmk: apply_config: LISTENER INDEX: 0[0m
[00:00:14.325,286] [0m<dbg> zmk: scale_val: scaled -9 with 1/1 to -9 with remainder 0[0m
[00:00:14.325,317] [0m<dbg> zmk: zmk_hid_mouse_movement_set: Mouse movement set to 18/-9[0m
[00:00:14.325,378] [0m<dbg> zmk: zmk_hid_mouse_scroll_set: Mouse scroll set to 0/0[0m
[00:00:14.325,378] [0m<dbg> zmk: zmk_hid_mouse_movement_set: Mouse movement set to 0/0[0m
[00:00:14.332,427] [0m<dbg> zmk: apply_config: LISTENER INDEX: 0[0m
[00:00:14.332,458] [0m<dbg> zmk: scale_val: scaled 21 with 1/1 to 21 with remainder 0[0m
[00:00:14.332,519] [0m<dbg> zmk: apply_config: LISTENER INDEX: 0[0m
[00:00:14.332,550] [0m<dbg> zmk: scale_val: scaled -5 with 1/1 to -5 with remainder 0[0m
[00:00:14.332,550] [0m<dbg> zmk: zmk_hid_mouse_movement_set: Mouse movement set to 21/-5[0m
[00:00:14.332,611] [0m<dbg> zmk: zmk_hid_mouse_scroll_set: Mouse scroll set to 0/0[0m
[00:00:14.332,611] [0m<dbg> zmk: zmk_hid_mouse_movement_set: Mouse movement set to 0/0[0m
[00:00:14.340,515] [0m<dbg> zmk: apply_config: LISTENER INDEX: 0[0m
[00:00:14.340,515] [0m<dbg> zmk: scale_val: scaled 21 with 1/1 to 21 with remainder 0[0m
[00:00:14.340,576] [0m<dbg> zmk: apply_config: LISTENER INDEX: 0[0m
[00:00:14.340,606] [0m<dbg> zmk: scale_val: scaled -3 with 1/1 to -3 with remainder 0[0m
[00:00:14.340,606] [0m<dbg> zmk: zmk_hid_mouse_movement_set: Mouse movement set to 21/-3[0m
[00:00:14.340,850] [0m<dbg> zmk: zmk_hid_mouse_scroll_set: Mouse scroll set to 0/0[0m
[00:00:14.340,850] [0m<dbg> zmk: zmk_hid_mouse_movement_set: Mouse movement set to 0/0[0m
[00:00:14.348,571] [0m<dbg> zmk: apply_config: LISTENER INDEX: 0[0m
[00:00:14.348,602] [0m<dbg> zmk: scale_val: scaled 24 with 1/1 to 24 with remainder 0[0m
[00:00:14.348,663] [0m<dbg> zmk: apply_config: LISTENER INDEX: 0[0m
[00:00:14.348,663] [0m<dbg> zmk: scale_val: scaled -2 with 1/1 to -2 with remainder 0[0m
[00:00:14.348,693] [0m<dbg> zmk: zmk_hid_mouse_movement_set: Mouse movement set to 24/-2[0m
[00:00:14.348,754] [0m<dbg> zmk: zmk_hid_mouse_scroll_set: Mouse scroll set to 0/0[0m
[00:00:14.348,754] [0m<dbg> zmk: zmk_hid_mouse_movement_set: Mouse movement set to 0/0[0m
[00:00:14.356,628] [0m<dbg> zmk: apply_config: LISTENER INDEX: 0[0m
[00:00:14.356,658] [0m<dbg> zmk: scale_val: scaled 18 with 1/1 to 18 with remainder 0[0m
[00:00:14.356,689] [0m<dbg> zmk: apply_config: LISTENER INDEX: 0[0m
[00:00:14.356,719] [0m<dbg> zmk: scale_val: scaled -1 with 1/1 to -1 with remainder 0[0m
[00:00:14.356,750] [0m<dbg> zmk: zmk_hid_mouse_movement_set: Mouse movement set to 18/-1[0m
[00:00:14.356,781] [0m<dbg> zmk: zmk_hid_mouse_scroll_set: Mouse scroll set to 0/0[0m
[00:00:14.356,811] [0m<dbg> zmk: zmk_hid_mouse_movement_set: Mouse movement set to 0/0[0m
[00:00:14.365,386] [0m<dbg> zmk: apply_config: LISTENER INDEX: 0[0m
[00:00:14.365,417] [0m<dbg> zmk: scale_val: scaled 18 with 1/1 to 18 with remainder 0[0m
[00:00:14.365,478] [0m<dbg> zmk: apply_config: LISTENER INDEX: 0[0m
[00:00:14.365,509] [0m<dbg> zmk: scale_val: scaled -1 with 1/1 to -1 with remainder 0[0m
[00:00:14.365,509] [0m<dbg> zmk: zmk_hid_mouse_movement_set: Mouse movement set to 18/-1[0m
[00:00:14.365,570] [0m<dbg> zmk: zmk_hid_mouse_scroll_set: Mouse scroll set to 0/0[0m
[00:00:14.365,570] [0m<dbg> zmk: zmk_hid_mouse_movement_set: Mouse movement set to 0/0[0m
[00:00:14.373,474] [0m<dbg> zmk: apply_config: LISTENER INDEX: 0[0m
[00:00:14.373,504] [0m<dbg> zmk: scale_val: scaled 15 with 1/1 to 15 with remainder 0[0m
[00:00:14.373,565] [0m<dbg> zmk: apply_config: LISTENER INDEX: 0[0m
[00:00:14.373,565] [0m<dbg> zmk: scale_val: scaled 0 with 1/1 to 0 with remainder 0[0m
[00:00:14.373,596] [0m<dbg> zmk: zmk_hid_mouse_movement_set: Mouse movement set to 15/0[0m
[00:00:14.373,626] [0m<dbg> zmk: zmk_hid_mouse_scroll_set: Mouse scroll set to 0/0[0m
[00:00:14.373,657] [0m<dbg> zmk: zmk_hid_mouse_movement_set: Mouse movement set to 0/0[0m
[00:00:14.381,530] [0m<dbg> zmk: apply_config: LISTENER INDEX: 0[0m
[00:00:14.381,561] [0m<dbg> zmk: scale_val: scaled 13 with 1/1 to 13 with remainder 0[0m
[00:00:14.381,622] [0m<dbg> zmk: apply_config: LISTENER INDEX: 0[0m
[00:00:14.381,652] [0m<dbg> zmk: scale_val: scaled 9 with 1/1 to 9 with remainder 0[0m
[00:00:14.381,652] [0m<dbg> zmk: zmk_hid_mouse_movement_set: Mouse movement set to 13/9[0m
[00:00:14.381,713] [0m<dbg> zmk: zmk_hid_mouse_scroll_set: Mouse scroll set to 0/0[0m
[00:00:14.381,713] [0m<dbg> zmk: zmk_hid_mouse_movement_set: Mouse movement set to 0/0[0m
[00:00:14.389,617] [0m<dbg> zmk: apply_config: LISTENER INDEX: 0[0m
[00:00:14.389,617] [0m<dbg> zmk: scale_val: scaled 15 with 1/1 to 15 with remainder 0[0m
[00:00:14.389,709] [0m<dbg> zmk: apply_config: LISTENER INDEX: 0[0m
[00:00:14.389,739] [0m<dbg> zmk: scale_val: scaled 15 with 1/1 to 15 with remainder 0[0m
[00:00:14.389,739] [0m<dbg> zmk: zmk_hid_mouse_movement_set: Mouse movement set to 15/15[0m
[00:00:14.389,801] [0m<dbg> zmk: zmk_hid_mouse_scroll_set: Mouse scroll set to 0/0[0m
[00:00:14.390,075] [0m<dbg> zmk: zmk_hid_mouse_movement_set: Mouse movement set to 0/0[0m
[00:00:14.397,644] [0m<dbg> zmk: apply_config: LISTENER INDEX: 0[0m
[00:00:14.397,674] [0m<dbg> zmk: scale_val: scaled 15 with 1/1 to 15 with remainder 0[0m
[00:00:14.397,735] [0m<dbg> zmk: apply_config: LISTENER INDEX: 0[0m
[00:00:14.397,735] [0m<dbg> zmk: scale_val: scaled 24 with 1/1 to 24 with remainder 0[0m
[00:00:14.397,766] [0m<dbg> zmk: zmk_hid_mouse_movement_set: Mouse movement set to 15/24[0m
[00:00:14.397,827] [0m<dbg> zmk: zmk_hid_mouse_scroll_set: Mouse scroll set to 0/0[0m
[00:00:14.397,827] [0m<dbg> zmk: zmk_hid_mouse_movement_set: Mouse movement set to 0/0[0m
[00:00:14.404,968] [0m<dbg> zmk: apply_config: LISTENER INDEX: 0[0m
[00:00:14.404,998] [0m<dbg> zmk: scale_val: scaled 11 with 1/1 to 11 with remainder 0[0m
[00:00:14.405,059] [0m<dbg> zmk: apply_config: LISTENER INDEX: 0[0m
[00:00:14.405,059] [0m<dbg> zmk: scale_val: scaled 27 with 1/1 to 27 with remainder 0[0m
[00:00:14.405,090] [0m<dbg> zmk: zmk_hid_mouse_movement_set: Mouse movement set to 11/27[0m
[00:00:14.405,273] [0m<dbg> zmk: zmk_hid_mouse_scroll_set: Mouse scroll set to 0/0[0m
[00:00:14.405,364] [0m<dbg> zmk: zmk_hid_mouse_movement_set: Mouse movement set to 0/0[0m
[00:00:14.413,024] [0m<dbg> zmk: apply_config: LISTENER INDEX: 0[0m
[00:00:14.413,055] [0m<dbg> zmk: scale_val: scaled 11 with 1/1 to 11 with remainder 0[0m
[00:00:14.413,208] [0m<dbg> zmk: apply_config: LISTENER INDEX: 0[0m
[00:00:14.413,238] [0m<dbg> zmk: scale_val: scaled 30 with 1/1 to 30 with remainder 0[0m
[00:00:14.413,238] [0m<dbg> zmk: zmk_hid_mouse_movement_set: Mouse movement set to 11/30[0m
[00:00:14.413,299] [0m<dbg> zmk: zmk_hid_mouse_scroll_set: Mouse scroll set to 0/0[0m
[00:00:14.413,330] [0m<dbg> zmk: zmk_hid_mouse_movement_set: Mouse movement set to 0/0[0m
[00:00:14.421,112] [0m<dbg> zmk: apply_config: LISTENER INDEX: 0[0m
[00:00:14.421,112] [0m<dbg> zmk: scale_val: scaled 9 with 1/1 to 9 with remainder 0[0m
[00:00:14.421,295] [0m<dbg> zmk: apply_config: LISTENER INDEX: 0[0m
[00:00:14.421,295] [0m<dbg> zmk: scale_val: scaled 27 with 1/1 to 27 with remainder 0[0m
[00:00:14.421,325] [0m<dbg> zmk: zmk_hid_mouse_movement_set: Mouse movement set to 9/27[0m
[00:00:14.421,386] [0m<dbg> zmk: zmk_hid_mouse_scroll_set: Mouse scroll set to 0/0[0m
[00:00:14.421,386] [0m<dbg> zmk: zmk_hid_mouse_movement_set: Mouse movement set to 0/0[0m
[00:00:14.429,931] [0m<dbg> zmk: apply_config: LISTENER INDEX: 0[0m
[00:00:14.429,962] [0m<dbg> zmk: scale_val: scaled 5 with 1/1 to 5 with remainder 0[0m
[00:00:14.430,023] [0m<dbg> zmk: apply_config: LISTENER INDEX: 0[0m
[00:00:14.430,053] [0m<dbg> zmk: scale_val: scaled 15 with 1/1 to 15 with remainder 0[0m
[00:00:14.430,053] [0m<dbg> zmk: zmk_hid_mouse_movement_set: Mouse movement set to 5/15[0m
[00:00:14.430,114] [0m<dbg> zmk: zmk_hid_mouse_scroll_set: Mouse scroll set to 0/0[0m
[00:00:14.430,145] [0m<dbg> zmk: zmk_hid_mouse_movement_set: Mouse movement set to 0/0[0m
[00:00:14.436,737] [0m<dbg> zmk: apply_config: LISTENER INDEX: 0[0m
[00:00:14.436,737] [0m<dbg> zmk: scale_val: scaled 1 with 1/1 to 1 with remainder 0[0m
[00:00:14.436,798] [0m<dbg> zmk: apply_config: LISTENER INDEX: 0[0m
[00:00:14.436,828] [0m<dbg> zmk: scale_val: scaled 0 with 1/1 to 0 with remainder 0[0m
[00:00:14.436,828] [0m<dbg> zmk: zmk_hid_mouse_movement_set: Mouse movement set to 1/0[0m
[00:00:14.436,889] [0m<dbg> zmk: zmk_hid_mouse_scroll_set: Mouse scroll set to 0/0[0m
[00:00:14.436,920] [0m<dbg> zmk: zmk_hid_mouse_movement_set: Mouse movement set to 0/0[0m
[00:00:14.444,763] [0m<dbg> zmk: apply_config: LISTENER INDEX: 0[0m
[00:00:14.444,793] [0m<dbg> zmk: scale_val: scaled 0 with 1/1 to 0 with remainder 0[0m
[00:00:14.444,854] [0m<dbg> zmk: apply_config: LISTENER INDEX: 0[0m
[00:00:14.444,854] [0m<dbg> zmk: scale_val: scaled 1 with 1/1 to 1 with remainder 0[0m
[00:00:14.444,885] [0m<dbg> zmk: zmk_hid_mouse_movement_set: Mouse movement set to 0/1[0m
[00:00:14.445,129] [0m<dbg> zmk: zmk_hid_mouse_scroll_set: Mouse scroll set to 0/0[0m
[00:00:14.445,312] [0m<dbg> zmk: zmk_hid_mouse_movement_set: Mouse movement set to 0/0[0m
[00:00:14.468,963] [0m<dbg> zmk: apply_config: LISTENER INDEX: 0[0m
[00:00:14.468,994] [0m<dbg> zmk: scale_val: scaled -1 with 1/1 to -1 with remainder 0[0m
[00:00:14.469,055] [0m<dbg> zmk: apply_config: LISTENER INDEX: 0[0m
[00:00:14.469,085] [0m<dbg> zmk: scale_val: scaled 0 with 1/1 to 0 with remainder 0[0m
[00:00:14.469,085] [0m<dbg> zmk: zmk_hid_mouse_movement_set: Mouse movement set to -1/0[0m
[00:00:14.469,146] [0m<dbg> zmk: zmk_hid_mouse_scroll_set: Mouse scroll set to 0/0[0m
[00:00:14.469,146] [0m<dbg> zmk: zmk_hid_mouse_movement_set: Mouse movement set to 0/0[0m
[00:00:14.477,020] [0m<dbg> zmk: apply_config: LISTENER INDEX: 0[0m
[00:00:14.477,050] [0m<dbg> zmk: scale_val: scaled -1 with 1/1 to -1 with remainder 0[0m
[00:00:14.477,111] [0m<dbg> zmk: apply_config: LISTENER INDEX: 0[0m
[00:00:14.477,111] [0m<dbg> zmk: scale_val: scaled 0 with 1/1 to 0 with remainder 0[0m
[00:00:14.477,142] [0m<dbg> zmk: zmk_hid_mouse_movement_set: Mouse movement set to -1/0[0m
[00:00:14.477,203] [0m<dbg> zmk: zmk_hid_mouse_scroll_set: Mouse scroll set to 0/0[0m
[00:00:14.477,203] [0m<dbg> zmk: zmk_hid_mouse_movement_set: Mouse movement set to 0/0[0m
[00:00:14.494,415] [0m<dbg> zmk: apply_config: LISTENER INDEX: 0[0m
[00:00:14.494,445] [0m<dbg> zmk: scale_val: scaled 0 with 1/1 to 0 with remainder 0[0m
[00:00:14.494,506] [0m<dbg> zmk: apply_config: LISTENER INDEX: 0[0m
[00:00:14.494,537] [0m<dbg> zmk: scale_val: scaled 7 with 1/1 to 7 with remainder 0[0m
[00:00:14.494,537] [0m<dbg> zmk: zmk_hid_mouse_movement_set: Mouse movement set to 0/7[0m
[00:00:14.494,598] [0m<dbg> zmk: zmk_hid_mouse_scroll_set: Mouse scroll set to 0/0[0m
[00:00:14.494,598] [0m<dbg> zmk: zmk_hid_mouse_movement_set: Mouse movement set to 0/0[0m
[00:00:14.502,502] [0m<dbg> zmk: apply_config: LISTENER INDEX: 0[0m
[00:00:14.502,502] [0m<dbg> zmk: scale_val: scaled 1 with 1/1 to 1 with remainder 0[0m
[00:00:14.502,563] [0m<dbg> zmk: apply_config: LISTENER INDEX: 0[0m
[00:00:14.502,593] [0m<dbg> zmk: scale_val: scaled 18 with 1/1 to 18 with remainder 0[0m
[00:00:14.502,624] [0m<dbg> zmk: zmk_hid_mouse_movement_set: Mouse movement set to 1/18[0m
[00:00:14.502,655] [0m<dbg> zmk: zmk_hid_mouse_scroll_set: Mouse scroll set to 0/0[0m
[00:00:14.502,685] [0m<dbg> zmk: zmk_hid_mouse_movement_set: Mouse movement set to 0/0[0m
[00:00:14.510,528] [0m<dbg> zmk: apply_config: LISTENER INDEX: 0[0m
[00:00:14.510,559] [0m<dbg> zmk: scale_val: scaled 3 with 1/1 to 3 with remainder 0[0m
[00:00:14.510,650] [0m<dbg> zmk: apply_config: LISTENER INDEX: 0[0m
[00:00:14.510,681] [0m<dbg> zmk: scale_val: scaled 30 with 1/1 to 30 with remainder 0[0m
[00:00:14.510,681] [0m<dbg> zmk: zmk_hid_mouse_movement_set: Mouse movement set to 3/30[0m
[00:00:14.510,742] [0m<dbg> zmk: zmk_hid_mouse_scroll_set: Mouse scroll set to 0/0[0m
[00:00:14.510,772] [0m<dbg> zmk: zmk_hid_mouse_movement_set: Mouse movement set to 0/0[0m
[00:00:14.518,676] [0m<dbg> zmk: apply_config: LISTENER INDEX: 0[0m
[00:00:14.518,676] [0m<dbg> zmk: scale_val: scaled 5 with 1/1 to 5 with remainder 0[0m
[00:00:14.518,737] [0m<dbg> zmk: apply_config: LISTENER INDEX: 0[0m
[00:00:14.518,768] [0m<dbg> zmk: scale_val: scaled 33 with 1/1 to 33 with remainder 0[0m
[00:00:14.518,768] [0m<dbg> zmk: zmk_hid_mouse_movement_set: Mouse movement set to 5/33[0m
[00:00:14.518,829] [0m<dbg> zmk: zmk_hid_mouse_scroll_set: Mouse scroll set to 0/0[0m
[00:00:14.518,829] [0m<dbg> zmk: zmk_hid_mouse_movement_set: Mouse movement set to 0/0[0m
[00:00:14.526,733] [0m<dbg> zmk: apply_config: LISTENER INDEX: 0[0m
[00:00:14.526,763] [0m<dbg> zmk: scale_val: scaled 3 with 1/1 to 3 with remainder 0[0m
[00:00:14.526,794] [0m<dbg> zmk: apply_config: LISTENER INDEX: 0[0m
[00:00:14.526,824] [0m<dbg> zmk: scale_val: scaled 30 with 1/1 to 30 with remainder 0[0m
[00:00:14.526,824] [0m<dbg> zmk: zmk_hid_mouse_movement_set: Mouse movement set to 3/30[0m
[00:00:14.526,885] [0m<dbg> zmk: zmk_hid_mouse_scroll_set: Mouse scroll set to 0/0[0m
[00:00:14.526,916] [0m<dbg> zmk: zmk_hid_mouse_movement_set: Mouse movement set to 0/0[0m
[00:00:14.534,179] [0m<dbg> zmk: apply_config: LISTENER INDEX: 0[0m
[00:00:14.534,179] [0m<dbg> zmk: scale_val: scaled 5 with 1/1 to 5 with remainder 0[0m
[00:00:14.534,240] [0m<dbg> zmk: apply_config: LISTENER INDEX: 0[0m
[00:00:14.534,271] [0m<dbg> zmk: scale_val: scaled 24 with 1/1 to 24 with remainder 0[0m
[00:00:14.534,271] [0m<dbg> zmk: zmk_hid_mouse_movement_set: Mouse movement set to 5/24[0m
[00:00:14.534,332] [0m<dbg> zmk: zmk_hid_mouse_scroll_set: Mouse scroll set to 0/0[0m
[00:00:14.534,362] [0m<dbg> zmk: zmk_hid_mouse_movement_set: Mouse movement set to 0/0[0m
[00:00:14.542,877] [0m<dbg> zmk: apply_config: LISTENER INDEX: 0[0m
[00:00:14.542,907] [0m<dbg> zmk: scale_val: scaled 3 with 1/1 to 3 with remainder 0[0m
[00:00:14.542,968] [0m<dbg> zmk: apply_config: LISTENER INDEX: 0[0m
[00:00:14.542,968] [0m<dbg> zmk: scale_val: scaled 24 with 1/1 to 24 with remainder 0[0m
[00:00:14.542,999] [0m<dbg> zmk: zmk_hid_mouse_movement_set: Mouse movement set to 3/24[0m
[00:00:14.543,060] [0m<dbg> zmk: zmk_hid_mouse_scroll_set: Mouse scroll set to 0/0[0m
[00:00:14.543,060] [0m<dbg> zmk: zmk_hid_mouse_movement_set: Mouse movement set to 0/0[0m
[00:00:14.550,842] [0m<dbg> zmk: apply_config: LISTENER INDEX: 0[0m
[00:00:14.550,872] [0m<dbg> zmk: scale_val: scaled 3 with 1/1 to 3 with remainder 0[0m
[00:00:14.550,903] [0m<dbg> zmk: apply_config: LISTENER INDEX: 0[0m
[00:00:14.550,933] [0m<dbg> zmk: scale_val: scaled 21 with 1/1 to 21 with remainder 0[0m
[00:00:14.550,964] [0m<dbg> zmk: zmk_hid_mouse_movement_set: Mouse movement set to 3/21[0m
[00:00:14.551,025] [0m<dbg> zmk: zmk_hid_mouse_scroll_set: Mouse scroll set to 0/0[0m
[00:00:14.551,025] [0m<dbg> zmk: zmk_hid_mouse_movement_set: Mouse movement set to 0/0[0m
[00:00:14.558,868] [0m<dbg> zmk: apply_config: LISTENER INDEX: 0[0m
[00:00:14.558,868] [0m<dbg> zmk: scale_val: scaled 3 with 1/1 to 3 with remainder 0[0m
[00:00:14.558,929] [0m<dbg> zmk: apply_config: LISTENER INDEX: 0[0m
[00:00:14.558,959] [0m<dbg> zmk: scale_val: scaled 18 with 1/1 to 18 with remainder 0[0m
[00:00:14.558,959] [0m<dbg> zmk: zmk_hid_mouse_movement_set: Mouse movement set to 3/18[0m
[00:00:14.559,173] [0m<dbg> zmk: zmk_hid_mouse_scroll_set: Mouse scroll set to 0/0[0m
[00:00:14.559,204] [0m<dbg> zmk: zmk_hid_mouse_movement_set: Mouse movement set to 0/0[0m
[00:00:14.566,925] [0m<dbg> zmk: apply_config: LISTENER INDEX: 0[0m
[00:00:14.566,955] [0m<dbg> zmk: scale_val: scaled 3 with 1/1 to 3 with remainder 0[0m
[00:00:14.567,016] [0m<dbg> zmk: apply_config: LISTENER INDEX: 0[0m
[00:00:14.567,016] [0m<dbg> zmk: scale_val: scaled 13 with 1/1 to 13 with remainder 0[0m
[00:00:14.567,047] [0m<dbg> zmk: zmk_hid_mouse_movement_set: Mouse movement set to 3/13[0m
[00:00:14.567,108] [0m<dbg> zmk: zmk_hid_mouse_scroll_set: Mouse scroll set to 0/0[0m
[00:00:14.567,108] [0m<dbg> zmk: zmk_hid_mouse_movement_set: Mouse movement set to 0/0[0m
[00:00:14.573,730] [0m<dbg> zmk: apply_config: LISTENER INDEX: 0[0m
[00:00:14.573,760] [0m<dbg> zmk: scale_val: scaled 3 with 1/1 to 3 with remainder 0[0m
[00:00:14.573,822] [0m<dbg> zmk: apply_config: LISTENER INDEX: 0[0m
[00:00:14.573,822] [0m<dbg> zmk: scale_val: scaled 5 with 1/1 to 5 with remainder 0[0m
[00:00:14.573,852] [0m<dbg> zmk: zmk_hid_mouse_movement_set: Mouse movement set to 3/5[0m
[00:00:14.573,913] [0m<dbg> zmk: zmk_hid_mouse_scroll_set: Mouse scroll set to 0/0[0m
[00:00:14.573,913] [0m<dbg> zmk: zmk_hid_mouse_movement_set: Mouse movement set to 0/0[0m
[00:00:14.581,970] [0m<dbg> zmk: apply_config: LISTENER INDEX: 0[0m
[00:00:14.582,000] [0m<dbg> zmk: scale_val: scaled 2 with 1/1 to 2 with remainder 0[0m
[00:00:14.582,031] [0m<dbg> zmk: apply_config: LISTENER INDEX: 0[0m
[00:00:14.582,061] [0m<dbg> zmk: scale_val: scaled 5 with 1/1 to 5 with remainder 0[0m
[00:00:14.582,092] [0m<dbg> zmk: zmk_hid_mouse_movement_set: Mouse movement set to 2/5[0m
[00:00:14.582,122] [0m<dbg> zmk: zmk_hid_mouse_scroll_set: Mouse scroll set to 0/0[0m
[00:00:14.582,153] [0m<dbg> zmk: zmk_hid_mouse_movement_set: Mouse movement set to 0/0[0m
[00:00:14.589,843] [0m<dbg> zmk: apply_config: LISTENER INDEX: 0[0m
[00:00:14.589,904] [0m<dbg> zmk: scale_val: scaled 3 with 1/1 to 3 with remainder 0[0m
[00:00:14.589,935] [0m<dbg> zmk: apply_config: LISTENER INDEX: 0[0m
[00:00:14.589,965] [0m<dbg> zmk: scale_val: scaled 5 with 1/1 to 5 with remainder 0[0m
[00:00:14.589,996] [0m<dbg> zmk: zmk_hid_mouse_movement_set: Mouse movement set to 3/5[0m
[00:00:14.590,026] [0m<dbg> zmk: zmk_hid_mouse_scroll_set: Mouse scroll set to 0/0[0m
[00:00:14.590,057] [0m<dbg> zmk: zmk_hid_mouse_movement_set: Mouse movement set to 0/0[0m
[00:00:14.599,212] [0m<dbg> zmk: apply_config: LISTENER INDEX: 0[0m
[00:00:14.599,243] [0m<dbg> zmk: scale_val: scaled 2 with 1/1 to 2 with remainder 0[0m
[00:00:14.599,304] [0m<dbg> zmk: apply_config: LISTENER INDEX: 0[0m
[00:00:14.599,304] [0m<dbg> zmk: scale_val: scaled 3 with 1/1 to 3 with remainder 0[0m
[00:00:14.599,334] [0m<dbg> zmk: zmk_hid_mouse_movement_set: Mouse movement set to 2/3[0m
[00:00:14.599,395] [0m<dbg> zmk: zmk_hid_mouse_scroll_set: Mouse scroll set to 0/0[0m
[00:00:14.599,395] [0m<dbg> zmk: zmk_hid_mouse_movement_set: Mouse movement set to 0/0[0m
[00:00:14.607,269] [0m<dbg> zmk: apply_config: LISTENER INDEX: 0[0m
[00:00:14.607,299] [0m<dbg> zmk: scale_val: scaled 1 with 1/1 to 1 with remainder 0[0m
[00:00:14.607,360] [0m<dbg> zmk: apply_config: LISTENER INDEX: 0[0m
[00:00:14.607,360] [0m<dbg> zmk: scale_val: scaled 2 with 1/1 to 2 with remainder 0[0m
[00:00:14.607,391] [0m<dbg> zmk: zmk_hid_mouse_movement_set: Mouse movement set to 1/2[0m
[00:00:14.607,452] [0m<dbg> zmk: zmk_hid_mouse_scroll_set: Mouse scroll set to 0/0[0m
[00:00:14.607,452] [0m<dbg> zmk: zmk_hid_mouse_movement_set: Mouse movement set to 0/0[0m
[00:00:14.614,044] [0m<dbg> zmk: apply_config: LISTENER INDEX: 0[0m
[00:00:14.614,074] [0m<dbg> zmk: scale_val: scaled 0 with 1/1 to 0 with remainder 0[0m
[00:00:14.614,135] [0m<dbg> zmk: apply_config: LISTENER INDEX: 0[0m
[00:00:14.614,135] [0m<dbg> zmk: scale_val: scaled -1 with 1/1 to -1 with remainder 0[0m
[00:00:14.614,166] [0m<dbg> zmk: zmk_hid_mouse_movement_set: Mouse movement set to 0/-1[0m
[00:00:14.614,227] [0m<dbg> zmk: zmk_hid_mouse_scroll_set: Mouse scroll set to 0/0[0m
[00:00:14.614,227] [0m<dbg> zmk: zmk_hid_mouse_movement_set: Mouse movement set to 0/0[0m
[00:00:14.622,100] [0m<dbg> zmk: apply_config: LISTENER INDEX: 0[0m
[00:00:14.622,100] [0m<dbg> zmk: scale_val: scaled 0 with 1/1 to 0 with remainder 0[0m
[00:00:14.622,161] [0m<dbg> zmk: apply_config: LISTENER INDEX: 0[0m
[00:00:14.622,192] [0m<dbg> zmk: scale_val: scaled -2 with 1/1 to -2 with remainder 0[0m
[00:00:14.622,192] [0m<dbg> zmk: zmk_hid_mouse_movement_set: Mouse movement set to 0/-2[0m
[00:00:14.622,253] [0m<dbg> zmk: zmk_hid_mouse_scroll_set: Mouse scroll set to 0/0[0m
[00:00:14.622,283] [0m<dbg> zmk: zmk_hid_mouse_movement_set: Mouse movement set to 0/0[0m
[00:00:14.631,530] [0m<dbg> zmk: apply_config: LISTENER INDEX: 0[0m
[00:00:14.631,561] [0m<dbg> zmk: scale_val: scaled -2 with 1/1 to -2 with remainder 0[0m
[00:00:14.631,622] [0m<dbg> zmk: apply_config: LISTENER INDEX: 0[0m
[00:00:14.631,622] [0m<dbg> zmk: scale_val: scaled -3 with 1/1 to -3 with remainder 0[0m
[00:00:14.631,652] [0m<dbg> zmk: zmk_hid_mouse_movement_set: Mouse movement set to -2/-3[0m
[00:00:14.631,713] [0m<dbg> zmk: zmk_hid_mouse_scroll_set: Mouse scroll set to 0/0[0m
[00:00:14.631,713] [0m<dbg> zmk: zmk_hid_mouse_movement_set: Mouse movement set to 0/0[0m
[00:00:14.639,526] [0m<dbg> zmk: apply_config: LISTENER INDEX: 0[0m
[00:00:14.639,526] [0m<dbg> zmk: scale_val: scaled -2 with 1/1 to -2 with remainder 0[0m
[00:00:14.639,587] [0m<dbg> zmk: apply_config: LISTENER INDEX: 0[0m
[00:00:14.639,617] [0m<dbg> zmk: scale_val: scaled -5 with 1/1 to -5 with remainder 0[0m
[00:00:14.639,617] [0m<dbg> zmk: zmk_hid_mouse_movement_set: Mouse movement set to -2/-5[0m
[00:00:14.639,678] [0m<dbg> zmk: zmk_hid_mouse_scroll_set: Mouse scroll set to 0/0[0m
[00:00:14.639,709] [0m<dbg> zmk: zmk_hid_mouse_movement_set: Mouse movement set to 0/0[0m
[00:00:14.646,820] [0m<dbg> zmk: apply_config: LISTENER INDEX: 0[0m
[00:00:14.646,850] [0m<dbg> zmk: scale_val: scaled -2 with 1/1 to -2 with remainder 0[0m
[00:00:14.646,911] [0m<dbg> zmk: apply_config: LISTENER INDEX: 0[0m
[00:00:14.646,942] [0m<dbg> zmk: scale_val: scaled -11 with 1/1 to -11 with remainder 0[0m
[00:00:14.646,942] [0m<dbg> zmk: zmk_hid_mouse_movement_set: Mouse movement set to -2/-11[0m
[00:00:14.647,003] [0m<dbg> zmk: zmk_hid_mouse_scroll_set: Mouse scroll set to 0/0[0m
[00:00:14.647,003] [0m<dbg> zmk: zmk_hid_mouse_movement_set: Mouse movement set to 0/0[0m
[00:00:14.654,907] [0m<dbg> zmk: apply_config: LISTENER INDEX: 0[0m
[00:00:14.654,937] [0m<dbg> zmk: scale_val: scaled -5 with 1/1 to -5 with remainder 0[0m
[00:00:14.654,998] [0m<dbg> zmk: apply_config: LISTENER INDEX: 0[0m
[00:00:14.655,029] [0m<dbg> zmk: scale_val: scaled -11 with 1/1 to -11 with remainder 0[0m
[00:00:14.655,029] [0m<dbg> zmk: zmk_hid_mouse_movement_set: Mouse movement set to -5/-11[0m
[00:00:14.655,090] [0m<dbg> zmk: zmk_hid_mouse_scroll_set: Mouse scroll set to 0/0[0m
[00:00:14.655,120] [0m<dbg> zmk: zmk_hid_mouse_movement_set: Mouse movement set to 0/0[0m
[00:00:14.663,696] [0m<dbg> zmk: apply_config: LISTENER INDEX: 0[0m
[00:00:14.663,696] [0m<dbg> zmk: scale_val: scaled -5 with 1/1 to -5 with remainder 0[0m
[00:00:14.663,757] [0m<dbg> zmk: apply_config: LISTENER INDEX: 0[0m
[00:00:14.663,787] [0m<dbg> zmk: scale_val: scaled -18 with 1/1 to -18 with remainder 0[0m
[00:00:14.663,787] [0m<dbg> zmk: zmk_hid_mouse_movement_set: Mouse movement set to -5/-18[0m
[00:00:14.663,848] [0m<dbg> zmk: zmk_hid_mouse_scroll_set: Mouse scroll set to 0/0[0m
[00:00:14.663,879] [0m<dbg> zmk: zmk_hid_mouse_movement_set: Mouse movement set to 0/0[0m
[00:00:14.671,752] [0m<dbg> zmk: apply_config: LISTENER INDEX: 0[0m
[00:00:14.671,783] [0m<dbg> zmk: scale_val: scaled -7 with 1/1 to -7 with remainder 0[0m
[00:00:14.671,844] [0m<dbg> zmk: apply_config: LISTENER INDEX: 0[0m
[00:00:14.671,844] [0m<dbg> zmk: scale_val: scaled -27 with 1/1 to -27 with remainder 0[0m
[00:00:14.671,997] [0m<dbg> zmk: zmk_hid_mouse_movement_set: Mouse movement set to -7/-27[0m
[00:00:14.672,119] [0m<dbg> zmk: zmk_hid_mouse_scroll_set: Mouse scroll set to 0/0[0m
[00:00:14.672,119] [0m<dbg> zmk: zmk_hid_mouse_movement_set: Mouse movement set to 0/0[0m
[00:00:14.679,809] [0m<dbg> zmk: apply_config: LISTENER INDEX: 0[0m
[00:00:14.679,840] [0m<dbg> zmk: scale_val: scaled -9 with 1/1 to -9 with remainder 0[0m
[00:00:14.679,870] [0m<dbg> zmk: apply_config: LISTENER INDEX: 0[0m
[00:00:14.679,901] [0m<dbg> zmk: scale_val: scaled -27 with 1/1 to -27 with remainder 0[0m
[00:00:14.679,931] [0m<dbg> zmk: zmk_hid_mouse_movement_set: Mouse movement set to -9/-27[0m
[00:00:14.680,023] [0m<dbg> zmk: zmk_hid_mouse_scroll_set: Mouse scroll set to 0/0[0m
[00:00:14.680,023] [0m<dbg> zmk: zmk_hid_mouse_movement_set: Mouse movement set to 0/0[0m
[00:00:14.687,133] [0m<dbg> zmk: apply_config: LISTENER INDEX: 0[0m
[00:00:14.687,164] [0m<dbg> zmk: scale_val: scaled -9 with 1/1 to -9 with remainder 0[0m
[00:00:14.687,194] [0m<dbg> zmk: apply_config: LISTENER INDEX: 0[0m
[00:00:14.687,225] [0m<dbg> zmk: scale_val: scaled -30 with 1/1 to -30 with remainder 0[0m
[00:00:14.687,255] [0m<dbg> zmk: zmk_hid_mouse_movement_set: Mouse movement set to -9/-30[0m
[00:00:14.687,286] [0m<dbg> zmk: zmk_hid_mouse_scroll_set: Mouse scroll set to 0/0[0m
[00:00:14.687,316] [0m<dbg> zmk: zmk_hid_mouse_movement_set: Mouse movement set to 0/0[0m
[00:00:14.695,190] [0m<dbg> zmk: apply_config: LISTENER INDEX: 0[0m
[00:00:14.695,220] [0m<dbg> zmk: scale_val: scaled -11 with 1/1 to -11 with remainder 0[0m
[00:00:14.695,281] [0m<dbg> zmk: apply_config: LISTENER INDEX: 0[0m
[00:00:14.695,281] [0m<dbg> zmk: scale_val: scaled -45 with 1/1 to -45 with remainder 0[0m
[00:00:14.695,312] [0m<dbg> zmk: zmk_hid_mouse_movement_set: Mouse movement set to -11/-45[0m
[00:00:14.695,373] [0m<dbg> zmk: zmk_hid_mouse_scroll_set: Mouse scroll set to 0/0[0m
[00:00:14.695,373] [0m<dbg> zmk: zmk_hid_mouse_movement_set: Mouse movement set to 0/0[0m
[00:00:14.703,277] [0m<dbg> zmk: apply_config: LISTENER INDEX: 0[0m
[00:00:14.703,277] [0m<dbg> zmk: scale_val: scaled -11 with 1/1 to -11 with remainder 0[0m
[00:00:14.703,338] [0m<dbg> zmk: apply_config: LISTENER INDEX: 0[0m
[00:00:14.703,369] [0m<dbg> zmk: scale_val: scaled -53 with 1/1 to -53 with remainder 0[0m
[00:00:14.703,369] [0m<dbg> zmk: zmk_hid_mouse_movement_set: Mouse movement set to -11/-53[0m
[00:00:14.703,430] [0m<dbg> zmk: zmk_hid_mouse_scroll_set: Mouse scroll set to 0/0[0m
[00:00:14.703,460] [0m<dbg> zmk: zmk_hid_mouse_movement_set: Mouse movement set to 0/0[0m
[00:00:14.711,334] [0m<dbg> zmk: apply_config: LISTENER INDEX: 0[0m
[00:00:14.711,364] [0m<dbg> zmk: scale_val: scaled -13 with 1/1 to -13 with remainder 0[0m
[00:00:14.711,425] [0m<dbg> zmk: apply_config: LISTENER INDEX: 0[0m
[00:00:14.711,425] [0m<dbg> zmk: scale_val: scaled -72 with 1/1 to -72 with remainder 0[0m
[00:00:14.711,456] [0m<dbg> zmk: zmk_hid_mouse_movement_set: Mouse movement set to -13/-72[0m
[00:00:14.711,517] [0m<dbg> zmk: zmk_hid_mouse_scroll_set: Mouse scroll set to 0/0[0m
[00:00:14.711,517] [0m<dbg> zmk: zmk_hid_mouse_movement_set: Mouse movement set to 0/0[0m
[00:00:14.719,421] [0m<dbg> zmk: apply_config: LISTENER INDEX: 0[0m
[00:00:14.719,451] [0m<dbg> zmk: scale_val: scaled -13 with 1/1 to -13 with remainder 0[0m
[00:00:14.719,512] [0m<dbg> zmk: apply_config: LISTENER INDEX: 0[0m
[00:00:14.719,543] [0m<dbg> zmk: scale_val: scaled -105 with 1/1 to -105 with remainder 0[0m
[00:00:14.719,543] [0m<dbg> zmk: zmk_hid_mouse_movement_set: Mouse movement set to -13/-105[0m
[00:00:14.719,604] [0m<dbg> zmk: zmk_hid_mouse_scroll_set: Mouse scroll set to 0/0[0m
[00:00:14.719,604] [0m<dbg> zmk: zmk_hid_mouse_movement_set: Mouse movement set to 0/0[0m
[00:00:14.727,478] [0m<dbg> zmk: apply_config: LISTENER INDEX: 0[0m
[00:00:14.727,478] [0m<dbg> zmk: scale_val: scaled -11 with 1/1 to -11 with remainder 0[0m
[00:00:14.727,539] [0m<dbg> zmk: apply_config: LISTENER INDEX: 0[0m
[00:00:14.727,569] [0m<dbg> zmk: scale_val: scaled -158 with 1/1 to -158 with remainder 0[0m
[00:00:14.727,569] [0m<dbg> zmk: zmk_hid_mouse_movement_set: Mouse movement set to -11/-158[0m
[00:00:14.727,630] [0m<dbg> zmk: zmk_hid_mouse_scroll_set: Mouse scroll set to 0/0[0m
[00:00:14.727,783] [0m<dbg> zmk: zmk_hid_mouse_movement_set: Mouse movement set to 0/0[0m
[00:00:14.735,534] [0m<dbg> zmk: apply_config: LISTENER INDEX: 0[0m
[00:00:14.735,534] [0m<dbg> zmk: scale_val: scaled -3 with 1/1 to -3 with remainder 0[0m
[00:00:14.735,656] [0m<dbg> zmk: apply_config: LISTENER INDEX: 0[0m
[00:00:14.735,656] [0m<dbg> zmk: scale_val: scaled -213 with 1/1 to -213 with remainder 0[0m
[00:00:14.735,687] [0m<dbg> zmk: zmk_hid_mouse_movement_set: Mouse movement set to -3/-213[0m
[00:00:14.735,748] [0m<dbg> zmk: zmk_hid_mouse_scroll_set: Mouse scroll set to 0/0[0m
[00:00:14.735,748] [0m<dbg> zmk: zmk_hid_mouse_movement_set: Mouse movement set to 0/0[0m
[00:00:14.743,591] [0m<dbg> zmk: apply_config: LISTENER INDEX: 0[0m
[00:00:14.743,591] [0m<dbg> zmk: scale_val: scaled 0 with 1/1 to 0 with remainder 0[0m
[00:00:14.743,652] [0m<dbg> zmk: apply_config: LISTENER INDEX: 0[0m
[00:00:14.743,682] [0m<dbg> zmk: scale_val: scaled -173 with 1/1 to -173 with remainder 0[0m
[00:00:14.743,682] [0m<dbg> zmk: zmk_hid_mouse_movement_set: Mouse movement set to 0/-173[0m
[00:00:14.743,743] [0m<dbg> zmk: zmk_hid_mouse_scroll_set: Mouse scroll set to 0/0[0m
[00:00:14.743,774] [0m<dbg> zmk: zmk_hid_mouse_movement_set: Mouse movement set to 0/0[0m
[00:00:14.751,770] [0m<dbg> zmk: apply_config: LISTENER INDEX: 0[0m
[00:00:14.751,770] [0m<dbg> zmk: scale_val: scaled 0 with 1/1 to 0 with remainder 0[0m
[00:00:14.751,831] [0m<dbg> zmk: apply_config: LISTENER INDEX: 0[0m
[00:00:14.751,861] [0m<dbg> zmk: scale_val: scaled -173 with 1/1 to -173 with remainder 0[0m
[00:00:14.751,861] [0m<dbg> zmk: zmk_hid_mouse_movement_set: Mouse movement set to 0/-173[0m
[00:00:14.751,922] [0m<dbg> zmk: zmk_hid_mouse_scroll_set: Mouse scroll set to 0/0[0m
[00:00:14.751,953] [0m<dbg> zmk: zmk_hid_mouse_movement_set: Mouse movement set to 0/0[0m
[00:00:14.760,528] [0m<dbg> zmk: apply_config: LISTENER INDEX: 0[0m
[00:00:14.760,559] [0m<dbg> zmk: scale_val: scaled -3 with 1/1 to -3 with remainder 0[0m
[00:00:14.760,620] [0m<dbg> zmk: apply_config: LISTENER INDEX: 0[0m
[00:00:14.760,620] [0m<dbg> zmk: scale_val: scaled -130 with 1/1 to -130 with remainder 0[0m
[00:00:14.760,650] [0m<dbg> zmk: zmk_hid_mouse_movement_set: Mouse movement set to -3/-130[0m
[00:00:14.760,711] [0m<dbg> zmk: zmk_hid_mouse_scroll_set: Mouse scroll set to 0/0[0m
[00:00:14.760,711] [0m<dbg> zmk: zmk_hid_mouse_movement_set: Mouse movement set to 0/0[0m
[00:00:14.768,524] [0m<dbg> zmk: apply_config: LISTENER INDEX: 0[0m
[00:00:14.768,554] [0m<dbg> zmk: scale_val: scaled -7 with 1/1 to -7 with remainder 0[0m
[00:00:14.768,585] [0m<dbg> zmk: apply_config: LISTENER INDEX: 0[0m
[00:00:14.768,615] [0m<dbg> zmk: scale_val: scaled -93 with 1/1 to -93 with remainder 0[0m
[00:00:14.768,646] [0m<dbg> zmk: zmk_hid_mouse_movement_set: Mouse movement set to -7/-93[0m
[00:00:14.768,707] [0m<dbg> zmk: zmk_hid_mouse_scroll_set: Mouse scroll set to 0/0[0m
[00:00:14.768,707] [0m<dbg> zmk: zmk_hid_mouse_movement_set: Mouse movement set to 0/0[0m
[00:00:14.776,000] [0m<dbg> zmk: apply_config: LISTENER INDEX: 0[0m
[00:00:14.776,031] [0m<dbg> zmk: scale_val: scaled -11 with 1/1 to -11 with remainder 0[0m
[00:00:14.776,062] [0m<dbg> zmk: apply_config: LISTENER INDEX: 0[0m
[00:00:14.776,092] [0m<dbg> zmk: scale_val: scaled -67 with 1/1 to -67 with remainder 0[0m
[00:00:14.776,123] [0m<dbg> zmk: zmk_hid_mouse_movement_set: Mouse movement set to -11/-67[0m
[00:00:14.776,153] [0m<dbg> zmk: zmk_hid_mouse_scroll_set: Mouse scroll set to 0/0[0m
[00:00:14.776,184] [0m<dbg> zmk: zmk_hid_mouse_movement_set: Mouse movement set to 0/0[0m
[00:00:14.783,874] [0m<dbg> zmk: apply_config: LISTENER INDEX: 0[0m
[00:00:14.783,874] [0m<dbg> zmk: scale_val: scaled -11 with 1/1 to -11 with remainder 0[0m
[00:00:14.783,935] [0m<dbg> zmk: apply_config: LISTENER INDEX: 0[0m
[00:00:14.783,966] [0m<dbg> zmk: scale_val: scaled -49 with 1/1 to -49 with remainder 0[0m
[00:00:14.783,966] [0m<dbg> zmk: zmk_hid_mouse_movement_set: Mouse movement set to -11/-49[0m
[00:00:14.784,027] [0m<dbg> zmk: zmk_hid_mouse_scroll_set: Mouse scroll set to 0/0[0m
[00:00:14.784,057] [0m<dbg> zmk: zmk_hid_mouse_movement_set: Mouse movement set to 0/0[0m
[00:00:14.792,846] [0m<dbg> zmk: apply_config: LISTENER INDEX: 0[0m
[00:00:14.792,877] [0m<dbg> zmk: scale_val: scaled -9 with 1/1 to -9 with remainder 0[0m
[00:00:14.792,938] [0m<dbg> zmk: apply_config: LISTENER INDEX: 0[0m
[00:00:14.792,938] [0m<dbg> zmk: scale_val: scaled -37 with 1/1 to -37 with remainder 0[0m
[00:00:14.792,968] [0m<dbg> zmk: zmk_hid_mouse_movement_set: Mouse movement set to -9/-37[0m
[00:00:14.792,999] [0m<dbg> zmk: zmk_hid_mouse_scroll_set: Mouse scroll set to 0/0[0m
[00:00:14.793,029] [0m<dbg> zmk: zmk_hid_mouse_movement_set: Mouse movement set to 0/0[0m
[00:00:14.800,689] [0m<dbg> zmk: apply_config: LISTENER INDEX: 0[0m
[00:00:14.800,720] [0m<dbg> zmk: scale_val: scaled -9 with 1/1 to -9 with remainder 0[0m
[00:00:14.800,781] [0m<dbg> zmk: apply_config: LISTENER INDEX: 0[0m
[00:00:14.800,781] [0m<dbg> zmk: scale_val: scaled -24 with 1/1 to -24 with remainder 0[0m
[00:00:14.800,811] [0m<dbg> zmk: zmk_hid_mouse_movement_set: Mouse movement set to -9/-24[0m
[00:00:14.800,872] [0m<dbg> zmk: zmk_hid_mouse_scroll_set: Mouse scroll set to 0/0[0m
[00:00:14.800,872] [0m<dbg> zmk: zmk_hid_mouse_movement_set: Mouse movement set to 0/0[0m
[00:00:14.807,525] [0m<dbg> zmk: apply_config: LISTENER INDEX: 0[0m
[00:00:14.807,556] [0m<dbg> zmk: scale_val: scaled -2 with 1/1 to -2 with remainder 0[0m
[00:00:14.807,617] [0m<dbg> zmk: apply_config: LISTENER INDEX: 0[0m
[00:00:14.807,617] [0m<dbg> zmk: scale_val: scaled -5 with 1/1 to -5 with remainder 0[0m
[00:00:14.807,647] [0m<dbg> zmk: zmk_hid_mouse_movement_set: Mouse movement set to -2/-5[0m
[00:00:14.807,708] [0m<dbg> zmk: zmk_hid_mouse_scroll_set: Mouse scroll set to 0/0[0m
[00:00:14.807,708] [0m<dbg> zmk: zmk_hid_mouse_movement_set: Mouse movement set to 0/0[0m
[00:00:14.815,704] [0m<dbg> zmk: apply_config: LISTENER INDEX: 0[0m
[00:00:14.815,704] [0m<dbg> zmk: scale_val: scaled -1 with 1/1 to -1 with remainder 0[0m
[00:00:14.815,765] [0m<dbg> zmk: apply_config: LISTENER INDEX: 0[0m
[00:00:14.815,795] [0m<dbg> zmk: scale_val: scaled -3 with 1/1 to -3 with remainder 0[0m
[00:00:14.815,795] [0m<dbg> zmk: zmk_hid_mouse_movement_set: Mouse movement set to -1/-3[0m
[00:00:14.815,856] [0m<dbg> zmk: zmk_hid_mouse_scroll_set: Mouse scroll set to 0/0[0m
[00:00:14.815,856] [0m<dbg> zmk: zmk_hid_mouse_movement_set: Mouse movement set to 0/0[0m
[00:00:14.824,920] [0m<dbg> zmk: apply_config: LISTENER INDEX: 0[0m
[00:00:14.824,951] [0m<dbg> zmk: scale_val: scaled -2 with 1/1 to -2 with remainder 0[0m
[00:00:14.824,981] [0m<dbg> zmk: apply_config: LISTENER INDEX: 0[0m
[00:00:14.825,012] [0m<dbg> zmk: scale_val: scaled -2 with 1/1 to -2 with remainder 0[0m
[00:00:14.825,042] [0m<dbg> zmk: zmk_hid_mouse_movement_set: Mouse movement set to -2/-2[0m
[00:00:14.825,103] [0m<dbg> zmk: zmk_hid_mouse_scroll_set: Mouse scroll set to 0/0[0m
[00:00:14.825,103] [0m<dbg> zmk: zmk_hid_mouse_movement_set: Mouse movement set to 0/0[0m
[00:00:14.832,946] [0m<dbg> zmk: apply_config: LISTENER INDEX: 0[0m
[00:00:14.832,977] [0m<dbg> zmk: scale_val: scaled -1 with 1/1 to -1 with remainder 0[0m
[00:00:14.833,038] [0m<dbg> zmk: apply_config: LISTENER INDEX: 0[0m
[00:00:14.833,038] [0m<dbg> zmk: scale_val: scaled -2 with 1/1 to -2 with remainder 0[0m
[00:00:14.833,068] [0m<dbg> zmk: zmk_hid_mouse_movement_set: Mouse movement set to -1/-2[0m
[00:00:14.833,221] [0m<dbg> zmk: zmk_hid_mouse_scroll_set: Mouse scroll set to 0/0[0m
[00:00:14.833,251] [0m<dbg> zmk: zmk_hid_mouse_movement_set: Mouse movement set to 0/0[0m
[00:00:14.865,325] [0m<dbg> zmk: apply_config: LISTENER INDEX: 0[0m
[00:00:14.865,356] [0m<dbg> zmk: scale_val: scaled 0 with 1/1 to 0 with remainder 0[0m
[00:00:14.865,417] [0m<dbg> zmk: apply_config: LISTENER INDEX: 0[0m
[00:00:14.865,417] [0m<dbg> zmk: scale_val: scaled 11 with 1/1 to 11 with remainder 0[0m
[00:00:14.865,447] [0m<dbg> zmk: zmk_hid_mouse_movement_set: Mouse movement set to 0/11[0m
[00:00:14.865,509] [0m<dbg> zmk: zmk_hid_mouse_scroll_set: Mouse scroll set to 0/0[0m
[00:00:14.865,509] [0m<dbg> zmk: zmk_hid_mouse_movement_set: Mouse movement set to 0/0[0m
[00:00:14.873,291] [0m<dbg> zmk: apply_config: LISTENER INDEX: 0[0m
[00:00:14.873,321] [0m<dbg> zmk: scale_val: scaled 1 with 1/1 to 1 with remainder 0[0m
[00:00:14.873,382] [0m<dbg> zmk: apply_config: LISTENER INDEX: 0[0m
[00:00:14.873,443] [0m<dbg> zmk: scale_val: scaled 21 with 1/1 to 21 with remainder 0[0m
[00:00:14.873,474] [0m<dbg> zmk: zmk_hid_mouse_movement_set: Mouse movement set to 1/21[0m
[00:00:14.873,504] [0m<dbg> zmk: zmk_hid_mouse_scroll_set: Mouse scroll set to 0/0[0m
[00:00:14.873,535] [0m<dbg> zmk: zmk_hid_mouse_movement_set: Mouse movement set to 0/0[0m
[00:00:14.880,828] [0m<dbg> zmk: apply_config: LISTENER INDEX: 0[0m
[00:00:14.880,828] [0m<dbg> zmk: scale_val: scaled 3 with 1/1 to 3 with remainder 0[0m
[00:00:14.880,889] [0m<dbg> zmk: apply_config: LISTENER INDEX: 0[0m
[00:00:14.880,920] [0m<dbg> zmk: scale_val: scaled 33 with 1/1 to 33 with remainder 0[0m
[00:00:14.880,920] [0m<dbg> zmk: zmk_hid_mouse_movement_set: Mouse movement set to 3/33[0m
[00:00:14.880,981] [0m<dbg> zmk: zmk_hid_mouse_scroll_set: Mouse scroll set to 0/0[0m
[00:00:14.881,011] [0m<dbg> zmk: zmk_hid_mouse_movement_set: Mouse movement set to 0/0[0m
[00:00:14.888,702] [0m<dbg> zmk: apply_config: LISTENER INDEX: 0[0m
[00:00:14.888,702] [0m<dbg> zmk: scale_val: scaled 3 with 1/1 to 3 with remainder 0[0m
[00:00:14.888,763] [0m<dbg> zmk: apply_config: LISTENER INDEX: 0[0m
[00:00:14.888,793] [0m<dbg> zmk: scale_val: scaled 49 with 1/1 to 49 with remainder 0[0m
[00:00:14.888,793] [0m<dbg> zmk: zmk_hid_mouse_movement_set: Mouse movement set to 3/49[0m
[00:00:14.888,854] [0m<dbg> zmk: zmk_hid_mouse_scroll_set: Mouse scroll set to 0/0[0m
[00:00:14.888,885] [0m<dbg> zmk: zmk_hid_mouse_movement_set: Mouse movement set to 0/0[0m
[00:00:14.896,759] [0m<dbg> zmk: apply_config: LISTENER INDEX: 0[0m
[00:00:14.896,759] [0m<dbg> zmk: scale_val: scaled 3 with 1/1 to 3 with remainder 0[0m
[00:00:14.896,820] [0m<dbg> zmk: apply_config: LISTENER INDEX: 0[0m
[00:00:14.896,850] [0m<dbg> zmk: scale_val: scaled 49 with 1/1 to 49 with remainder 0[0m
[00:00:14.896,850] [0m<dbg> zmk: zmk_hid_mouse_movement_set: Mouse movement set to 3/49[0m
[00:00:14.896,911] [0m<dbg> zmk: zmk_hid_mouse_scroll_set: Mouse scroll set to 0/0[0m
[00:00:14.896,911] [0m<dbg> zmk: zmk_hid_mouse_movement_set: Mouse movement set to 0/0[0m
[00:00:14.904,815] [0m<dbg> zmk: apply_config: LISTENER INDEX: 0[0m
[00:00:14.904,846] [0m<dbg> zmk: scale_val: scaled 7 with 1/1 to 7 with remainder 0[0m
[00:00:14.904,876] [0m<dbg> zmk: apply_config: LISTENER INDEX: 0[0m
[00:00:14.904,907] [0m<dbg> zmk: scale_val: scaled 77 with 1/1 to 77 with remainder 0[0m
[00:00:14.904,937] [0m<dbg> zmk: zmk_hid_mouse_movement_set: Mouse movement set to 7/77[0m
[00:00:14.904,968] [0m<dbg> zmk: zmk_hid_mouse_scroll_set: Mouse scroll set to 0/0[0m
[00:00:14.904,998] [0m<dbg> zmk: zmk_hid_mouse_movement_set: Mouse movement set to 0/0[0m
[00:00:14.912,872] [0m<dbg> zmk: apply_config: LISTENER INDEX: 0[0m
[00:00:14.912,902] [0m<dbg> zmk: scale_val: scaled 2 with 1/1 to 2 with remainder 0[0m
[00:00:14.912,963] [0m<dbg> zmk: apply_config: LISTENER INDEX: 0[0m
[00:00:14.912,963] [0m<dbg> zmk: scale_val: scaled 105 with 1/1 to 105 with remainder 0[0m
[00:00:14.912,994] [0m<dbg> zmk: zmk_hid_mouse_movement_set: Mouse movement set to 2/105[0m
[00:00:14.913,055] [0m<dbg> zmk: zmk_hid_mouse_scroll_set: Mouse scroll set to 0/0[0m
[00:00:14.913,055] [0m<dbg> zmk: zmk_hid_mouse_movement_set: Mouse movement set to 0/0[0m
[00:00:14.920,959] [0m<dbg> zmk: apply_config: LISTENER INDEX: 0[0m
[00:00:14.920,989] [0m<dbg> zmk: scale_val: scaled 2 with 1/1 to 2 with remainder 0[0m
[00:00:14.921,051] [0m<dbg> zmk: apply_config: LISTENER INDEX: 0[0m
[00:00:14.921,051] [0m<dbg> zmk: scale_val: scaled 111 with 1/1 to 111 with remainder 0[0m
[00:00:14.921,081] [0m<dbg> zmk: zmk_hid_mouse_movement_set: Mouse movement set to 2/111[0m
[00:00:14.921,142] [0m<dbg> zmk: zmk_hid_mouse_scroll_set: Mouse scroll set to 0/0[0m
[00:00:14.921,142] [0m<dbg> zmk: zmk_hid_mouse_movement_set: Mouse movement set to 0/0[0m
[00:00:14.929,016] [0m<dbg> zmk: apply_config: LISTENER INDEX: 0[0m
[00:00:14.929,046] [0m<dbg> zmk: scale_val: scaled 5 with 1/1 to 5 with remainder 0[0m
[00:00:14.929,107] [0m<dbg> zmk: apply_config: LISTENER INDEX: 0[0m
[00:00:14.929,138] [0m<dbg> zmk: scale_val: scaled 99 with 1/1 to 99 with remainder 0[0m
[00:00:14.929,138] [0m<dbg> zmk: zmk_hid_mouse_movement_set: Mouse movement set to 5/99[0m
[00:00:14.929,199] [0m<dbg> zmk: zmk_hid_mouse_scroll_set: Mouse scroll set to 0/0[0m
[00:00:14.929,199] [0m<dbg> zmk: zmk_hid_mouse_movement_set: Mouse movement set to 0/0[0m
[00:00:14.937,072] [0m<dbg> zmk: apply_config: LISTENER INDEX: 0[0m
[00:00:14.937,072] [0m<dbg> zmk: scale_val: scaled 7 with 1/1 to 7 with remainder 0[0m
[00:00:14.937,133] [0m<dbg> zmk: apply_config: LISTENER INDEX: 0[0m
[00:00:14.937,164] [0m<dbg> zmk: scale_val: scaled 105 with 1/1 to 105 with remainder 0[0m
[00:00:14.937,164] [0m<dbg> zmk: zmk_hid_mouse_movement_set: Mouse movement set to 7/105[0m
[00:00:14.937,225] [0m<dbg> zmk: zmk_hid_mouse_scroll_set: Mouse scroll set to 0/0[0m
[00:00:14.937,255] [0m<dbg> zmk: zmk_hid_mouse_movement_set: Mouse movement set to 0/0[0m
[00:00:14.945,129] [0m<dbg> zmk: apply_config: LISTENER INDEX: 0[0m
[00:00:14.945,159] [0m<dbg> zmk: scale_val: scaled 13 with 1/1 to 13 with remainder 0[0m
[00:00:14.945,220] [0m<dbg> zmk: apply_config: LISTENER INDEX: 0[0m
[00:00:14.945,220] [0m<dbg> zmk: scale_val: scaled 123 with 1/1 to 123 with remainder 0[0m
[00:00:14.945,251] [0m<dbg> zmk: zmk_hid_mouse_movement_set: Mouse movement set to 13/123[0m
[00:00:14.945,281] [0m<dbg> zmk: zmk_hid_mouse_scroll_set: Mouse scroll set to 0/0[0m
[00:00:14.945,312] [0m<dbg> zmk: zmk_hid_mouse_movement_set: Mouse movement set to 0/0[0m
[00:00:14.953,308] [0m<dbg> zmk: apply_config: LISTENER INDEX: 0[0m
[00:00:14.953,308] [0m<dbg> zmk: scale_val: scaled 13 with 1/1 to 13 with remainder 0[0m
[00:00:14.953,369] [0m<dbg> zmk: apply_config: LISTENER INDEX: 0[0m
[00:00:14.953,399] [0m<dbg> zmk: scale_val: scaled 111 with 1/1 to 111 with remainder 0[0m
[00:00:14.953,399] [0m<dbg> zmk: zmk_hid_mouse_movement_set: Mouse movement set to 13/111[0m
[00:00:14.953,460] [0m<dbg> zmk: zmk_hid_mouse_scroll_set: Mouse scroll set to 0/0[0m
[00:00:14.953,582] [0m<dbg> zmk: zmk_hid_mouse_movement_set: Mouse movement set to 0/0[0m
[00:00:14.961,364] [0m<dbg> zmk: apply_config: LISTENER INDEX: 0[0m
[00:00:14.961,395] [0m<dbg> zmk: scale_val: scaled 18 with 1/1 to 18 with remainder 0[0m
[00:00:14.961,456] [0m<dbg> zmk: apply_config: LISTENER INDEX: 0[0m
[00:00:14.961,456] [0m<dbg> zmk: scale_val: scaled 117 with 1/1 to 117 with remainder 0[0m
[00:00:14.961,486] [0m<dbg> zmk: zmk_hid_mouse_movement_set: Mouse movement set to 18/117[0m
[00:00:14.961,547] [0m<dbg> zmk: zmk_hid_mouse_scroll_set: Mouse scroll set to 0/0[0m
[00:00:14.961,547] [0m<dbg> zmk: zmk_hid_mouse_movement_set: Mouse movement set to 0/0[0m
[00:00:14.969,329] [0m<dbg> zmk: apply_config: LISTENER INDEX: 0[0m
[00:00:14.969,360] [0m<dbg> zmk: scale_val: scaled 15 with 1/1 to 15 with remainder 0[0m
[00:00:14.969,421] [0m<dbg> zmk: apply_config: LISTENER INDEX: 0[0m
[00:00:14.969,421] [0m<dbg> zmk: scale_val: scaled 99 with 1/1 to 99 with remainder 0[0m
[00:00:14.969,451] [0m<dbg> zmk: zmk_hid_mouse_movement_set: Mouse movement set to 15/99[0m
[00:00:14.969,512] [0m<dbg> zmk: zmk_hid_mouse_scroll_set: Mouse scroll set to 0/0[0m
[00:00:14.969,512] [0m<dbg> zmk: zmk_hid_mouse_movement_set: Mouse movement set to 0/0[0m
[00:00:14.978,118] [0m<dbg> zmk: apply_config: LISTENER INDEX: 0[0m
[00:00:14.978,118] [0m<dbg> zmk: scale_val: scaled 11 with 1/1 to 11 with remainder 0[0m
[00:00:14.978,210] [0m<dbg> zmk: apply_config: LISTENER INDEX: 0[0m
[00:00:14.978,240] [0m<dbg> zmk: scale_val: scaled 62 with 1/1 to 62 with remainder 0[0m
[00:00:14.978,240] [0m<dbg> zmk: zmk_hid_mouse_movement_set: Mouse movement set to 11/62[0m
[00:00:14.978,302] [0m<dbg> zmk: zmk_hid_mouse_scroll_set: Mouse scroll set to 0/0[0m
[00:00:14.978,332] [0m<dbg> zmk: zmk_hid_mouse_movement_set: Mouse movement set to 0/0[0m
[00:00:14.986,145] [0m<dbg> zmk: apply_config: LISTENER INDEX: 0[0m
[00:00:14.986,175] [0m<dbg> zmk: scale_val: scaled 9 with 1/1 to 9 with remainder 0[0m
[00:00:14.986,236] [0m<dbg> zmk: apply_config: LISTENER INDEX: 0[0m
[00:00:14.986,236] [0m<dbg> zmk: scale_val: scaled 53 with 1/1 to 53 with remainder 0[0m
[00:00:14.986,267] [0m<dbg> zmk: zmk_hid_mouse_movement_set: Mouse movement set to 9/53[0m
[00:00:14.986,328] [0m<dbg> zmk: zmk_hid_mouse_scroll_set: Mouse scroll set to 0/0[0m
[00:00:14.986,328] [0m<dbg> zmk: zmk_hid_mouse_movement_set: Mouse movement set to 0/0[0m
[00:00:14.993,713] [0m<dbg> zmk: apply_config: LISTENER INDEX: 0[0m
[00:00:14.993,743] [0m<dbg> zmk: scale_val: scaled 9 with 1/1 to 9 with remainder 0[0m
[00:00:14.993,804] [0m<dbg> zmk: apply_config: LISTENER INDEX: 0[0m
[00:00:14.993,804] [0m<dbg> zmk: scale_val: scaled 45 with 1/1 to 45 with remainder 0[0m
[00:00:14.993,835] [0m<dbg> zmk: zmk_hid_mouse_movement_set: Mouse movement set to 9/45[0m
[00:00:14.993,865] [0m<dbg> zmk: zmk_hid_mouse_scroll_set: Mouse scroll set to 0/0[0m
[00:00:14.993,896] [0m<dbg> zmk: zmk_hid_mouse_movement_set: Mouse movement set to 0/0[0m
[00:00:15.001,525] [0m<dbg> zmk: apply_config: LISTENER INDEX: 0[0m
[00:00:15.001,525] [0m<dbg> zmk: scale_val: scaled 7 with 1/1 to 7 with remainder 0[0m
[00:00:15.001,586] [0m<dbg> zmk: apply_config: LISTENER INDEX: 0[0m
[00:00:15.001,617] [0m<dbg> zmk: scale_val: scaled 30 with 1/1 to 30 with remainder 0[0m
[00:00:15.001,617] [0m<dbg> zmk: zmk_hid_mouse_movement_set: Mouse movement set to 7/30[0m
[00:00:15.001,678] [0m<dbg> zmk: zmk_hid_mouse_scroll_set: Mouse scroll set to 0/0[0m
[00:00:15.001,708] [0m<dbg> zmk: zmk_hid_mouse_movement_set: Mouse movement set to 0/0[0m
[00:00:15.010,559] [0m<dbg> zmk: apply_config: LISTENER INDEX: 0[0m
[00:00:15.010,589] [0m<dbg> zmk: scale_val: scaled 7 with 1/1 to 7 with remainder 0[0m
[00:00:15.010,650] [0m<dbg> zmk: apply_config: LISTENER INDEX: 0[0m
[00:00:15.010,681] [0m<dbg> zmk: scale_val: scaled 24 with 1/1 to 24 with remainder 0[0m
[00:00:15.010,681] [0m<dbg> zmk: zmk_hid_mouse_movement_set: Mouse movement set to 7/24[0m
[00:00:15.010,742] [0m<dbg> zmk: zmk_hid_mouse_scroll_set: Mouse scroll set to 0/0[0m
[00:00:15.010,772] [0m<dbg> zmk: zmk_hid_mouse_movement_set: Mouse movement set to 0/0[0m
[00:00:15.018,463] [0m<dbg> zmk: apply_config: LISTENER INDEX: 0[0m
[00:00:15.018,493] [0m<dbg> zmk: scale_val: scaled 5 with 1/1 to 5 with remainder 0[0m
[00:00:15.018,524] [0m<dbg> zmk: apply_config: LISTENER INDEX: 0[0m
[00:00:15.018,554] [0m<dbg> zmk: scale_val: scaled 18 with 1/1 to 18 with remainder 0[0m
[00:00:15.018,554] [0m<dbg> zmk: zmk_hid_mouse_movement_set: Mouse movement set to 5/18[0m
[00:00:15.018,615] [0m<dbg> zmk: zmk_hid_mouse_scroll_set: Mouse scroll set to 0/0[0m
[00:00:15.018,646] [0m<dbg> zmk: zmk_hid_mouse_movement_set: Mouse movement set to 0/0[0m
[00:00:15.026,458] [0m<dbg> zmk: apply_config: LISTENER INDEX: 0[0m
[00:00:15.026,489] [0m<dbg> zmk: scale_val: scaled 5 with 1/1 to 5 with remainder 0[0m
[00:00:15.026,550] [0m<dbg> zmk: apply_config: LISTENER INDEX: 0[0m
[00:00:15.026,580] [0m<dbg> zmk: scale_val: scaled 13 with 1/1 to 13 with remainder 0[0m
[00:00:15.026,580] [0m<dbg> zmk: zmk_hid_mouse_movement_set: Mouse movement set to 5/13[0m
[00:00:15.026,641] [0m<dbg> zmk: zmk_hid_mouse_scroll_set: Mouse scroll set to 0/0[0m
[00:00:15.026,641] [0m<dbg> zmk: zmk_hid_mouse_movement_set: Mouse movement set to 0/0[0m
[00:00:15.033,264] [0m<dbg> zmk: apply_config: LISTENER INDEX: 0[0m
[00:00:15.033,264] [0m<dbg> zmk: scale_val: scaled 3 with 1/1 to 3 with remainder 0[0m
[00:00:15.033,325] [0m<dbg> zmk: apply_config: LISTENER INDEX: 0[0m
[00:00:15.033,355] [0m<dbg> zmk: scale_val: scaled 1 with 1/1 to 1 with remainder 0[0m
[00:00:15.033,355] [0m<dbg> zmk: zmk_hid_mouse_movement_set: Mouse movement set to 3/1[0m
[00:00:15.033,416] [0m<dbg> zmk: zmk_hid_mouse_scroll_set: Mouse scroll set to 0/0[0m
[00:00:15.033,447] [0m<dbg> zmk: zmk_hid_mouse_movement_set: Mouse movement set to 0/0[0m
[00:00:15.041,320] [0m<dbg> zmk: apply_config: LISTENER INDEX: 0[0m
[00:00:15.041,320] [0m<dbg> zmk: scale_val: scaled 1 with 1/1 to 1 with remainder 0[0m
[00:00:15.041,381] [0m<dbg> zmk: apply_config: LISTENER INDEX: 0[0m
[00:00:15.041,412] [0m<dbg> zmk: scale_val: scaled 0 with 1/1 to 0 with remainder 0[0m
[00:00:15.041,412] [0m<dbg> zmk: zmk_hid_mouse_movement_set: Mouse movement set to 1/0[0m
[00:00:15.041,473] [0m<dbg> zmk: zmk_hid_mouse_scroll_set: Mouse scroll set to 0/0[0m
[00:00:15.041,503] [0m<dbg> zmk: zmk_hid_mouse_movement_set: Mouse movement set to 0/0[0m
[00:00:15.049,377] [0m<dbg> zmk: apply_config: LISTENER INDEX: 0[0m
[00:00:15.049,377] [0m<dbg> zmk: scale_val: scaled 3 with 1/1 to 3 with remainder 0[0m
[00:00:15.049,438] [0m<dbg> zmk: apply_config: LISTENER INDEX: 0[0m
[00:00:15.049,468] [0m<dbg> zmk: scale_val: scaled 0 with 1/1 to 0 with remainder 0[0m
[00:00:15.049,468] [0m<dbg> zmk: zmk_hid_mouse_movement_set: Mouse movement set to 3/0[0m
[00:00:15.049,530] [0m<dbg> zmk: zmk_hid_mouse_scroll_set: Mouse scroll set to 0/0[0m
[00:00:15.049,530] [0m<dbg> zmk: zmk_hid_mouse_movement_set: Mouse movement set to 0/0[0m
[00:00:15.058,776] [0m<dbg> zmk: apply_config: LISTENER INDEX: 0[0m
[00:00:15.058,807] [0m<dbg> zmk: scale_val: scaled 1 with 1/1 to 1 with remainder 0[0m
[00:00:15.058,868] [0m<dbg> zmk: apply_config: LISTENER INDEX: 0[0m
[00:00:15.058,868] [0m<dbg> zmk: scale_val: scaled 0 with 1/1 to 0 with remainder 0[0m
[00:00:15.058,898] [0m<dbg> zmk: zmk_hid_mouse_movement_set: Mouse movement set to 1/0[0m
[00:00:15.058,959] [0m<dbg> zmk: zmk_hid_mouse_scroll_set: Mouse scroll set to 0/0[0m
[00:00:15.059,020] [0m<dbg> zmk: zmk_hid_mouse_movement_set: Mouse movement set to 0/0[0m
[00:00:15.066,802] [0m<dbg> zmk: apply_config: LISTENER INDEX: 0[0m
[00:00:15.066,802] [0m<dbg> zmk: scale_val: scaled 0 with 1/1 to 0 with remainder 0[0m
[00:00:15.066,864] [0m<dbg> zmk: apply_config: LISTENER INDEX: 0[0m
[00:00:15.066,894] [0m<dbg> zmk: scale_val: scaled -7 with 1/1 to -7 with remainder 0[0m
[00:00:15.066,894] [0m<dbg> zmk: zmk_hid_mouse_movement_set: Mouse movement set to 0/-7[0m
[00:00:15.066,955] [0m<dbg> zmk: zmk_hid_mouse_scroll_set: Mouse scroll set to 0/0[0m
[00:00:15.067,016] [0m<dbg> zmk: zmk_hid_mouse_movement_set: Mouse movement set to 0/0[0m
[00:00:15.074,096] [0m<dbg> zmk: apply_config: LISTENER INDEX: 0[0m
[00:00:15.074,127] [0m<dbg> zmk: scale_val: scaled -1 with 1/1 to -1 with remainder 0[0m
[00:00:15.074,188] [0m<dbg> zmk: apply_config: LISTENER INDEX: 0[0m
[00:00:15.074,218] [0m<dbg> zmk: scale_val: scaled -15 with 1/1 to -15 with remainder 0[0m
[00:00:15.074,218] [0m<dbg> zmk: zmk_hid_mouse_movement_set: Mouse movement set to -1/-15[0m
[00:00:15.074,279] [0m<dbg> zmk: zmk_hid_mouse_scroll_set: Mouse scroll set to 0/0[0m
[00:00:15.074,310] [0m<dbg> zmk: zmk_hid_mouse_movement_set: Mouse movement set to 0/0[0m
[00:00:15.082,122] [0m<dbg> zmk: apply_config: LISTENER INDEX: 0[0m
[00:00:15.082,153] [0m<dbg> zmk: scale_val: scaled -7 with 1/1 to -7 with remainder 0[0m
[00:00:15.082,336] [0m<dbg> zmk: apply_config: LISTENER INDEX: 0[0m
[00:00:15.082,427] [0m<dbg> zmk: scale_val: scaled -30 with 1/1 to -30 with remainder 0[0m
[00:00:15.082,458] [0m<dbg> zmk: zmk_hid_mouse_movement_set: Mouse movement set to -7/-30[0m
[00:00:15.082,489] [0m<dbg> zmk: zmk_hid_mouse_scroll_set: Mouse scroll set to 0/0[0m
[00:00:15.082,519] [0m<dbg> zmk: zmk_hid_mouse_movement_set: Mouse movement set to 0/0[0m
[00:00:15.090,270] [0m<dbg> zmk: apply_config: LISTENER INDEX: 0[0m
[00:00:15.090,301] [0m<dbg> zmk: scale_val: scaled -13 with 1/1 to -13 with remainder 0[0m
[00:00:15.090,393] [0m<dbg> zmk: apply_config: LISTENER INDEX: 0[0m
[00:00:15.090,393] [0m<dbg> zmk: scale_val: scaled -53 with 1/1 to -53 with remainder 0[0m
[00:00:15.090,423] [0m<dbg> zmk: zmk_hid_mouse_movement_set: Mouse movement set to -13/-53[0m
[00:00:15.090,637] [0m<dbg> zmk: zmk_hid_mouse_scroll_set: Mouse scroll set to 0/0[0m
[00:00:15.090,667] [0m<dbg> zmk: zmk_hid_mouse_movement_set: Mouse movement set to 0/0[0m
[00:00:15.098,297] [0m<dbg> zmk: apply_config: LISTENER INDEX: 0[0m
[00:00:15.098,327] [0m<dbg> zmk: scale_val: scaled -13 with 1/1 to -13 with remainder 0[0m
[00:00:15.098,388] [0m<dbg> zmk: apply_config: LISTENER INDEX: 0[0m
[00:00:15.098,388] [0m<dbg> zmk: scale_val: scaled -99 with 1/1 to -99 with remainder 0[0m
[00:00:15.098,449] [0m<dbg> zmk: zmk_hid_mouse_movement_set: Mouse movement set to -13/-99[0m
[00:00:15.098,510] [0m<dbg> zmk: zmk_hid_mouse_scroll_set: Mouse scroll set to 0/0[0m
[00:00:15.098,541] [0m<dbg> zmk: zmk_hid_mouse_movement_set: Mouse movement set to 0/0[0m
[00:00:15.106,353] [0m<dbg> zmk: apply_config: LISTENER INDEX: 0[0m
[00:00:15.106,353] [0m<dbg> zmk: scale_val: scaled -21 with 1/1 to -21 with remainder 0[0m
[00:00:15.106,414] [0m<dbg> zmk: apply_config: LISTENER INDEX: 0[0m
[00:00:15.106,445] [0m<dbg> zmk: scale_val: scaled -137 with 1/1 to -137 with remainder 0[0m
[00:00:15.106,445] [0m<dbg> zmk: zmk_hid_mouse_movement_set: Mouse movement set to -21/-137[0m
[00:00:15.106,506] [0m<dbg> zmk: zmk_hid_mouse_scroll_set: Mouse scroll set to 0/0[0m
[00:00:15.106,536] [0m<dbg> zmk: zmk_hid_mouse_movement_set: Mouse movement set to 0/0[0m
[00:00:15.114,593] [0m<dbg> zmk: apply_config: LISTENER INDEX: 0[0m
[00:00:15.114,624] [0m<dbg> zmk: scale_val: scaled -21 with 1/1 to -21 with remainder 0[0m
[00:00:15.114,685] [0m<dbg> zmk: apply_config: LISTENER INDEX: 0[0m
[00:00:15.114,715] [0m<dbg> zmk: scale_val: scaled -137 with 1/1 to -137 with remainder 0[0m
[00:00:15.114,715] [0m<dbg> zmk: zmk_hid_mouse_movement_set: Mouse movement set to -21/-137[0m
[00:00:15.114,776] [0m<dbg> zmk: zmk_hid_mouse_scroll_set: Mouse scroll set to 0/0[0m
[00:00:15.114,776] [0m<dbg> zmk: zmk_hid_mouse_movement_set: Mouse movement set to 0/0[0m
[00:00:15.122,467] [0m<dbg> zmk: apply_config: LISTENER INDEX: 0[0m
[00:00:15.122,497] [0m<dbg> zmk: scale_val: scaled -27 with 1/1 to -27 with remainder 0[0m
[00:00:15.122,558] [0m<dbg> zmk: apply_config: LISTENER INDEX: 0[0m
[00:00:15.122,589] [0m<dbg> zmk: scale_val: scaled -144 with 1/1 to -144 with remainder 0[0m
[00:00:15.122,589] [0m<dbg> zmk: zmk_hid_mouse_movement_set: Mouse movement set to -27/-144[0m
[00:00:15.122,650] [0m<dbg> zmk: zmk_hid_mouse_scroll_set: Mouse scroll set to 0/0[0m
[00:00:15.122,650] [0m<dbg> zmk: zmk_hid_mouse_movement_set: Mouse movement set to 0/0[0m
[00:00:15.130,554] [0m<dbg> zmk: apply_config: LISTENER INDEX: 0[0m
[00:00:15.130,554] [0m<dbg> zmk: scale_val: scaled -27 with 1/1 to -27 with remainder 0[0m
[00:00:15.130,615] [0m<dbg> zmk: apply_config: LISTENER INDEX: 0[0m
[00:00:15.130,645] [0m<dbg> zmk: scale_val: scaled -137 with 1/1 to -137 with remainder 0[0m
[00:00:15.130,645] [0m<dbg> zmk: zmk_hid_mouse_movement_set: Mouse movement set to -27/-137[0m
[00:00:15.130,706] [0m<dbg> zmk: zmk_hid_mouse_scroll_set: Mouse scroll set to 0/0[0m
[00:00:15.130,737] [0m<dbg> zmk: zmk_hid_mouse_movement_set: Mouse movement set to 0/0[0m
[00:00:15.138,580] [0m<dbg> zmk: apply_config: LISTENER INDEX: 0[0m
[00:00:15.138,610] [0m<dbg> zmk: scale_val: scaled -27 with 1/1 to -27 with remainder 0[0m
[00:00:15.138,671] [0m<dbg> zmk: apply_config: LISTENER INDEX: 0[0m
[00:00:15.138,671] [0m<dbg> zmk: scale_val: scaled -117 with 1/1 to -117 with remainder 0[0m
[00:00:15.138,702] [0m<dbg> zmk: zmk_hid_mouse_movement_set: Mouse movement set to -27/-117[0m
[00:00:15.138,763] [0m<dbg> zmk: zmk_hid_mouse_scroll_set: Mouse scroll set to 0/0[0m
[00:00:15.138,763] [0m<dbg> zmk: zmk_hid_mouse_movement_set: Mouse movement set to 0/0[0m
[00:00:15.146,636] [0m<dbg> zmk: apply_config: LISTENER INDEX: 0[0m
[00:00:15.146,667] [0m<dbg> zmk: scale_val: scaled -24 with 1/1 to -24 with remainder 0[0m
[00:00:15.146,728] [0m<dbg> zmk: apply_config: LISTENER INDEX: 0[0m
[00:00:15.146,728] [0m<dbg> zmk: scale_val: scaled -111 with 1/1 to -111 with remainder 0[0m
[00:00:15.146,759] [0m<dbg> zmk: zmk_hid_mouse_movement_set: Mouse movement set to -24/-111[0m
[00:00:15.146,820] [0m<dbg> zmk: zmk_hid_mouse_scroll_set: Mouse scroll set to 0/0[0m
[00:00:15.146,820] [0m<dbg> zmk: zmk_hid_mouse_movement_set: Mouse movement set to 0/0[0m
[00:00:15.155,670] [0m<dbg> zmk: apply_config: LISTENER INDEX: 0[0m
[00:00:15.155,670] [0m<dbg> zmk: scale_val: scaled -24 with 1/1 to -24 with remainder 0[0m
[00:00:15.155,731] [0m<dbg> zmk: apply_config: LISTENER INDEX: 0[0m
[00:00:15.155,761] [0m<dbg> zmk: scale_val: scaled -93 with 1/1 to -93 with remainder 0[0m
[00:00:15.155,761] [0m<dbg> zmk: zmk_hid_mouse_movement_set: Mouse movement set to -24/-93[0m
[00:00:15.155,822] [0m<dbg> zmk: zmk_hid_mouse_scroll_set: Mouse scroll set to 0/0[0m
[00:00:15.155,853] [0m<dbg> zmk: zmk_hid_mouse_movement_set: Mouse movement set to 0/0[0m
[00:00:15.163,513] [0m<dbg> zmk: apply_config: LISTENER INDEX: 0[0m
[00:00:15.163,543] [0m<dbg> zmk: scale_val: scaled -21 with 1/1 to -21 with remainder 0[0m
[00:00:15.163,604] [0m<dbg> zmk: apply_config: LISTENER INDEX: 0[0m
[00:00:15.163,604] [0m<dbg> zmk: scale_val: scaled -82 with 1/1 to -82 with remainder 0[0m
[00:00:15.163,635] [0m<dbg> zmk: zmk_hid_mouse_movement_set: Mouse movement set to -21/-82[0m
[00:00:15.163,665] [0m<dbg> zmk: zmk_hid_mouse_scroll_set: Mouse scroll set to 0/0[0m
[00:00:15.163,696] [0m<dbg> zmk: zmk_hid_mouse_movement_set: Mouse movement set to 0/0[0m
[00:00:15.170,898] [0m<dbg> zmk: apply_config: LISTENER INDEX: 0[0m
[00:00:15.170,898] [0m<dbg> zmk: scale_val: scaled -15 with 1/1 to -15 with remainder 0[0m
[00:00:15.170,959] [0m<dbg> zmk: apply_config: LISTENER INDEX: 0[0m
[00:00:15.170,989] [0m<dbg> zmk: scale_val: scaled -72 with 1/1 to -72 with remainder 0[0m
[00:00:15.171,020] [0m<dbg> zmk: zmk_hid_mouse_movement_set: Mouse movement set to -15/-72[0m
[00:00:15.171,051] [0m<dbg> zmk: zmk_hid_mouse_scroll_set: Mouse scroll set to 0/0[0m
[00:00:15.171,081] [0m<dbg> zmk: zmk_hid_mouse_movement_set: Mouse movement set to 0/0[0m
[00:00:15.178,863] [0m<dbg> zmk: apply_config: LISTENER INDEX: 0[0m
[00:00:15.178,894] [0m<dbg> zmk: scale_val: scaled -13 with 1/1 to -13 with remainder 0[0m
[00:00:15.178,955] [0m<dbg> zmk: apply_config: LISTENER INDEX: 0[0m
[00:00:15.178,955] [0m<dbg> zmk: scale_val: scaled -72 with 1/1 to -72 with remainder 0[0m
[00:00:15.178,985] [0m<dbg> zmk: zmk_hid_mouse_movement_set: Mouse movement set to -13/-72[0m
[00:00:15.179,046] [0m<dbg> zmk: zmk_hid_mouse_scroll_set: Mouse scroll set to 0/0[0m
[00:00:15.179,046] [0m<dbg> zmk: zmk_hid_mouse_movement_set: Mouse movement set to 0/0[0m
[00:00:15.186,920] [0m<dbg> zmk: apply_config: LISTENER INDEX: 0[0m
[00:00:15.186,950] [0m<dbg> zmk: scale_val: scaled -9 with 1/1 to -9 with remainder 0[0m
[00:00:15.187,011] [0m<dbg> zmk: apply_config: LISTENER INDEX: 0[0m
[00:00:15.187,011] [0m<dbg> zmk: scale_val: scaled -62 with 1/1 to -62 with remainder 0[0m
[00:00:15.187,042] [0m<dbg> zmk: zmk_hid_mouse_movement_set: Mouse movement set to -9/-62[0m
[00:00:15.187,103] [0m<dbg> zmk: zmk_hid_mouse_scroll_set: Mouse scroll set to 0/0[0m
[00:00:15.187,103] [0m<dbg> zmk: zmk_hid_mouse_movement_set: Mouse movement set to 0/0[0m
[00:00:15.195,007] [0m<dbg> zmk: apply_config: LISTENER INDEX: 0[0m
[00:00:15.195,037] [0m<dbg> zmk: scale_val: scaled -9 with 1/1 to -9 with remainder 0[0m
[00:00:15.195,068] [0m<dbg> zmk: apply_config: LISTENER INDEX: 0[0m
[00:00:15.195,098] [0m<dbg> zmk: scale_val: scaled -57 with 1/1 to -57 with remainder 0[0m
[00:00:15.195,129] [0m<dbg> zmk: zmk_hid_mouse_movement_set: Mouse movement set to -9/-57[0m
[00:00:15.195,159] [0m<dbg> zmk: zmk_hid_mouse_scroll_set: Mouse scroll set to 0/0[0m
[00:00:15.195,251] [0m<dbg> zmk: zmk_hid_mouse_movement_set: Mouse movement set to 0/0[0m
[00:00:15.203,063] [0m<dbg> zmk: apply_config: LISTENER INDEX: 0[0m
[00:00:15.203,063] [0m<dbg> zmk: scale_val: scaled -5 with 1/1 to -5 with remainder 0[0m
[00:00:15.203,125] [0m<dbg> zmk: apply_config: LISTENER INDEX: 0[0m
[00:00:15.203,155] [0m<dbg> zmk: scale_val: scaled -45 with 1/1 to -45 with remainder 0[0m
[00:00:15.203,155] [0m<dbg> zmk: zmk_hid_mouse_movement_set: Mouse movement set to -5/-45[0m
[00:00:15.203,247] [0m<dbg> zmk: zmk_hid_mouse_scroll_set: Mouse scroll set to 0/0[0m
[00:00:15.203,247] [0m<dbg> zmk: zmk_hid_mouse_movement_set: Mouse movement set to 0/0[0m
[00:00:15.211,883] [0m<dbg> zmk: apply_config: LISTENER INDEX: 0[0m
[00:00:15.211,883] [0m<dbg> zmk: scale_val: scaled -5 with 1/1 to -5 with remainder 0[0m
[00:00:15.211,944] [0m<dbg> zmk: apply_config: LISTENER INDEX: 0[0m
[00:00:15.211,975] [0m<dbg> zmk: scale_val: scaled -30 with 1/1 to -30 with remainder 0[0m
[00:00:15.211,975] [0m<dbg> zmk: zmk_hid_mouse_movement_set: Mouse movement set to -5/-30[0m
[00:00:15.212,036] [0m<dbg> zmk: zmk_hid_mouse_scroll_set: Mouse scroll set to 0/0[0m
[00:00:15.212,066] [0m<dbg> zmk: zmk_hid_mouse_movement_set: Mouse movement set to 0/0[0m
[00:00:15.219,940] [0m<dbg> zmk: apply_config: LISTENER INDEX: 0[0m
[00:00:15.219,940] [0m<dbg> zmk: scale_val: scaled -3 with 1/1 to -3 with remainder 0[0m
[00:00:15.220,001] [0m<dbg> zmk: apply_config: LISTENER INDEX: 0[0m
[00:00:15.220,031] [0m<dbg> zmk: scale_val: scaled -21 with 1/1 to -21 with remainder 0[0m
[00:00:15.220,031] [0m<dbg> zmk: zmk_hid_mouse_movement_set: Mouse movement set to -3/-21[0m
[00:00:15.220,092] [0m<dbg> zmk: zmk_hid_mouse_scroll_set: Mouse scroll set to 0/0[0m
[00:00:15.220,123] [0m<dbg> zmk: zmk_hid_mouse_movement_set: Mouse movement set to 0/0[0m
[00:00:15.226,715] [0m<dbg> zmk: apply_config: LISTENER INDEX: 0[0m
[00:00:15.226,715] [0m<dbg> zmk: scale_val: scaled -3 with 1/1 to -3 with remainder 0[0m
[00:00:15.226,776] [0m<dbg> zmk: apply_config: LISTENER INDEX: 0[0m
[00:00:15.226,806] [0m<dbg> zmk: scale_val: scaled -2 with 1/1 to -2 with remainder 0[0m
[00:00:15.226,806] [0m<dbg> zmk: zmk_hid_mouse_movement_set: Mouse movement set to -3/-2[0m
[00:00:15.226,867] [0m<dbg> zmk: zmk_hid_mouse_scroll_set: Mouse scroll set to 0/0[0m
[00:00:15.226,898] [0m<dbg> zmk: zmk_hid_mouse_movement_set: Mouse movement set to 0/0[0m
[00:00:15.234,771] [0m<dbg> zmk: apply_config: LISTENER INDEX: 0[0m
[00:00:15.234,771] [0m<dbg> zmk: scale_val: scaled -2 with 1/1 to -2 with remainder 0[0m
[00:00:15.234,832] [0m<dbg> zmk: apply_config: LISTENER INDEX: 0[0m
[00:00:15.234,863] [0m<dbg> zmk: scale_val: scaled -2 with 1/1 to -2 with remainder 0[0m
[00:00:15.234,863] [0m<dbg> zmk: zmk_hid_mouse_movement_set: Mouse movement set to -2/-2[0m
[00:00:15.234,924] [0m<dbg> zmk: zmk_hid_mouse_scroll_set: Mouse scroll set to 0/0[0m
[00:00:15.234,954] [0m<dbg> zmk: zmk_hid_mouse_movement_set: Mouse movement set to 0/0[0m
[00:00:15.244,110] [0m<dbg> zmk: apply_config: LISTENER INDEX: 0[0m
[00:00:15.244,140] [0m<dbg> zmk: scale_val: scaled -1 with 1/1 to -1 with remainder 0[0m
[00:00:15.244,201] [0m<dbg> zmk: apply_config: LISTENER INDEX: 0[0m
[00:00:15.244,201] [0m<dbg> zmk: scale_val: scaled 0 with 1/1 to 0 with remainder 0[0m
[00:00:15.244,232] [0m<dbg> zmk: zmk_hid_mouse_movement_set: Mouse movement set to -1/0[0m
[00:00:15.244,262] [0m<dbg> zmk: zmk_hid_mouse_scroll_set: Mouse scroll set to 0/0[0m
[00:00:15.244,293] [0m<dbg> zmk: zmk_hid_mouse_movement_set: Mouse movement set to 0/0[0m
[00:00:15.252,166] [0m<dbg> zmk: apply_config: LISTENER INDEX: 0[0m
[00:00:15.252,197] [0m<dbg> zmk: scale_val: scaled -1 with 1/1 to -1 with remainder 0[0m
[00:00:15.252,258] [0m<dbg> zmk: apply_config: LISTENER INDEX: 0[0m
[00:00:15.252,258] [0m<dbg> zmk: scale_val: scaled 9 with 1/1 to 9 with remainder 0[0m
[00:00:15.252,288] [0m<dbg> zmk: zmk_hid_mouse_movement_set: Mouse movement set to -1/9[0m
[00:00:15.252,349] [0m<dbg> zmk: zmk_hid_mouse_scroll_set: Mouse scroll set to 0/0[0m
[00:00:15.252,349] [0m<dbg> zmk: zmk_hid_mouse_movement_set: Mouse movement set to 0/0[0m
[00:00:15.260,253] [0m<dbg> zmk: apply_config: LISTENER INDEX: 0[0m
[00:00:15.260,284] [0m<dbg> zmk: scale_val: scaled 0 with 1/1 to 0 with remainder 0[0m
[00:00:15.260,345] [0m<dbg> zmk: apply_config: LISTENER INDEX: 0[0m
[00:00:15.260,345] [0m<dbg> zmk: scale_val: scaled 15 with 1/1 to 15 with remainder 0[0m
[00:00:15.260,375] [0m<dbg> zmk: zmk_hid_mouse_movement_set: Mouse movement set to 0/15[0m
[00:00:15.260,437] [0m<dbg> zmk: zmk_hid_mouse_scroll_set: Mouse scroll set to 0/0[0m
[00:00:15.260,437] [0m<dbg> zmk: zmk_hid_mouse_movement_set: Mouse movement set to 0/0[0m
[00:00:15.268,432] [0m<dbg> zmk: apply_config: LISTENER INDEX: 0[0m
[00:00:15.268,463] [0m<dbg> zmk: scale_val: scaled 0 with 1/1 to 0 with remainder 0[0m
[00:00:15.268,524] [0m<dbg> zmk: apply_config: LISTENER INDEX: 0[0m
[00:00:15.268,524] [0m<dbg> zmk: scale_val: scaled 21 with 1/1 to 21 with remainder 0[0m
[00:00:15.268,554] [0m<dbg> zmk: zmk_hid_mouse_movement_set: Mouse movement set to 0/21[0m
[00:00:15.268,615] [0m<dbg> zmk: zmk_hid_mouse_scroll_set: Mouse scroll set to 0/0[0m
[00:00:15.268,615] [0m<dbg> zmk: zmk_hid_mouse_movement_set: Mouse movement set to 0/0[0m
[00:00:15.275,878] [0m<dbg> zmk: apply_config: LISTENER INDEX: 0[0m
[00:00:15.275,909] [0m<dbg> zmk: scale_val: scaled 2 with 1/1 to 2 with remainder 0[0m
[00:00:15.275,939] [0m<dbg> zmk: apply_config: LISTENER INDEX: 0[0m
[00:00:15.275,970] [0m<dbg> zmk: scale_val: scaled 24 with 1/1 to 24 with remainder 0[0m
[00:00:15.275,970] [0m<dbg> zmk: zmk_hid_mouse_movement_set: Mouse movement set to 2/24[0m
[00:00:15.276,031] [0m<dbg> zmk: zmk_hid_mouse_scroll_set: Mouse scroll set to 0/0[0m
[00:00:15.276,062] [0m<dbg> zmk: zmk_hid_mouse_movement_set: Mouse movement set to 0/0[0m
[00:00:15.283,691] [0m<dbg> zmk: apply_config: LISTENER INDEX: 0[0m
[00:00:15.283,691] [0m<dbg> zmk: scale_val: scaled 3 with 1/1 to 3 with remainder 0[0m
[00:00:15.283,752] [0m<dbg> zmk: apply_config: LISTENER INDEX: 0[0m
[00:00:15.283,782] [0m<dbg> zmk: scale_val: scaled 27 with 1/1 to 27 with remainder 0[0m
[00:00:15.283,782] [0m<dbg> zmk: zmk_hid_mouse_movement_set: Mouse movement set to 3/27[0m
[00:00:15.283,843] [0m<dbg> zmk: zmk_hid_mouse_scroll_set: Mouse scroll set to 0/0[0m
[00:00:15.283,874] [0m<dbg> zmk: zmk_hid_mouse_movement_set: Mouse movement set to 0/0[0m
[00:00:15.291,870] [0m<dbg> zmk: apply_config: LISTENER INDEX: 0[0m
[00:00:15.291,900] [0m<dbg> zmk: scale_val: scaled 5 with 1/1 to 5 with remainder 0[0m
[00:00:15.291,931] [0m<dbg> zmk: apply_config: LISTENER INDEX: 0[0m
[00:00:15.291,961] [0m<dbg> zmk: scale_val: scaled 37 with 1/1 to 37 with remainder 0[0m
[00:00:15.291,992] [0m<dbg> zmk: zmk_hid_mouse_movement_set: Mouse movement set to 5/37[0m
[00:00:15.292,022] [0m<dbg> zmk: zmk_hid_mouse_scroll_set: Mouse scroll set to 0/0[0m
[00:00:15.292,053] [0m<dbg> zmk: zmk_hid_mouse_movement_set: Mouse movement set to 0/0[0m
[00:00:15.299,804] [0m<dbg> zmk: apply_config: LISTENER INDEX: 0[0m
[00:00:15.299,835] [0m<dbg> zmk: scale_val: scaled 2 with 1/1 to 2 with remainder 0[0m
[00:00:15.299,865] [0m<dbg> zmk: apply_config: LISTENER INDEX: 0[0m
[00:00:15.299,896] [0m<dbg> zmk: scale_val: scaled 53 with 1/1 to 53 with remainder 0[0m
[00:00:15.299,926] [0m<dbg> zmk: zmk_hid_mouse_movement_set: Mouse movement set to 2/53[0m
[00:00:15.299,957] [0m<dbg> zmk: zmk_hid_mouse_scroll_set: Mouse scroll set to 0/0[0m
[00:00:15.300,048] [0m<dbg> zmk: zmk_hid_mouse_movement_set: Mouse movement set to 0/0[0m
[00:00:15.307,891] [0m<dbg> zmk: apply_config: LISTENER INDEX: 0[0m
[00:00:15.307,922] [0m<dbg> zmk: scale_val: scaled 5 with 1/1 to 5 with remainder 0[0m
[00:00:15.307,983] [0m<dbg> zmk: apply_config: LISTENER INDEX: 0[0m
[00:00:15.307,983] [0m<dbg> zmk: scale_val: scaled 93 with 1/1 to 93 with remainder 0[0m
[00:00:15.308,013] [0m<dbg> zmk: zmk_hid_mouse_movement_set: Mouse movement set to 5/93[0m
[00:00:15.308,074] [0m<dbg> zmk: zmk_hid_mouse_scroll_set: Mouse scroll set to 0/0[0m
[00:00:15.308,074] [0m<dbg> zmk: zmk_hid_mouse_movement_set: Mouse movement set to 0/0[0m
[00:00:15.315,979] [0m<dbg> zmk: apply_config: LISTENER INDEX: 0[0m
[00:00:15.316,009] [0m<dbg> zmk: scale_val: scaled 2 with 1/1 to 2 with remainder 0[0m
[00:00:15.316,070] [0m<dbg> zmk: apply_config: LISTENER INDEX: 0[0m
[00:00:15.316,070] [0m<dbg> zmk: scale_val: scaled 117 with 1/1 to 117 with remainder 0[0m
[00:00:15.316,101] [0m<dbg> zmk: zmk_hid_mouse_movement_set: Mouse movement set to 2/117[0m
[00:00:15.316,131] [0m<dbg> zmk: zmk_hid_mouse_scroll_set: Mouse scroll set to 0/0[0m
[00:00:15.316,162] [0m<dbg> zmk: zmk_hid_mouse_movement_set: Mouse movement set to 0/0[0m
[00:00:15.324,035] [0m<dbg> zmk: apply_config: LISTENER INDEX: 0[0m
[00:00:15.324,066] [0m<dbg> zmk: scale_val: scaled 5 with 1/1 to 5 with remainder 0[0m
[00:00:15.324,127] [0m<dbg> zmk: apply_config: LISTENER INDEX: 0[0m
[00:00:15.324,157] [0m<dbg> zmk: scale_val: scaled 144 with 1/1 to 144 with remainder 0[0m
[00:00:15.324,157] [0m<dbg> zmk: zmk_hid_mouse_movement_set: Mouse movement set to 5/144[0m
[00:00:15.324,218] [0m<dbg> zmk: zmk_hid_mouse_scroll_set: Mouse scroll set to 0/0[0m
[00:00:15.324,249] [0m<dbg> zmk: zmk_hid_mouse_movement_set: Mouse movement set to 0/0[0m
[00:00:15.332,092] [0m<dbg> zmk: apply_config: LISTENER INDEX: 0[0m
[00:00:15.332,092] [0m<dbg> zmk: scale_val: scaled 11 with 1/1 to 11 with remainder 0[0m
[00:00:15.332,153] [0m<dbg> zmk: apply_config: LISTENER INDEX: 0[0m
[00:00:15.332,183] [0m<dbg> zmk: scale_val: scaled 158 with 1/1 to 158 with remainder 0[0m
[00:00:15.332,183] [0m<dbg> zmk: zmk_hid_mouse_movement_set: Mouse movement set to 11/158[0m
[00:00:15.332,397] [0m<dbg> zmk: zmk_hid_mouse_scroll_set: Mouse scroll set to 0/0[0m
[00:00:15.332,489] [0m<dbg> zmk: zmk_hid_mouse_movement_set: Mouse movement set to 0/0[0m
[00:00:15.340,148] [0m<dbg> zmk: apply_config: LISTENER INDEX: 0[0m
[00:00:15.340,179] [0m<dbg> zmk: scale_val: scaled 13 with 1/1 to 13 with remainder 0[0m
[00:00:15.340,209] [0m<dbg> zmk: apply_config: LISTENER INDEX: 0[0m
[00:00:15.340,240] [0m<dbg> zmk: scale_val: scaled 158 with 1/1 to 158 with remainder 0[0m
[00:00:15.340,270] [0m<dbg> zmk: zmk_hid_mouse_movement_set: Mouse movement set to 13/158[0m
[00:00:15.340,301] [0m<dbg> zmk: zmk_hid_mouse_scroll_set: Mouse scroll set to 0/0[0m
[00:00:15.340,332] [0m<dbg> zmk: zmk_hid_mouse_movement_set: Mouse movement set to 0/0[0m
[00:00:15.348,236] [0m<dbg> zmk: apply_config: LISTENER INDEX: 0[0m
[00:00:15.348,236] [0m<dbg> zmk: scale_val: scaled 15 with 1/1 to 15 with remainder 0[0m
[00:00:15.348,297] [0m<dbg> zmk: apply_config: LISTENER INDEX: 0[0m
[00:00:15.348,327] [0m<dbg> zmk: scale_val: scaled 137 with 1/1 to 137 with remainder 0[0m
[00:00:15.348,327] [0m<dbg> zmk: zmk_hid_mouse_movement_set: Mouse movement set to 15/137[0m
[00:00:15.348,388] [0m<dbg> zmk: zmk_hid_mouse_scroll_set: Mouse scroll set to 0/0[0m
[00:00:15.348,388] [0m<dbg> zmk: zmk_hid_mouse_movement_set: Mouse movement set to 0/0[0m
[00:00:15.356,536] [0m<dbg> zmk: apply_config: LISTENER INDEX: 0[0m
[00:00:15.356,597] [0m<dbg> zmk: scale_val: scaled 13 with 1/1 to 13 with remainder 0[0m
[00:00:15.356,658] [0m<dbg> zmk: apply_config: LISTENER INDEX: 0[0m
[00:00:15.356,689] [0m<dbg> zmk: scale_val: scaled 130 with 1/1 to 130 with remainder 0[0m
[00:00:15.356,689] [0m<dbg> zmk: zmk_hid_mouse_movement_set: Mouse movement set to 13/130[0m
[00:00:15.356,750] [0m<dbg> zmk: zmk_hid_mouse_scroll_set: Mouse scroll set to 0/0[0m
[00:00:15.356,781] [0m<dbg> zmk: zmk_hid_mouse_movement_set: Mouse movement set to 0/0[0m
[00:00:15.364,410] [0m<dbg> zmk: apply_config: LISTENER INDEX: 0[0m
[00:00:15.364,440] [0m<dbg> zmk: scale_val: scaled 11 with 1/1 to 11 with remainder 0[0m
[00:00:15.364,471] [0m<dbg> zmk: apply_config: LISTENER INDEX: 0[0m
[00:00:15.364,501] [0m<dbg> zmk: scale_val: scaled 117 with 1/1 to 117 with remainder 0[0m
[00:00:15.364,532] [0m<dbg> zmk: zmk_hid_mouse_movement_set: Mouse movement set to 11/117[0m
[00:00:15.364,562] [0m<dbg> zmk: zmk_hid_mouse_scroll_set: Mouse scroll set to 0/0[0m
[00:00:15.364,593] [0m<dbg> zmk: zmk_hid_mouse_movement_set: Mouse movement set to 0/0[0m
[00:00:15.372,406] [0m<dbg> zmk: apply_config: LISTENER INDEX: 0[0m
[00:00:15.372,436] [0m<dbg> zmk: scale_val: scaled 11 with 1/1 to 11 with remainder 0[0m
[00:00:15.372,497] [0m<dbg> zmk: apply_config: LISTENER INDEX: 0[0m
[00:00:15.372,528] [0m<dbg> zmk: scale_val: scaled 117 with 1/1 to 117 with remainder 0[0m
[00:00:15.372,528] [0m<dbg> zmk: zmk_hid_mouse_movement_set: Mouse movement set to 11/117[0m
[00:00:15.372,589] [0m<dbg> zmk: zmk_hid_mouse_scroll_set: Mouse scroll set to 0/0[0m
[00:00:15.372,589] [0m<dbg> zmk: zmk_hid_mouse_movement_set: Mouse movement set to 0/0[0m
[00:00:15.381,195] [0m<dbg> zmk: apply_config: LISTENER INDEX: 0[0m
[00:00:15.381,195] [0m<dbg> zmk: scale_val: scaled 11 with 1/1 to 11 with remainder 0[0m
[00:00:15.381,256] [0m<dbg> zmk: apply_config: LISTENER INDEX: 0[0m
[00:00:15.381,378] [0m<dbg> zmk: scale_val: scaled 93 with 1/1 to 93 with remainder 0[0m
[00:00:15.381,408] [0m<dbg> zmk: zmk_hid_mouse_movement_set: Mouse movement set to 11/93[0m
[00:00:15.381,439] [0m<dbg> zmk: zmk_hid_mouse_scroll_set: Mouse scroll set to 0/0[0m
[00:00:15.381,469] [0m<dbg> zmk: zmk_hid_mouse_movement_set: Mouse movement set to 0/0[0m
[00:00:15.389,373] [0m<dbg> zmk: apply_config: LISTENER INDEX: 0[0m
[00:00:15.389,373] [0m<dbg> zmk: scale_val: scaled 9 with 1/1 to 9 with remainder 0[0m
[00:00:15.389,434] [0m<dbg> zmk: apply_config: LISTENER INDEX: 0[0m
[00:00:15.389,465] [0m<dbg> zmk: scale_val: scaled 72 with 1/1 to 72 with remainder 0[0m
[00:00:15.389,465] [0m<dbg> zmk: zmk_hid_mouse_movement_set: Mouse movement set to 9/72[0m
[00:00:15.389,526] [0m<dbg> zmk: zmk_hid_mouse_scroll_set: Mouse scroll set to 0/0[0m
[00:00:15.389,526] [0m<dbg> zmk: zmk_hid_mouse_movement_set: Mouse movement set to 0/0[0m
[00:00:15.396,820] [0m<dbg> zmk: apply_config: LISTENER INDEX: 0[0m
[00:00:15.396,850] [0m<dbg> zmk: scale_val: scaled 9 with 1/1 to 9 with remainder 0[0m
[00:00:15.396,911] [0m<dbg> zmk: apply_config: LISTENER INDEX: 0[0m
[00:00:15.396,911] [0m<dbg> zmk: scale_val: scaled 53 with 1/1 to 53 with remainder 0[0m
[00:00:15.396,942] [0m<dbg> zmk: zmk_hid_mouse_movement_set: Mouse movement set to 9/53[0m
[00:00:15.397,033] [0m<dbg> zmk: zmk_hid_mouse_scroll_set: Mouse scroll set to 0/0[0m
[00:00:15.397,064] [0m<dbg> zmk: zmk_hid_mouse_movement_set: Mouse movement set to 0/0[0m
[00:00:15.405,578] [0m<dbg> zmk: apply_config: LISTENER INDEX: 0[0m
[00:00:15.405,609] [0m<dbg> zmk: scale_val: scaled 9 with 1/1 to 9 with remainder 0[0m
[00:00:15.405,670] [0m<dbg> zmk: apply_config: LISTENER INDEX: 0[0m
[00:00:15.405,670] [0m<dbg> zmk: scale_val: scaled 41 with 1/1 to 41 with remainder 0[0m
[00:00:15.405,700] [0m<dbg> zmk: zmk_hid_mouse_movement_set: Mouse movement set to 9/41[0m
[00:00:15.405,731] [0m<dbg> zmk: zmk_hid_mouse_scroll_set: Mouse scroll set to 0/0[0m
[00:00:15.405,761] [0m<dbg> zmk: zmk_hid_mouse_movement_set: Mouse movement set to 0/0[0m
[00:00:15.413,452] [0m<dbg> zmk: apply_config: LISTENER INDEX: 0[0m
[00:00:15.413,513] [0m<dbg> zmk: scale_val: scaled 7 with 1/1 to 7 with remainder 0[0m
[00:00:15.413,543] [0m<dbg> zmk: apply_config: LISTENER INDEX: 0[0m
[00:00:15.413,574] [0m<dbg> zmk: scale_val: scaled 30 with 1/1 to 30 with remainder 0[0m
[00:00:15.413,604] [0m<dbg> zmk: zmk_hid_mouse_movement_set: Mouse movement set to 7/30[0m
[00:00:15.413,665] [0m<dbg> zmk: zmk_hid_mouse_scroll_set: Mouse scroll set to 0/0[0m
[00:00:15.413,665] [0m<dbg> zmk: zmk_hid_mouse_movement_set: Mouse movement set to 0/0[0m
[00:00:15.421,447] [0m<dbg> zmk: apply_config: LISTENER INDEX: 0[0m
[00:00:15.421,478] [0m<dbg> zmk: scale_val: scaled 5 with 1/1 to 5 with remainder 0[0m
[00:00:15.421,539] [0m<dbg> zmk: apply_config: LISTENER INDEX: 0[0m
[00:00:15.421,539] [0m<dbg> zmk: scale_val: scaled 24 with 1/1 to 24 with remainder 0[0m
[00:00:15.421,569] [0m<dbg> zmk: zmk_hid_mouse_movement_set: Mouse movement set to 5/24[0m
[00:00:15.421,630] [0m<dbg> zmk: zmk_hid_mouse_scroll_set: Mouse scroll set to 0/0[0m
[00:00:15.421,630] [0m<dbg> zmk: zmk_hid_mouse_movement_set: Mouse movement set to 0/0[0m
[00:00:15.429,504] [0m<dbg> zmk: apply_config: LISTENER INDEX: 0[0m
[00:00:15.429,534] [0m<dbg> zmk: scale_val: scaled 3 with 1/1 to 3 with remainder 0[0m
[00:00:15.429,595] [0m<dbg> zmk: apply_config: LISTENER INDEX: 0[0m
[00:00:15.429,595] [0m<dbg> zmk: scale_val: scaled 13 with 1/1 to 13 with remainder 0[0m
[00:00:15.429,626] [0m<dbg> zmk: zmk_hid_mouse_movement_set: Mouse movement set to 3/13[0m
[00:00:15.429,656] [0m<dbg> zmk: zmk_hid_mouse_scroll_set: Mouse scroll set to 0/0[0m
[00:00:15.429,687] [0m<dbg> zmk: zmk_hid_mouse_movement_set: Mouse movement set to 0/0[0m
[00:00:15.436,370] [0m<dbg> zmk: apply_config: LISTENER INDEX: 0[0m
[00:00:15.436,401] [0m<dbg> zmk: scale_val: scaled 0 with 1/1 to 0 with remainder 0[0m
[00:00:15.436,462] [0m<dbg> zmk: apply_config: LISTENER INDEX: 0[0m
[00:00:15.436,462] [0m<dbg> zmk: scale_val: scaled 1 with 1/1 to 1 with remainder 0[0m
[00:00:15.436,492] [0m<dbg> zmk: zmk_hid_mouse_movement_set: Mouse movement set to 0/1[0m
[00:00:15.436,553] [0m<dbg> zmk: zmk_hid_mouse_scroll_set: Mouse scroll set to 0/0[0m
[00:00:15.436,553] [0m<dbg> zmk: zmk_hid_mouse_movement_set: Mouse movement set to 0/0[0m
[00:00:15.452,453] [0m<dbg> zmk: apply_config: LISTENER INDEX: 0[0m
[00:00:15.452,484] [0m<dbg> zmk: scale_val: scaled 0 with 1/1 to 0 with remainder 0[0m
[00:00:15.452,545] [0m<dbg> zmk: apply_config: LISTENER INDEX: 0[0m
[00:00:15.452,575] [0m<dbg> zmk: scale_val: scaled -1 with 1/1 to -1 with remainder 0[0m
[00:00:15.452,575] [0m<dbg> zmk: zmk_hid_mouse_movement_set: Mouse movement set to 0/-1[0m
[00:00:15.452,636] [0m<dbg> zmk: zmk_hid_mouse_scroll_set: Mouse scroll set to 0/0[0m
[00:00:15.452,636] [0m<dbg> zmk: zmk_hid_mouse_movement_set: Mouse movement set to 0/0[0m
[00:00:15.460,510] [0m<dbg> zmk: apply_config: LISTENER INDEX: 0[0m
[00:00:15.460,510] [0m<dbg> zmk: scale_val: scaled -1 with 1/1 to -1 with remainder 0[0m
[00:00:15.460,571] [0m<dbg> zmk: apply_config: LISTENER INDEX: 0[0m
[00:00:15.460,601] [0m<dbg> zmk: scale_val: scaled 0 with 1/1 to 0 with remainder 0[0m
[00:00:15.460,632] [0m<dbg> zmk: zmk_hid_mouse_movement_set: Mouse movement set to -1/0[0m
[00:00:15.460,662] [0m<dbg> zmk: zmk_hid_mouse_scroll_set: Mouse scroll set to 0/0[0m
[00:00:15.460,693] [0m<dbg> zmk: zmk_hid_mouse_movement_set: Mouse movement set to 0/0[0m
[00:00:15.469,848] [0m<dbg> zmk: apply_config: LISTENER INDEX: 0[0m
[00:00:15.469,848] [0m<dbg> zmk: scale_val: scaled -3 with 1/1 to -3 with remainder 0[0m
[00:00:15.469,909] [0m<dbg> zmk: apply_config: LISTENER INDEX: 0[0m
[00:00:15.469,940] [0m<dbg> zmk: scale_val: scaled -7 with 1/1 to -7 with remainder 0[0m
[00:00:15.469,940] [0m<dbg> zmk: zmk_hid_mouse_movement_set: Mouse movement set to -3/-7[0m
[00:00:15.470,184] [0m<dbg> zmk: zmk_hid_mouse_scroll_set: Mouse scroll set to 0/0[0m
[00:00:15.470,275] [0m<dbg> zmk: zmk_hid_mouse_movement_set: Mouse movement set to 0/0[0m
[00:00:15.477,874] [0m<dbg> zmk: apply_config: LISTENER INDEX: 0[0m
[00:00:15.477,905] [0m<dbg> zmk: scale_val: scaled -7 with 1/1 to -7 with remainder 0[0m
[00:00:15.477,966] [0m<dbg> zmk: apply_config: LISTENER INDEX: 0[0m
[00:00:15.477,966] [0m<dbg> zmk: scale_val: scaled -13 with 1/1 to -13 with remainder 0[0m
[00:00:15.477,996] [0m<dbg> zmk: zmk_hid_mouse_movement_set: Mouse movement set to -7/-13[0m
[00:00:15.478,057] [0m<dbg> zmk: zmk_hid_mouse_scroll_set: Mouse scroll set to 0/0[0m
[00:00:15.478,057] [0m<dbg> zmk: zmk_hid_mouse_movement_set: Mouse movement set to 0/0[0m
[00:00:15.485,351] [0m<dbg> zmk: apply_config: LISTENER INDEX: 0[0m
[00:00:15.485,443] [0m<dbg> zmk: scale_val: scaled -13 with 1/1 to -13 with remainder 0[0m
[00:00:15.485,504] [0m<dbg> zmk: apply_config: LISTENER INDEX: 0[0m
[00:00:15.485,534] [0m<dbg> zmk: scale_val: scaled -24 with 1/1 to -24 with remainder 0[0m
[00:00:15.485,534] [0m<dbg> zmk: zmk_hid_mouse_movement_set: Mouse movement set to -13/-24[0m
[00:00:15.485,656] [0m<dbg> zmk: zmk_hid_mouse_scroll_set: Mouse scroll set to 0/0[0m
[00:00:15.485,656] [0m<dbg> zmk: zmk_hid_mouse_movement_set: Mouse movement set to 0/0[0m
[00:00:15.493,377] [0m<dbg> zmk: apply_config: LISTENER INDEX: 0[0m
[00:00:15.493,408] [0m<dbg> zmk: scale_val: scaled -21 with 1/1 to -21 with remainder 0[0m
[00:00:15.493,438] [0m<dbg> zmk: apply_config: LISTENER INDEX: 0[0m
[00:00:15.493,469] [0m<dbg> zmk: scale_val: scaled -49 with 1/1 to -49 with remainder 0[0m
[00:00:15.493,499] [0m<dbg> zmk: zmk_hid_mouse_movement_set: Mouse movement set to -21/-49[0m
[00:00:15.493,530] [0m<dbg> zmk: zmk_hid_mouse_scroll_set: Mouse scroll set to 0/0[0m
[00:00:15.493,560] [0m<dbg> zmk: zmk_hid_mouse_movement_set: Mouse movement set to 0/0[0m
[00:00:15.501,495] [0m<dbg> zmk: apply_config: LISTENER INDEX: 0[0m
[00:00:15.501,525] [0m<dbg> zmk: scale_val: scaled -30 with 1/1 to -30 with remainder 0[0m
[00:00:15.501,586] [0m<dbg> zmk: apply_config: LISTENER INDEX: 0[0m
[00:00:15.501,586] [0m<dbg> zmk: scale_val: scaled -72 with 1/1 to -72 with remainder 0[0m
[00:00:15.501,617] [0m<dbg> zmk: zmk_hid_mouse_movement_set: Mouse movement set to -30/-72[0m
[00:00:15.501,678] [0m<dbg> zmk: zmk_hid_mouse_scroll_set: Mouse scroll set to 0/0[0m
[00:00:15.501,678] [0m<dbg> zmk: zmk_hid_mouse_movement_set: Mouse movement set to 0/0[0m
[00:00:15.509,460] [0m<dbg> zmk: apply_config: LISTENER INDEX: 0[0m
[00:00:15.509,490] [0m<dbg> zmk: scale_val: scaled -41 with 1/1 to -41 with remainder 0[0m
[00:00:15.509,521] [0m<dbg> zmk: apply_config: LISTENER INDEX: 0[0m
[00:00:15.509,552] [0m<dbg> zmk: scale_val: scaled -82 with 1/1 to -82 with remainder 0[0m
[00:00:15.509,582] [0m<dbg> zmk: zmk_hid_mouse_movement_set: Mouse movement set to -41/-82[0m
[00:00:15.509,643] [0m<dbg> zmk: zmk_hid_mouse_scroll_set: Mouse scroll set to 0/0[0m
[00:00:15.509,643] [0m<dbg> zmk: zmk_hid_mouse_movement_set: Mouse movement set to 0/0[0m
[00:00:15.517,486] [0m<dbg> zmk: apply_config: LISTENER INDEX: 0[0m
[00:00:15.517,517] [0m<dbg> zmk: scale_val: scaled -41 with 1/1 to -41 with remainder 0[0m
[00:00:15.517,578] [0m<dbg> zmk: apply_config: LISTENER INDEX: 0[0m
[00:00:15.517,578] [0m<dbg> zmk: scale_val: scaled -117 with 1/1 to -117 with remainder 0[0m
[00:00:15.517,608] [0m<dbg> zmk: zmk_hid_mouse_movement_set: Mouse movement set to -41/-117[0m
[00:00:15.517,669] [0m<dbg> zmk: zmk_hid_mouse_scroll_set: Mouse scroll set to 0/0[0m
[00:00:15.517,669] [0m<dbg> zmk: zmk_hid_mouse_movement_set: Mouse movement set to 0/0[0m
[00:00:15.525,543] [0m<dbg> zmk: apply_config: LISTENER INDEX: 0[0m
[00:00:15.525,573] [0m<dbg> zmk: scale_val: scaled -41 with 1/1 to -41 with remainder 0[0m
[00:00:15.525,634] [0m<dbg> zmk: apply_config: LISTENER INDEX: 0[0m
[00:00:15.525,634] [0m<dbg> zmk: scale_val: scaled -158 with 1/1 to -158 with remainder 0[0m
[00:00:15.525,665] [0m<dbg> zmk: zmk_hid_mouse_movement_set: Mouse movement set to -41/-158[0m
[00:00:15.525,726] [0m<dbg> zmk: zmk_hid_mouse_scroll_set: Mouse scroll set to 0/0[0m
[00:00:15.525,726] [0m<dbg> zmk: zmk_hid_mouse_movement_set: Mouse movement set to 0/0[0m
[00:00:15.533,660] [0m<dbg> zmk: apply_config: LISTENER INDEX: 0[0m
[00:00:15.533,691] [0m<dbg> zmk: scale_val: scaled -30 with 1/1 to -30 with remainder 0[0m
[00:00:15.533,721] [0m<dbg> zmk: apply_config: LISTENER INDEX: 0[0m
[00:00:15.533,752] [0m<dbg> zmk: scale_val: scaled -151 with 1/1 to -151 with remainder 0[0m
[00:00:15.533,782] [0m<dbg> zmk: zmk_hid_mouse_movement_set: Mouse movement set to -30/-151[0m
[00:00:15.533,813] [0m<dbg> zmk: zmk_hid_mouse_scroll_set: Mouse scroll set to 0/0[0m
[00:00:15.533,843] [0m<dbg> zmk: zmk_hid_mouse_movement_set: Mouse movement set to 0/0[0m
[00:00:15.541,687] [0m<dbg> zmk: apply_config: LISTENER INDEX: 0[0m
[00:00:15.541,687] [0m<dbg> zmk: scale_val: scaled -24 with 1/1 to -24 with remainder 0[0m
[00:00:15.541,748] [0m<dbg> zmk: apply_config: LISTENER INDEX: 0[0m
[00:00:15.541,778] [0m<dbg> zmk: scale_val: scaled -123 with 1/1 to -123 with remainder 0[0m
[00:00:15.541,778] [0m<dbg> zmk: zmk_hid_mouse_movement_set: Mouse movement set to -24/-123[0m
[00:00:15.541,839] [0m<dbg> zmk: zmk_hid_mouse_scroll_set: Mouse scroll set to 0/0[0m
[00:00:15.541,870] [0m<dbg> zmk: zmk_hid_mouse_movement_set: Mouse movement set to 0/0[0m
[00:00:15.550,628] [0m<dbg> zmk: apply_config: LISTENER INDEX: 0[0m
[00:00:15.550,659] [0m<dbg> zmk: scale_val: scaled -18 with 1/1 to -18 with remainder 0[0m
[00:00:15.550,720] [0m<dbg> zmk: apply_config: LISTENER INDEX: 0[0m
[00:00:15.550,720] [0m<dbg> zmk: scale_val: scaled -105 with 1/1 to -105 with remainder 0[0m
[00:00:15.550,750] [0m<dbg> zmk: zmk_hid_mouse_movement_set: Mouse movement set to -18/-105[0m
[00:00:15.550,811] [0m<dbg> zmk: zmk_hid_mouse_scroll_set: Mouse scroll set to 0/0[0m
[00:00:15.550,842] [0m<dbg> zmk: zmk_hid_mouse_movement_set: Mouse movement set to 0/0[0m
[00:00:15.557,830] [0m<dbg> zmk: apply_config: LISTENER INDEX: 0[0m
[00:00:15.557,830] [0m<dbg> zmk: scale_val: scaled -15 with 1/1 to -15 with remainder 0[0m
[00:00:15.557,891] [0m<dbg> zmk: apply_config: LISTENER INDEX: 0[0m
[00:00:15.557,922] [0m<dbg> zmk: scale_val: scaled -87 with 1/1 to -87 with remainder 0[0m
[00:00:15.557,922] [0m<dbg> zmk: zmk_hid_mouse_movement_set: Mouse movement set to -15/-87[0m
[00:00:15.558,044] [0m<dbg> zmk: zmk_hid_mouse_scroll_set: Mouse scroll set to 0/0[0m
[00:00:15.558,074] [0m<dbg> zmk: zmk_hid_mouse_movement_set: Mouse movement set to 0/0[0m
[00:00:15.566,558] [0m<dbg> zmk: apply_config: LISTENER INDEX: 0[0m
[00:00:15.566,589] [0m<dbg> zmk: scale_val: scaled -9 with 1/1 to -9 with remainder 0[0m
[00:00:15.566,650] [0m<dbg> zmk: apply_config: LISTENER INDEX: 0[0m
[00:00:15.566,650] [0m<dbg> zmk: scale_val: scaled -53 with 1/1 to -53 with remainder 0[0m
[00:00:15.566,680] [0m<dbg> zmk: zmk_hid_mouse_movement_set: Mouse movement set to -9/-53[0m
[00:00:15.566,741] [0m<dbg> zmk: zmk_hid_mouse_scroll_set: Mouse scroll set to 0/0[0m
[00:00:15.566,741] [0m<dbg> zmk: zmk_hid_mouse_movement_set: Mouse movement set to 0/0[0m
[00:00:15.574,707] [0m<dbg> zmk: apply_config: LISTENER INDEX: 0[0m
[00:00:15.574,737] [0m<dbg> zmk: scale_val: scaled -5 with 1/1 to -5 with remainder 0[0m
[00:00:15.574,768] [0m<dbg> zmk: apply_config: LISTENER INDEX: 0[0m
[00:00:15.574,798] [0m<dbg> zmk: scale_val: scaled -62 with 1/1 to -62 with remainder 0[0m
[00:00:15.574,829] [0m<dbg> zmk: zmk_hid_mouse_movement_set: Mouse movement set to -5/-62[0m
[00:00:15.574,859] [0m<dbg> zmk: zmk_hid_mouse_scroll_set: Mouse scroll set to 0/0[0m
[00:00:15.574,890] [0m<dbg> zmk: zmk_hid_mouse_movement_set: Mouse movement set to 0/0[0m
[00:00:15.582,794] [0m<dbg> zmk: apply_config: LISTENER INDEX: 0[0m
[00:00:15.582,824] [0m<dbg> zmk: scale_val: scaled -2 with 1/1 to -2 with remainder 0[0m
[00:00:15.582,885] [0m<dbg> zmk: apply_config: LISTENER INDEX: 0[0m
[00:00:15.582,885] [0m<dbg> zmk: scale_val: scaled -53 with 1/1 to -53 with remainder 0[0m
[00:00:15.582,916] [0m<dbg> zmk: zmk_hid_mouse_movement_set: Mouse movement set to -2/-53[0m
[00:00:15.582,946] [0m<dbg> zmk: zmk_hid_mouse_scroll_set: Mouse scroll set to 0/0[0m
[00:00:15.582,977] [0m<dbg> zmk: zmk_hid_mouse_movement_set: Mouse movement set to 0/0[0m
[00:00:15.590,972] [0m<dbg> zmk: apply_config: LISTENER INDEX: 0[0m
[00:00:15.591,003] [0m<dbg> zmk: scale_val: scaled -2 with 1/1 to -2 with remainder 0[0m
[00:00:15.591,125] [0m<dbg> zmk: apply_config: LISTENER INDEX: 0[0m
[00:00:15.591,125] [0m<dbg> zmk: scale_val: scaled -37 with 1/1 to -37 with remainder 0[0m
[00:00:15.591,156] [0m<dbg> zmk: zmk_hid_mouse_movement_set: Mouse movement set to -2/-37[0m
[00:00:15.591,217] [0m<dbg> zmk: zmk_hid_mouse_scroll_set: Mouse scroll set to 0/0[0m
[00:00:15.591,217] [0m<dbg> zmk: zmk_hid_mouse_movement_set: Mouse movement set to 0/0[0m
[00:00:15.598,327] [0m<dbg> zmk: apply_config: LISTENER INDEX: 0[0m
[00:00:15.598,419] [0m<dbg> zmk: scale_val: scaled -1 with 1/1 to -1 with remainder 0[0m
[00:00:15.598,449] [0m<dbg> zmk: apply_config: LISTENER INDEX: 0[0m
[00:00:15.598,480] [0m<dbg> zmk: scale_val: scaled -27 with 1/1 to -27 with remainder 0[0m
[00:00:15.598,510] [0m<dbg> zmk: zmk_hid_mouse_movement_set: Mouse movement set to -1/-27[0m
[00:00:15.598,541] [0m<dbg> zmk: zmk_hid_mouse_scroll_set: Mouse scroll set to 0/0[0m
[00:00:15.598,571] [0m<dbg> zmk: zmk_hid_mouse_movement_set: Mouse movement set to 0/0[0m
[00:00:15.606,872] [0m<dbg> zmk: apply_config: LISTENER INDEX: 0[0m
[00:00:15.606,903] [0m<dbg> zmk: scale_val: scaled -1 with 1/1 to -1 with remainder 0[0m
[00:00:15.606,964] [0m<dbg> zmk: apply_config: LISTENER INDEX: 0[0m
[00:00:15.606,964] [0m<dbg> zmk: scale_val: scaled -18 with 1/1 to -18 with remainder 0[0m
[00:00:15.606,994] [0m<dbg> zmk: zmk_hid_mouse_movement_set: Mouse movement set to -1/-18[0m
[00:00:15.607,055] [0m<dbg> zmk: zmk_hid_mouse_scroll_set: Mouse scroll set to 0/0[0m
[00:00:15.607,055] [0m<dbg> zmk: zmk_hid_mouse_movement_set: Mouse movement set to 0/0[0m
[00:00:15.613,677] [0m<dbg> zmk: apply_config: LISTENER INDEX: 0[0m
[00:00:15.613,708] [0m<dbg> zmk: scale_val: scaled 2 with 1/1 to 2 with remainder 0[0m
[00:00:15.613,769] [0m<dbg> zmk: apply_config: LISTENER INDEX: 0[0m
[00:00:15.613,769] [0m<dbg> zmk: scale_val: scaled -2 with 1/1 to -2 with remainder 0[0m
[00:00:15.613,800] [0m<dbg> zmk: zmk_hid_mouse_movement_set: Mouse movement set to 2/-2[0m
[00:00:15.613,861] [0m<dbg> zmk: zmk_hid_mouse_scroll_set: Mouse scroll set to 0/0[0m
[00:00:15.613,861] [0m<dbg> zmk: zmk_hid_mouse_movement_set: Mouse movement set to 0/0[0m
[00:00:15.621,734] [0m<dbg> zmk: apply_config: LISTENER INDEX: 0[0m
[00:00:15.621,734] [0m<dbg> zmk: scale_val: scaled 5 with 1/1 to 5 with remainder 0[0m
[00:00:15.621,795] [0m<dbg> zmk: apply_config: LISTENER INDEX: 0[0m
[00:00:15.621,826] [0m<dbg> zmk: scale_val: scaled -3 with 1/1 to -3 with remainder 0[0m
[00:00:15.621,826] [0m<dbg> zmk: zmk_hid_mouse_movement_set: Mouse movement set to 5/-3[0m
[00:00:15.621,887] [0m<dbg> zmk: zmk_hid_mouse_scroll_set: Mouse scroll set to 0/0[0m
[00:00:15.621,917] [0m<dbg> zmk: zmk_hid_mouse_movement_set: Mouse movement set to 0/0[0m
[00:00:15.631,134] [0m<dbg> zmk: apply_config: LISTENER INDEX: 0[0m
[00:00:15.631,134] [0m<dbg> zmk: scale_val: scaled 5 with 1/1 to 5 with remainder 0[0m
[00:00:15.631,195] [0m<dbg> zmk: apply_config: LISTENER INDEX: 0[0m
[00:00:15.631,225] [0m<dbg> zmk: scale_val: scaled -2 with 1/1 to -2 with remainder 0[0m
[00:00:15.631,225] [0m<dbg> zmk: zmk_hid_mouse_movement_set: Mouse movement set to 5/-2[0m
[00:00:15.631,286] [0m<dbg> zmk: zmk_hid_mouse_scroll_set: Mouse scroll set to 0/0[0m
[00:00:15.631,286] [0m<dbg> zmk: zmk_hid_mouse_movement_set: Mouse movement set to 0/0[0m
[00:00:15.639,343] [0m<dbg> zmk: apply_config: LISTENER INDEX: 0[0m
[00:00:15.639,343] [0m<dbg> zmk: scale_val: scaled 5 with 1/1 to 5 with remainder 0[0m
[00:00:15.639,404] [0m<dbg> zmk: apply_config: LISTENER INDEX: 0[0m
[00:00:15.639,434] [0m<dbg> zmk: scale_val: scaled -1 with 1/1 to -1 with remainder 0[0m
[00:00:15.639,434] [0m<dbg> zmk: zmk_hid_mouse_movement_set: Mouse movement set to 5/-1[0m
[00:00:15.639,495] [0m<dbg> zmk: zmk_hid_mouse_scroll_set: Mouse scroll set to 0/0[0m
[00:00:15.639,526] [0m<dbg> zmk: zmk_hid_mouse_movement_set: Mouse movement set to 0/0[0m
[00:00:15.646,453] [0m<dbg> zmk: apply_config: LISTENER INDEX: 0[0m
[00:00:15.646,484] [0m<dbg> zmk: scale_val: scaled 3 with 1/1 to 3 with remainder 0[0m
[00:00:15.646,636] [0m<dbg> zmk: apply_config: LISTENER INDEX: 0[0m
[00:00:15.646,667] [0m<dbg> zmk: scale_val: scaled 0 with 1/1 to 0 with remainder 0[0m
[00:00:15.646,759] [0m<dbg> zmk: zmk_hid_mouse_movement_set: Mouse movement set to 3/0[0m
[00:00:15.646,820] [0m<dbg> zmk: zmk_hid_mouse_scroll_set: Mouse scroll set to 0/0[0m
[00:00:15.646,850] [0m<dbg> zmk: zmk_hid_mouse_movement_set: Mouse movement set to 0/0[0m
[00:00:15.655,273] [0m<dbg> zmk: apply_config: LISTENER INDEX: 0[0m
[00:00:15.655,273] [0m<dbg> zmk: scale_val: scaled 7 with 1/1 to 7 with remainder 0[0m
[00:00:15.655,334] [0m<dbg> zmk: apply_config: LISTENER INDEX: 0[0m
[00:00:15.655,364] [0m<dbg> zmk: scale_val: scaled 2 with 1/1 to 2 with remainder 0[0m
[00:00:15.655,364] [0m<dbg> zmk: zmk_hid_mouse_movement_set: Mouse movement set to 7/2[0m
[00:00:15.655,426] [0m<dbg> zmk: zmk_hid_mouse_scroll_set: Mouse scroll set to 0/0[0m
[00:00:15.655,456] [0m<dbg> zmk: zmk_hid_mouse_movement_set: Mouse movement set to 0/0[0m
[00:00:15.663,360] [0m<dbg> zmk: apply_config: LISTENER INDEX: 0[0m
[00:00:15.663,360] [0m<dbg> zmk: scale_val: scaled 7 with 1/1 to 7 with remainder 0[0m
[00:00:15.663,421] [0m<dbg> zmk: apply_config: LISTENER INDEX: 0[0m
[00:00:15.663,452] [0m<dbg> zmk: scale_val: scaled 13 with 1/1 to 13 with remainder 0[0m
[00:00:15.663,452] [0m<dbg> zmk: zmk_hid_mouse_movement_set: Mouse movement set to 7/13[0m
[00:00:15.663,513] [0m<dbg> zmk: zmk_hid_mouse_scroll_set: Mouse scroll set to 0/0[0m
[00:00:15.663,543] [0m<dbg> zmk: zmk_hid_mouse_movement_set: Mouse movement set to 0/0[0m
[00:00:15.670,989] [0m<dbg> zmk: apply_config: LISTENER INDEX: 0[0m
[00:00:15.671,051] [0m<dbg> zmk: scale_val: scaled 9 with 1/1 to 9 with remainder 0[0m
[00:00:15.671,112] [0m<dbg> zmk: apply_config: LISTENER INDEX: 0[0m
[00:00:15.671,112] [0m<dbg> zmk: scale_val: scaled 33 with 1/1 to 33 with remainder 0[0m
[00:00:15.671,142] [0m<dbg> zmk: zmk_hid_mouse_movement_set: Mouse movement set to 9/33[0m
[00:00:15.671,203] [0m<dbg> zmk: zmk_hid_mouse_scroll_set: Mouse scroll set to 0/0[0m
[00:00:15.671,203] [0m<dbg> zmk: zmk_hid_mouse_movement_set: Mouse movement set to 0/0[0m
[00:00:15.678,710] [0m<dbg> zmk: apply_config: LISTENER INDEX: 0[0m
[00:00:15.678,741] [0m<dbg> zmk: scale_val: scaled 5 with 1/1 to 5 with remainder 0[0m
[00:00:15.678,802] [0m<dbg> zmk: apply_config: LISTENER INDEX: 0[0m
[00:00:15.678,802] [0m<dbg> zmk: scale_val: scaled 45 with 1/1 to 45 with remainder 0[0m
[00:00:15.678,833] [0m<dbg> zmk: zmk_hid_mouse_movement_set: Mouse movement set to 5/45[0m
[00:00:15.678,863] [0m<dbg> zmk: zmk_hid_mouse_scroll_set: Mouse scroll set to 0/0[0m
[00:00:15.678,894] [0m<dbg> zmk: zmk_hid_mouse_movement_set: Mouse movement set to 0/0[0m
[00:00:15.686,767] [0m<dbg> zmk: apply_config: LISTENER INDEX: 0[0m
[00:00:15.686,798] [0m<dbg> zmk: scale_val: scaled 2 with 1/1 to 2 with remainder 0[0m
[00:00:15.686,859] [0m<dbg> zmk: apply_config: LISTENER INDEX: 0[0m
[00:00:15.686,859] [0m<dbg> zmk: scale_val: scaled 62 with 1/1 to 62 with remainder 0[0m
[00:00:15.686,889] [0m<dbg> zmk: zmk_hid_mouse_movement_set: Mouse movement set to 2/62[0m
[00:00:15.686,950] [0m<dbg> zmk: zmk_hid_mouse_scroll_set: Mouse scroll set to 0/0[0m
[00:00:15.686,950] [0m<dbg> zmk: zmk_hid_mouse_movement_set: Mouse movement set to 0/0[0m
[00:00:15.694,824] [0m<dbg> zmk: apply_config: LISTENER INDEX: 0[0m
[00:00:15.694,854] [0m<dbg> zmk: scale_val: scaled 0 with 1/1 to 0 with remainder 0[0m
[00:00:15.694,915] [0m<dbg> zmk: apply_config: LISTENER INDEX: 0[0m
[00:00:15.694,915] [0m<dbg> zmk: scale_val: scaled 82 with 1/1 to 82 with remainder 0[0m
[00:00:15.694,946] [0m<dbg> zmk: zmk_hid_mouse_movement_set: Mouse movement set to 0/82[0m
[00:00:15.695,068] [0m<dbg> zmk: zmk_hid_mouse_scroll_set: Mouse scroll set to 0/0[0m
[00:00:15.695,068] [0m<dbg> zmk: zmk_hid_mouse_movement_set: Mouse movement set to 0/0[0m
[00:00:15.702,880] [0m<dbg> zmk: apply_config: LISTENER INDEX: 0[0m
[00:00:15.702,911] [0m<dbg> zmk: scale_val: scaled -1 with 1/1 to -1 with remainder 0[0m
[00:00:15.702,972] [0m<dbg> zmk: apply_config: LISTENER INDEX: 0[0m
[00:00:15.703,002] [0m<dbg> zmk: scale_val: scaled 93 with 1/1 to 93 with remainder 0[0m
[00:00:15.703,002] [0m<dbg> zmk: zmk_hid_mouse_movement_set: Mouse movement set to -1/93[0m
[00:00:15.703,063] [0m<dbg> zmk: zmk_hid_mouse_scroll_set: Mouse scroll set to 0/0[0m
[00:00:15.703,063] [0m<dbg> zmk: zmk_hid_mouse_movement_set: Mouse movement set to 0/0[0m
[00:00:15.710,968] [0m<dbg> zmk: apply_config: LISTENER INDEX: 0[0m
[00:00:15.711,059] [0m<dbg> zmk: scale_val: scaled -3 with 1/1 to -3 with remainder 0[0m
[00:00:15.711,090] [0m<dbg> zmk: apply_config: LISTENER INDEX: 0[0m
[00:00:15.711,120] [0m<dbg> zmk: scale_val: scaled 99 with 1/1 to 99 with remainder 0[0m
[00:00:15.711,120] [0m<dbg> zmk: zmk_hid_mouse_movement_set: Mouse movement set to -3/99[0m
[00:00:15.711,181] [0m<dbg> zmk: zmk_hid_mouse_scroll_set: Mouse scroll set to 0/0[0m
[00:00:15.711,212] [0m<dbg> zmk: zmk_hid_mouse_movement_set: Mouse movement set to 0/0[0m
[00:00:15.719,024] [0m<dbg> zmk: apply_config: LISTENER INDEX: 0[0m
[00:00:15.719,055] [0m<dbg> zmk: scale_val: scaled -2 with 1/1 to -2 with remainder 0[0m
[00:00:15.719,116] [0m<dbg> zmk: apply_config: LISTENER INDEX: 0[0m
[00:00:15.719,146] [0m<dbg> zmk: scale_val: scaled 99 with 1/1 to 99 with remainder 0[0m
[00:00:15.719,146] [0m<dbg> zmk: zmk_hid_mouse_movement_set: Mouse movement set to -2/99[0m
[00:00:15.719,207] [0m<dbg> zmk: zmk_hid_mouse_scroll_set: Mouse scroll set to 0/0[0m
[00:00:15.719,207] [0m<dbg> zmk: zmk_hid_mouse_movement_set: Mouse movement set to 0/0[0m
[00:00:15.727,081] [0m<dbg> zmk: apply_config: LISTENER INDEX: 0[0m
[00:00:15.727,081] [0m<dbg> zmk: scale_val: scaled -1 with 1/1 to -1 with remainder 0[0m
[00:00:15.727,142] [0m<dbg> zmk: apply_config: LISTENER INDEX: 0[0m
[00:00:15.727,264] [0m<dbg> zmk: scale_val: scaled 99 with 1/1 to 99 with remainder 0[0m
[00:00:15.727,355] [0m<dbg> zmk: zmk_hid_mouse_movement_set: Mouse movement set to -1/99[0m
[00:00:15.727,416] [0m<dbg> zmk: zmk_hid_mouse_scroll_set: Mouse scroll set to 0/0[0m
[00:00:15.727,416] [0m<dbg> zmk: zmk_hid_mouse_movement_set: Mouse movement set to 0/0[0m
[00:00:15.735,137] [0m<dbg> zmk: apply_config: LISTENER INDEX: 0[0m
[00:00:15.735,168] [0m<dbg> zmk: scale_val: scaled -1 with 1/1 to -1 with remainder 0[0m
[00:00:15.735,290] [0m<dbg> zmk: apply_config: LISTENER INDEX: 0[0m
[00:00:15.735,321] [0m<dbg> zmk: scale_val: scaled 99 with 1/1 to 99 with remainder 0[0m
[00:00:15.735,321] [0m<dbg> zmk: zmk_hid_mouse_movement_set: Mouse movement set to -1/99[0m
[00:00:15.735,382] [0m<dbg> zmk: zmk_hid_mouse_scroll_set: Mouse scroll set to 0/0[0m
[00:00:15.735,412] [0m<dbg> zmk: zmk_hid_mouse_movement_set: Mouse movement set to 0/0[0m
[00:00:15.743,194] [0m<dbg> zmk: apply_config: LISTENER INDEX: 0[0m
[00:00:15.743,194] [0m<dbg> zmk: scale_val: scaled 0 with 1/1 to 0 with remainder 0[0m
[00:00:15.743,286] [0m<dbg> zmk: apply_config: LISTENER INDEX: 0[0m
[00:00:15.743,316] [0m<dbg> zmk: scale_val: scaled 99 with 1/1 to 99 with remainder 0[0m
[00:00:15.743,316] [0m<dbg> zmk: zmk_hid_mouse_movement_set: Mouse movement set to 0/99[0m
[00:00:15.743,377] [0m<dbg> zmk: zmk_hid_mouse_scroll_set: Mouse scroll set to 0/0[0m
[00:00:15.743,377] [0m<dbg> zmk: zmk_hid_mouse_movement_set: Mouse movement set to 0/0[0m
[00:00:15.751,281] [0m<dbg> zmk: apply_config: LISTENER INDEX: 0[0m
[00:00:15.751,312] [0m<dbg> zmk: scale_val: scaled 0 with 1/1 to 0 with remainder 0[0m
[00:00:15.751,373] [0m<dbg> zmk: apply_config: LISTENER INDEX: 0[0m
[00:00:15.751,373] [0m<dbg> zmk: scale_val: scaled 93 with 1/1 to 93 with remainder 0[0m
[00:00:15.751,403] [0m<dbg> zmk: zmk_hid_mouse_movement_set: Mouse movement set to 0/93[0m
[00:00:15.751,464] [0m<dbg> zmk: zmk_hid_mouse_scroll_set: Mouse scroll set to 0/0[0m
[00:00:15.751,464] [0m<dbg> zmk: zmk_hid_mouse_movement_set: Mouse movement set to 0/0[0m
[00:00:15.759,338] [0m<dbg> zmk: apply_config: LISTENER INDEX: 0[0m
[00:00:15.759,368] [0m<dbg> zmk: scale_val: scaled 0 with 1/1 to 0 with remainder 0[0m
[00:00:15.759,429] [0m<dbg> zmk: apply_config: LISTENER INDEX: 0[0m
[00:00:15.759,429] [0m<dbg> zmk: scale_val: scaled 93 with 1/1 to 93 with remainder 0[0m
[00:00:15.759,460] [0m<dbg> zmk: zmk_hid_mouse_movement_set: Mouse movement set to 0/93[0m
[00:00:15.759,521] [0m<dbg> zmk: zmk_hid_mouse_scroll_set: Mouse scroll set to 0/0[0m
[00:00:15.759,521] [0m<dbg> zmk: zmk_hid_mouse_movement_set: Mouse movement set to 0/0[0m
[00:00:15.768,096] [0m<dbg> zmk: apply_config: LISTENER INDEX: 0[0m
[00:00:15.768,127] [0m<dbg> zmk: scale_val: scaled 1 with 1/1 to 1 with remainder 0[0m
[00:00:15.768,188] [0m<dbg> zmk: apply_config: LISTENER INDEX: 0[0m
[00:00:15.768,218] [0m<dbg> zmk: scale_val: scaled 53 with 1/1 to 53 with remainder 0[0m
[00:00:15.768,218] [0m<dbg> zmk: zmk_hid_mouse_movement_set: Mouse movement set to 1/53[0m
[00:00:15.768,280] [0m<dbg> zmk: zmk_hid_mouse_scroll_set: Mouse scroll set to 0/0[0m
[00:00:15.768,310] [0m<dbg> zmk: zmk_hid_mouse_movement_set: Mouse movement set to 0/0[0m
[00:00:15.776,153] [0m<dbg> zmk: apply_config: LISTENER INDEX: 0[0m
[00:00:15.776,184] [0m<dbg> zmk: scale_val: scaled 2 with 1/1 to 2 with remainder 0[0m
[00:00:15.776,245] [0m<dbg> zmk: apply_config: LISTENER INDEX: 0[0m
[00:00:15.776,245] [0m<dbg> zmk: scale_val: scaled 49 with 1/1 to 49 with remainder 0[0m
[00:00:15.776,275] [0m<dbg> zmk: zmk_hid_mouse_movement_set: Mouse movement set to 2/49[0m
[00:00:15.776,336] [0m<dbg> zmk: zmk_hid_mouse_scroll_set: Mouse scroll set to 0/0[0m
[00:00:15.776,336] [0m<dbg> zmk: zmk_hid_mouse_movement_set: Mouse movement set to 0/0[0m
[00:00:15.783,691] [0m<dbg> zmk: apply_config: LISTENER INDEX: 0[0m
[00:00:15.783,691] [0m<dbg> zmk: scale_val: scaled 2 with 1/1 to 2 with remainder 0[0m
[00:00:15.783,752] [0m<dbg> zmk: apply_config: LISTENER INDEX: 0[0m
[00:00:15.783,782] [0m<dbg> zmk: scale_val: scaled 37 with 1/1 to 37 with remainder 0[0m
[00:00:15.783,782] [0m<dbg> zmk: zmk_hid_mouse_movement_set: Mouse movement set to 2/37[0m
[00:00:15.783,843] [0m<dbg> zmk: zmk_hid_mouse_scroll_set: Mouse scroll set to 0/0[0m
[00:00:15.783,874] [0m<dbg> zmk: zmk_hid_mouse_movement_set: Mouse movement set to 0/0[0m
[00:00:15.792,419] [0m<dbg> zmk: apply_config: LISTENER INDEX: 0[0m
[00:00:15.792,449] [0m<dbg> zmk: scale_val: scaled 2 with 1/1 to 2 with remainder 0[0m
[00:00:15.792,510] [0m<dbg> zmk: apply_config: LISTENER INDEX: 0[0m
[00:00:15.792,510] [0m<dbg> zmk: scale_val: scaled 24 with 1/1 to 24 with remainder 0[0m
[00:00:15.792,541] [0m<dbg> zmk: zmk_hid_mouse_movement_set: Mouse movement set to 2/24[0m
[00:00:15.792,602] [0m<dbg> zmk: zmk_hid_mouse_scroll_set: Mouse scroll set to 0/0[0m
[00:00:15.792,602] [0m<dbg> zmk: zmk_hid_mouse_movement_set: Mouse movement set to 0/0[0m
[00:00:15.800,323] [0m<dbg> zmk: apply_config: LISTENER INDEX: 0[0m
[00:00:15.800,323] [0m<dbg> zmk: scale_val: scaled 1 with 1/1 to 1 with remainder 0[0m
[00:00:15.800,384] [0m<dbg> zmk: apply_config: LISTENER INDEX: 0[0m
[00:00:15.800,415] [0m<dbg> zmk: scale_val: scaled 18 with 1/1 to 18 with remainder 0[0m
[00:00:15.800,415] [0m<dbg> zmk: zmk_hid_mouse_movement_set: Mouse movement set to 1/18[0m
[00:00:15.800,476] [0m<dbg> zmk: zmk_hid_mouse_scroll_set: Mouse scroll set to 0/0[0m
[00:00:15.800,506] [0m<dbg> zmk: zmk_hid_mouse_movement_set: Mouse movement set to 0/0[0m
[00:00:16.032,836] [0m<dbg> zmk: apply_config: LISTENER INDEX: 0[0m
[00:00:16.032,836] [0m<dbg> zmk: scale_val: scaled 0 with 1/1 to 0 with remainder 0[0m
[00:00:16.032,897] [0m<dbg> zmk: apply_config: LISTENER INDEX: 0[0m
[00:00:16.032,928] [0m<dbg> zmk: scale_val: scaled 1 with 1/1 to 1 with remainder 0[0m
[00:00:16.032,928] [0m<dbg> zmk: zmk_hid_mouse_movement_set: Mouse movement set to 0/1[0m
[00:00:16.032,989] [0m<dbg> zmk: zmk_hid_mouse_scroll_set: Mouse scroll set to 0/0[0m
[00:00:16.033,020] [0m<dbg> zmk: zmk_hid_mouse_movement_set: Mouse movement set to 0/0[0m
[00:00:16.042,175] [0m<dbg> zmk: apply_config: LISTENER INDEX: 0[0m
[00:00:16.042,205] [0m<dbg> zmk: scale_val: scaled -2 with 1/1 to -2 with remainder 0[0m
[00:00:16.042,266] [0m<dbg> zmk: apply_config: LISTENER INDEX: 0[0m
[00:00:16.042,266] [0m<dbg> zmk: scale_val: scaled 2 with 1/1 to 2 with remainder 0[0m
[00:00:16.042,297] [0m<dbg> zmk: zmk_hid_mouse_movement_set: Mouse movement set to -2/2[0m
[00:00:16.042,358] [0m<dbg> zmk: zmk_hid_mouse_scroll_set: Mouse scroll set to 0/0[0m
[00:00:16.042,358] [0m<dbg> zmk: zmk_hid_mouse_movement_set: Mouse movement set to 0/0[0m
[00:00:16.050,292] [0m<dbg> zmk: apply_config: LISTENER INDEX: 0[0m
[00:00:16.050,323] [0m<dbg> zmk: scale_val: scaled -11 with 1/1 to -11 with remainder 0[0m
[00:00:16.050,384] [0m<dbg> zmk: apply_config: LISTENER INDEX: 0[0m
[00:00:16.050,384] [0m<dbg> zmk: scale_val: scaled 3 with 1/1 to 3 with remainder 0[0m
[00:00:16.050,415] [0m<dbg> zmk: zmk_hid_mouse_movement_set: Mouse movement set to -11/3[0m
[00:00:16.050,567] [0m<dbg> zmk: zmk_hid_mouse_scroll_set: Mouse scroll set to 0/0[0m
[00:00:16.050,659] [0m<dbg> zmk: zmk_hid_mouse_movement_set: Mouse movement set to 0/0[0m
[00:00:16.057,556] [0m<dbg> zmk: apply_config: LISTENER INDEX: 0[0m
[00:00:16.057,556] [0m<dbg> zmk: scale_val: scaled -21 with 1/1 to -21 with remainder 0[0m
[00:00:16.057,739] [0m<dbg> zmk: apply_config: LISTENER INDEX: 0[0m
[00:00:16.057,830] [0m<dbg> zmk: scale_val: scaled 5 with 1/1 to 5 with remainder 0[0m
[00:00:16.057,861] [0m<dbg> zmk: zmk_hid_mouse_movement_set: Mouse movement set to -21/5[0m
[00:00:16.057,922] [0m<dbg> zmk: zmk_hid_mouse_scroll_set: Mouse scroll set to 0/0[0m
[00:00:16.057,922] [0m<dbg> zmk: zmk_hid_mouse_movement_set: Mouse movement set to 0/0[0m
[00:00:16.065,582] [0m<dbg> zmk: apply_config: LISTENER INDEX: 0[0m
[00:00:16.065,612] [0m<dbg> zmk: scale_val: scaled -45 with 1/1 to -45 with remainder 0[0m
[00:00:16.065,673] [0m<dbg> zmk: apply_config: LISTENER INDEX: 0[0m
[00:00:16.065,673] [0m<dbg> zmk: scale_val: scaled 3 with 1/1 to 3 with remainder 0[0m
[00:00:16.065,704] [0m<dbg> zmk: zmk_hid_mouse_movement_set: Mouse movement set to -45/3[0m
[00:00:16.065,765] [0m<dbg> zmk: zmk_hid_mouse_scroll_set: Mouse scroll set to 0/0[0m
[00:00:16.065,765] [0m<dbg> zmk: zmk_hid_mouse_movement_set: Mouse movement set to 0/0[0m
[00:00:16.074,554] [0m<dbg> zmk: apply_config: LISTENER INDEX: 0[0m
[00:00:16.074,584] [0m<dbg> zmk: scale_val: scaled -37 with 1/1 to -37 with remainder 0[0m
[00:00:16.074,645] [0m<dbg> zmk: apply_config: LISTENER INDEX: 0[0m
[00:00:16.074,645] [0m<dbg> zmk: scale_val: scaled 3 with 1/1 to 3 with remainder 0[0m
[00:00:16.074,676] [0m<dbg> zmk: zmk_hid_mouse_movement_set: Mouse movement set to -37/3[0m
[00:00:16.074,737] [0m<dbg> zmk: zmk_hid_mouse_scroll_set: Mouse scroll set to 0/0[0m
[00:00:16.074,737] [0m<dbg> zmk: zmk_hid_mouse_movement_set: Mouse movement set to 0/0[0m
[00:00:16.082,000] [0m<dbg> zmk: apply_config: LISTENER INDEX: 0[0m
[00:00:16.082,092] [0m<dbg> zmk: scale_val: scaled -53 with 1/1 to -53 with remainder 0[0m
[00:00:16.082,153] [0m<dbg> zmk: apply_config: LISTENER INDEX: 0[0m
[00:00:16.082,183] [0m<dbg> zmk: scale_val: scaled 2 with 1/1 to 2 with remainder 0[0m
[00:00:16.082,183] [0m<dbg> zmk: zmk_hid_mouse_movement_set: Mouse movement set to -53/2[0m
[00:00:16.082,244] [0m<dbg> zmk: zmk_hid_mouse_scroll_set: Mouse scroll set to 0/0[0m
[00:00:16.082,244] [0m<dbg> zmk: zmk_hid_mouse_movement_set: Mouse movement set to 0/0[0m
[00:00:16.089,813] [0m<dbg> zmk: apply_config: LISTENER INDEX: 0[0m
[00:00:16.089,843] [0m<dbg> zmk: scale_val: scaled -72 with 1/1 to -72 with remainder 0[0m
[00:00:16.089,904] [0m<dbg> zmk: apply_config: LISTENER INDEX: 0[0m
[00:00:16.089,935] [0m<dbg> zmk: scale_val: scaled 2 with 1/1 to 2 with remainder 0[0m
[00:00:16.089,935] [0m<dbg> zmk: zmk_hid_mouse_movement_set: Mouse movement set to -72/2[0m
[00:00:16.089,996] [0m<dbg> zmk: zmk_hid_mouse_scroll_set: Mouse scroll set to 0/0[0m
[00:00:16.089,996] [0m<dbg> zmk: zmk_hid_mouse_movement_set: Mouse movement set to 0/0[0m
[00:00:16.097,869] [0m<dbg> zmk: apply_config: LISTENER INDEX: 0[0m
[00:00:16.097,900] [0m<dbg> zmk: scale_val: scaled -82 with 1/1 to -82 with remainder 0[0m
[00:00:16.097,930] [0m<dbg> zmk: apply_config: LISTENER INDEX: 0[0m
[00:00:16.097,961] [0m<dbg> zmk: scale_val: scaled 2 with 1/1 to 2 with remainder 0[0m
[00:00:16.097,961] [0m<dbg> zmk: zmk_hid_mouse_movement_set: Mouse movement set to -82/2[0m
[00:00:16.098,022] [0m<dbg> zmk: zmk_hid_mouse_scroll_set: Mouse scroll set to 0/0[0m
[00:00:16.098,052] [0m<dbg> zmk: zmk_hid_mouse_movement_set: Mouse movement set to 0/0[0m
[00:00:16.105,926] [0m<dbg> zmk: apply_config: LISTENER INDEX: 0[0m
[00:00:16.105,957] [0m<dbg> zmk: scale_val: scaled -87 with 1/1 to -87 with remainder 0[0m
[00:00:16.106,018] [0m<dbg> zmk: apply_config: LISTENER INDEX: 0[0m
[00:00:16.106,018] [0m<dbg> zmk: scale_val: scaled 2 with 1/1 to 2 with remainder 0[0m
[00:00:16.106,048] [0m<dbg> zmk: zmk_hid_mouse_movement_set: Mouse movement set to -87/2[0m
[00:00:16.106,079] [0m<dbg> zmk: zmk_hid_mouse_scroll_set: Mouse scroll set to 0/0[0m
[00:00:16.106,109] [0m<dbg> zmk: zmk_hid_mouse_movement_set: Mouse movement set to 0/0[0m
[00:00:16.113,983] [0m<dbg> zmk: apply_config: LISTENER INDEX: 0[0m
[00:00:16.114,013] [0m<dbg> zmk: scale_val: scaled -77 with 1/1 to -77 with remainder 0[0m
[00:00:16.114,074] [0m<dbg> zmk: apply_config: LISTENER INDEX: 0[0m
[00:00:16.114,074] [0m<dbg> zmk: scale_val: scaled 3 with 1/1 to 3 with remainder 0[0m
[00:00:16.114,105] [0m<dbg> zmk: zmk_hid_mouse_movement_set: Mouse movement set to -77/3[0m
[00:00:16.114,135] [0m<dbg> zmk: zmk_hid_mouse_scroll_set: Mouse scroll set to 0/0[0m
[00:00:16.114,166] [0m<dbg> zmk: zmk_hid_mouse_movement_set: Mouse movement set to 0/0[0m
[00:00:16.122,039] [0m<dbg> zmk: apply_config: LISTENER INDEX: 0[0m
[00:00:16.122,070] [0m<dbg> zmk: scale_val: scaled -77 with 1/1 to -77 with remainder 0[0m
[00:00:16.122,131] [0m<dbg> zmk: apply_config: LISTENER INDEX: 0[0m
[00:00:16.122,131] [0m<dbg> zmk: scale_val: scaled 3 with 1/1 to 3 with remainder 0[0m
[00:00:16.122,161] [0m<dbg> zmk: zmk_hid_mouse_movement_set: Mouse movement set to -77/3[0m
[00:00:16.122,222] [0m<dbg> zmk: zmk_hid_mouse_scroll_set: Mouse scroll set to 0/0[0m
[00:00:16.122,222] [0m<dbg> zmk: zmk_hid_mouse_movement_set: Mouse movement set to 0/0[0m
[00:00:16.130,126] [0m<dbg> zmk: apply_config: LISTENER INDEX: 0[0m
[00:00:16.130,157] [0m<dbg> zmk: scale_val: scaled -77 with 1/1 to -77 with remainder 0[0m
[00:00:16.130,218] [0m<dbg> zmk: apply_config: LISTENER INDEX: 0[0m
[00:00:16.130,218] [0m<dbg> zmk: scale_val: scaled 3 with 1/1 to 3 with remainder 0[0m
[00:00:16.130,249] [0m<dbg> zmk: zmk_hid_mouse_movement_set: Mouse movement set to -77/3[0m
[00:00:16.130,310] [0m<dbg> zmk: zmk_hid_mouse_scroll_set: Mouse scroll set to 0/0[0m
[00:00:16.130,310] [0m<dbg> zmk: zmk_hid_mouse_movement_set: Mouse movement set to 0/0[0m
[00:00:16.138,916] [0m<dbg> zmk: apply_config: LISTENER INDEX: 0[0m
[00:00:16.138,916] [0m<dbg> zmk: scale_val: scaled -87 with 1/1 to -87 with remainder 0[0m
[00:00:16.138,977] [0m<dbg> zmk: apply_config: LISTENER INDEX: 0[0m
[00:00:16.139,007] [0m<dbg> zmk: scale_val: scaled 5 with 1/1 to 5 with remainder 0[0m
[00:00:16.139,007] [0m<dbg> zmk: zmk_hid_mouse_movement_set: Mouse movement set to -87/5[0m
[00:00:16.139,068] [0m<dbg> zmk: zmk_hid_mouse_scroll_set: Mouse scroll set to 0/0[0m
[00:00:16.139,099] [0m<dbg> zmk: zmk_hid_mouse_movement_set: Mouse movement set to 0/0[0m
[00:00:16.146,545] [0m<dbg> zmk: apply_config: LISTENER INDEX: 0[0m
[00:00:16.146,545] [0m<dbg> zmk: scale_val: scaled -87 with 1/1 to -87 with remainder 0[0m
[00:00:16.146,606] [0m<dbg> zmk: apply_config: LISTENER INDEX: 0[0m
[00:00:16.146,636] [0m<dbg> zmk: scale_val: scaled 5 with 1/1 to 5 with remainder 0[0m
[00:00:16.146,636] [0m<dbg> zmk: zmk_hid_mouse_movement_set: Mouse movement set to -87/5[0m
[00:00:16.146,697] [0m<dbg> zmk: zmk_hid_mouse_scroll_set: Mouse scroll set to 0/0[0m
[00:00:16.146,728] [0m<dbg> zmk: zmk_hid_mouse_movement_set: Mouse movement set to 0/0[0m
[00:00:16.154,296] [0m<dbg> zmk: apply_config: LISTENER INDEX: 0[0m
[00:00:16.154,296] [0m<dbg> zmk: scale_val: scaled -72 with 1/1 to -72 with remainder 0[0m
[00:00:16.154,357] [0m<dbg> zmk: apply_config: LISTENER INDEX: 0[0m
[00:00:16.154,388] [0m<dbg> zmk: scale_val: scaled 2 with 1/1 to 2 with remainder 0[0m
[00:00:16.154,388] [0m<dbg> zmk: zmk_hid_mouse_movement_set: Mouse movement set to -72/2[0m
[00:00:16.154,449] [0m<dbg> zmk: zmk_hid_mouse_scroll_set: Mouse scroll set to 0/0[0m
[00:00:16.154,479] [0m<dbg> zmk: zmk_hid_mouse_movement_set: Mouse movement set to 0/0[0m
[00:00:16.162,353] [0m<dbg> zmk: apply_config: LISTENER INDEX: 0[0m
[00:00:16.162,353] [0m<dbg> zmk: scale_val: scaled -77 with 1/1 to -77 with remainder 0[0m
[00:00:16.162,414] [0m<dbg> zmk: apply_config: LISTENER INDEX: 0[0m
[00:00:16.162,445] [0m<dbg> zmk: scale_val: scaled 3 with 1/1 to 3 with remainder 0[0m
[00:00:16.162,445] [0m<dbg> zmk: zmk_hid_mouse_movement_set: Mouse movement set to -77/3[0m
[00:00:16.162,506] [0m<dbg> zmk: zmk_hid_mouse_scroll_set: Mouse scroll set to 0/0[0m
[00:00:16.162,536] [0m<dbg> zmk: zmk_hid_mouse_movement_set: Mouse movement set to 0/0[0m
[00:00:16.171,203] [0m<dbg> zmk: apply_config: LISTENER INDEX: 0[0m
[00:00:16.171,234] [0m<dbg> zmk: scale_val: scaled -62 with 1/1 to -62 with remainder 0[0m
[00:00:16.171,295] [0m<dbg> zmk: apply_config: LISTENER INDEX: 0[0m
[00:00:16.171,295] [0m<dbg> zmk: scale_val: scaled 1 with 1/1 to 1 with remainder 0[0m
[00:00:16.171,325] [0m<dbg> zmk: zmk_hid_mouse_movement_set: Mouse movement set to -62/1[0m
[00:00:16.171,386] [0m<dbg> zmk: zmk_hid_mouse_scroll_set: Mouse scroll set to 0/0[0m
[00:00:16.171,386] [0m<dbg> zmk: zmk_hid_mouse_movement_set: Mouse movement set to 0/0[0m
[00:00:16.179,199] [0m<dbg> zmk: apply_config: LISTENER INDEX: 0[0m
[00:00:16.179,229] [0m<dbg> zmk: scale_val: scaled -57 with 1/1 to -57 with remainder 0[0m
[00:00:16.179,290] [0m<dbg> zmk: apply_config: LISTENER INDEX: 0[0m
[00:00:16.179,290] [0m<dbg> zmk: scale_val: scaled 0 with 1/1 to 0 with remainder 0[0m
[00:00:16.179,321] [0m<dbg> zmk: zmk_hid_mouse_movement_set: Mouse movement set to -57/0[0m
[00:00:16.179,382] [0m<dbg> zmk: zmk_hid_mouse_scroll_set: Mouse scroll set to 0/0[0m
[00:00:16.179,382] [0m<dbg> zmk: zmk_hid_mouse_movement_set: Mouse movement set to 0/0[0m
[00:00:16.186,523] [0m<dbg> zmk: apply_config: LISTENER INDEX: 0[0m
[00:00:16.186,553] [0m<dbg> zmk: scale_val: scaled -37 with 1/1 to -37 with remainder 0[0m
[00:00:16.186,614] [0m<dbg> zmk: apply_config: LISTENER INDEX: 0[0m
[00:00:16.186,645] [0m<dbg> zmk: scale_val: scaled 0 with 1/1 to 0 with remainder 0[0m
[00:00:16.186,645] [0m<dbg> zmk: zmk_hid_mouse_movement_set: Mouse movement set to -37/0[0m
[00:00:16.186,706] [0m<dbg> zmk: zmk_hid_mouse_scroll_set: Mouse scroll set to 0/0[0m
[00:00:16.186,706] [0m<dbg> zmk: zmk_hid_mouse_movement_set: Mouse movement set to 0/0[0m
[00:00:16.195,281] [0m<dbg> zmk: apply_config: LISTENER INDEX: 0[0m
[00:00:16.195,312] [0m<dbg> zmk: scale_val: scaled -30 with 1/1 to -30 with remainder 0[0m
[00:00:16.195,373] [0m<dbg> zmk: apply_config: LISTENER INDEX: 0[0m
[00:00:16.195,373] [0m<dbg> zmk: scale_val: scaled 0 with 1/1 to 0 with remainder 0[0m
[00:00:16.195,404] [0m<dbg> zmk: zmk_hid_mouse_movement_set: Mouse movement set to -30/0[0m
[00:00:16.195,465] [0m<dbg> zmk: zmk_hid_mouse_scroll_set: Mouse scroll set to 0/0[0m
[00:00:16.195,465] [0m<dbg> zmk: zmk_hid_mouse_movement_set: Mouse movement set to 0/0[0m
[00:00:16.203,460] [0m<dbg> zmk: apply_config: LISTENER INDEX: 0[0m
[00:00:16.203,491] [0m<dbg> zmk: scale_val: scaled -18 with 1/1 to -18 with remainder 0[0m
[00:00:16.203,552] [0m<dbg> zmk: apply_config: LISTENER INDEX: 0[0m
[00:00:16.203,552] [0m<dbg> zmk: scale_val: scaled -2 with 1/1 to -2 with remainder 0[0m
[00:00:16.203,582] [0m<dbg> zmk: zmk_hid_mouse_movement_set: Mouse movement set to -18/-2[0m
[00:00:16.203,643] [0m<dbg> zmk: zmk_hid_mouse_scroll_set: Mouse scroll set to 0/0[0m
[00:00:16.203,643] [0m<dbg> zmk: zmk_hid_mouse_movement_set: Mouse movement set to 0/0[0m
[00:00:16.210,144] [0m<dbg> zmk: apply_config: LISTENER INDEX: 0[0m
[00:00:16.210,174] [0m<dbg> zmk: scale_val: scaled -2 with 1/1 to -2 with remainder 0[0m
[00:00:16.210,235] [0m<dbg> zmk: apply_config: LISTENER INDEX: 0[0m
[00:00:16.210,235] [0m<dbg> zmk: scale_val: scaled -5 with 1/1 to -5 with remainder 0[0m
[00:00:16.210,266] [0m<dbg> zmk: zmk_hid_mouse_movement_set: Mouse movement set to -2/-5[0m
[00:00:16.210,327] [0m<dbg> zmk: zmk_hid_mouse_scroll_set: Mouse scroll set to 0/0[0m
[00:00:16.210,327] [0m<dbg> zmk: zmk_hid_mouse_movement_set: Mouse movement set to 0/0[0m
[00:00:16.218,200] [0m<dbg> zmk: apply_config: LISTENER INDEX: 0[0m
[00:00:16.218,200] [0m<dbg> zmk: scale_val: scaled -3 with 1/1 to -3 with remainder 0[0m
[00:00:16.218,261] [0m<dbg> zmk: apply_config: LISTENER INDEX: 0[0m
[00:00:16.218,292] [0m<dbg> zmk: scale_val: scaled -7 with 1/1 to -7 with remainder 0[0m
[00:00:16.218,292] [0m<dbg> zmk: zmk_hid_mouse_movement_set: Mouse movement set to -3/-7[0m
[00:00:16.218,353] [0m<dbg> zmk: zmk_hid_mouse_scroll_set: Mouse scroll set to 0/0[0m
[00:00:16.218,353] [0m<dbg> zmk: zmk_hid_mouse_movement_set: Mouse movement set to 0/0[0m
[00:00:16.226,287] [0m<dbg> zmk: apply_config: LISTENER INDEX: 0[0m
[00:00:16.226,318] [0m<dbg> zmk: scale_val: scaled -1 with 1/1 to -1 with remainder 0[0m
[00:00:16.226,348] [0m<dbg> zmk: apply_config: LISTENER INDEX: 0[0m
[00:00:16.226,379] [0m<dbg> zmk: scale_val: scaled -5 with 1/1 to -5 with remainder 0[0m
[00:00:16.226,379] [0m<dbg> zmk: zmk_hid_mouse_movement_set: Mouse movement set to -1/-5[0m
[00:00:16.226,440] [0m<dbg> zmk: zmk_hid_mouse_scroll_set: Mouse scroll set to 0/0[0m
[00:00:16.226,470] [0m<dbg> zmk: zmk_hid_mouse_movement_set: Mouse movement set to 0/0[0m
[00:00:16.235,687] [0m<dbg> zmk: apply_config: LISTENER INDEX: 0[0m
[00:00:16.235,717] [0m<dbg> zmk: scale_val: scaled -2 with 1/1 to -2 with remainder 0[0m
[00:00:16.235,778] [0m<dbg> zmk: apply_config: LISTENER INDEX: 0[0m
[00:00:16.235,778] [0m<dbg> zmk: scale_val: scaled -5 with 1/1 to -5 with remainder 0[0m
[00:00:16.235,809] [0m<dbg> zmk: zmk_hid_mouse_movement_set: Mouse movement set to -2/-5[0m
[00:00:16.235,870] [0m<dbg> zmk: zmk_hid_mouse_scroll_set: Mouse scroll set to 0/0[0m
[00:00:16.235,870] [0m<dbg> zmk: zmk_hid_mouse_movement_set: Mouse movement set to 0/0[0m
[00:00:16.243,713] [0m<dbg> zmk: apply_config: LISTENER INDEX: 0[0m
[00:00:16.243,713] [0m<dbg> zmk: scale_val: scaled 5 with 1/1 to 5 with remainder 0[0m
[00:00:16.243,774] [0m<dbg> zmk: apply_config: LISTENER INDEX: 0[0m
[00:00:16.243,804] [0m<dbg> zmk: scale_val: scaled -5 with 1/1 to -5 with remainder 0[0m
[00:00:16.243,835] [0m<dbg> zmk: zmk_hid_mouse_movement_set: Mouse movement set to 5/-5[0m
[00:00:16.243,865] [0m<dbg> zmk: zmk_hid_mouse_scroll_set: Mouse scroll set to 0/0[0m
[00:00:16.243,896] [0m<dbg> zmk: zmk_hid_mouse_movement_set: Mouse movement set to 0/0[0m
[00:00:16.251,098] [0m<dbg> zmk: apply_config: LISTENER INDEX: 0[0m
[00:00:16.251,190] [0m<dbg> zmk: scale_val: scaled 18 with 1/1 to 18 with remainder 0[0m
[00:00:16.251,251] [0m<dbg> zmk: apply_config: LISTENER INDEX: 0[0m
[00:00:16.251,251] [0m<dbg> zmk: scale_val: scaled -5 with 1/1 to -5 with remainder 0[0m
[00:00:16.251,281] [0m<dbg> zmk: zmk_hid_mouse_movement_set: Mouse movement set to 18/-5[0m
[00:00:16.251,342] [0m<dbg> zmk: zmk_hid_mouse_scroll_set: Mouse scroll set to 0/0[0m
[00:00:16.251,342] [0m<dbg> zmk: zmk_hid_mouse_movement_set: Mouse movement set to 0/0[0m
[00:00:16.259,063] [0m<dbg> zmk: apply_config: LISTENER INDEX: 0[0m
[00:00:16.259,063] [0m<dbg> zmk: scale_val: scaled 41 with 1/1 to 41 with remainder 0[0m
[00:00:16.259,124] [0m<dbg> zmk: apply_config: LISTENER INDEX: 0[0m
[00:00:16.259,155] [0m<dbg> zmk: scale_val: scaled -9 with 1/1 to -9 with remainder 0[0m
[00:00:16.259,155] [0m<dbg> zmk: zmk_hid_mouse_movement_set: Mouse movement set to 41/-9[0m
[00:00:16.259,216] [0m<dbg> zmk: zmk_hid_mouse_scroll_set: Mouse scroll set to 0/0[0m
[00:00:16.259,246] [0m<dbg> zmk: zmk_hid_mouse_movement_set: Mouse movement set to 0/0[0m
[00:00:16.267,150] [0m<dbg> zmk: apply_config: LISTENER INDEX: 0[0m
[00:00:16.267,150] [0m<dbg> zmk: scale_val: scaled 57 with 1/1 to 57 with remainder 0[0m
[00:00:16.267,211] [0m<dbg> zmk: apply_config: LISTENER INDEX: 0[0m
[00:00:16.267,242] [0m<dbg> zmk: scale_val: scaled -7 with 1/1 to -7 with remainder 0[0m
[00:00:16.267,242] [0m<dbg> zmk: zmk_hid_mouse_movement_set: Mouse movement set to 57/-7[0m
[00:00:16.267,303] [0m<dbg> zmk: zmk_hid_mouse_scroll_set: Mouse scroll set to 0/0[0m
[00:00:16.267,303] [0m<dbg> zmk: zmk_hid_mouse_movement_set: Mouse movement set to 0/0[0m
[00:00:16.275,299] [0m<dbg> zmk: apply_config: LISTENER INDEX: 0[0m
[00:00:16.275,299] [0m<dbg> zmk: scale_val: scaled 72 with 1/1 to 72 with remainder 0[0m
[00:00:16.275,360] [0m<dbg> zmk: apply_config: LISTENER INDEX: 0[0m
[00:00:16.275,390] [0m<dbg> zmk: scale_val: scaled -5 with 1/1 to -5 with remainder 0[0m
[00:00:16.275,390] [0m<dbg> zmk: zmk_hid_mouse_movement_set: Mouse movement set to 72/-5[0m
[00:00:16.275,451] [0m<dbg> zmk: zmk_hid_mouse_scroll_set: Mouse scroll set to 0/0[0m
[00:00:16.275,451] [0m<dbg> zmk: zmk_hid_mouse_movement_set: Mouse movement set to 0/0[0m
[00:00:16.283,325] [0m<dbg> zmk: apply_config: LISTENER INDEX: 0[0m
[00:00:16.283,386] [0m<dbg> zmk: scale_val: scaled 82 with 1/1 to 82 with remainder 0[0m
[00:00:16.283,416] [0m<dbg> zmk: apply_config: LISTENER INDEX: 0[0m
[00:00:16.283,447] [0m<dbg> zmk: scale_val: scaled -2 with 1/1 to -2 with remainder 0[0m
[00:00:16.283,477] [0m<dbg> zmk: zmk_hid_mouse_movement_set: Mouse movement set to 82/-2[0m
[00:00:16.283,508] [0m<dbg> zmk: zmk_hid_mouse_scroll_set: Mouse scroll set to 0/0[0m
[00:00:16.283,538] [0m<dbg> zmk: zmk_hid_mouse_movement_set: Mouse movement set to 0/0[0m
[00:00:16.291,351] [0m<dbg> zmk: apply_config: LISTENER INDEX: 0[0m
[00:00:16.291,351] [0m<dbg> zmk: scale_val: scaled 82 with 1/1 to 82 with remainder 0[0m
[00:00:16.291,412] [0m<dbg> zmk: apply_config: LISTENER INDEX: 0[0m
[00:00:16.291,442] [0m<dbg> zmk: scale_val: scaled 0 with 1/1 to 0 with remainder 0[0m
[00:00:16.291,442] [0m<dbg> zmk: zmk_hid_mouse_movement_set: Mouse movement set to 82/0[0m
[00:00:16.291,503] [0m<dbg> zmk: zmk_hid_mouse_scroll_set: Mouse scroll set to 0/0[0m
[00:00:16.291,534] [0m<dbg> zmk: zmk_hid_mouse_movement_set: Mouse movement set to 0/0[0m
[00:00:16.299,407] [0m<dbg> zmk: apply_config: LISTENER INDEX: 0[0m
[00:00:16.299,407] [0m<dbg> zmk: scale_val: scaled 93 with 1/1 to 93 with remainder 0[0m
[00:00:16.299,468] [0m<dbg> zmk: apply_config: LISTENER INDEX: 0[0m
[00:00:16.299,499] [0m<dbg> zmk: scale_val: scaled 1 with 1/1 to 1 with remainder 0[0m
[00:00:16.299,499] [0m<dbg> zmk: zmk_hid_mouse_movement_set: Mouse movement set to 93/1[0m
[00:00:16.299,560] [0m<dbg> zmk: zmk_hid_mouse_scroll_set: Mouse scroll set to 0/0[0m
[00:00:16.299,591] [0m<dbg> zmk: zmk_hid_mouse_movement_set: Mouse movement set to 0/0[0m
[00:00:16.307,434] [0m<dbg> zmk: apply_config: LISTENER INDEX: 0[0m
[00:00:16.307,464] [0m<dbg> zmk: scale_val: scaled 93 with 1/1 to 93 with remainder 0[0m
[00:00:16.307,495] [0m<dbg> zmk: apply_config: LISTENER INDEX: 0[0m
[00:00:16.307,525] [0m<dbg> zmk: scale_val: scaled 2 with 1/1 to 2 with remainder 0[0m
[00:00:16.307,556] [0m<dbg> zmk: zmk_hid_mouse_movement_set: Mouse movement set to 93/2[0m
[00:00:16.307,617] [0m<dbg> zmk: zmk_hid_mouse_scroll_set: Mouse scroll set to 0/0[0m
[00:00:16.307,617] [0m<dbg> zmk: zmk_hid_mouse_movement_set: Mouse movement set to 0/0[0m
[00:00:16.315,490] [0m<dbg> zmk: apply_config: LISTENER INDEX: 0[0m
[00:00:16.315,521] [0m<dbg> zmk: scale_val: scaled 99 with 1/1 to 99 with remainder 0[0m
[00:00:16.315,582] [0m<dbg> zmk: apply_config: LISTENER INDEX: 0[0m
[00:00:16.315,582] [0m<dbg> zmk: scale_val: scaled 2 with 1/1 to 2 with remainder 0[0m
[00:00:16.315,612] [0m<dbg> zmk: zmk_hid_mouse_movement_set: Mouse movement set to 99/2[0m
[00:00:16.315,643] [0m<dbg> zmk: zmk_hid_mouse_scroll_set: Mouse scroll set to 0/0[0m
[00:00:16.315,673] [0m<dbg> zmk: zmk_hid_mouse_movement_set: Mouse movement set to 0/0[0m
[00:00:16.323,699] [0m<dbg> zmk: apply_config: LISTENER INDEX: 0[0m
[00:00:16.323,730] [0m<dbg> zmk: scale_val: scaled 99 with 1/1 to 99 with remainder 0[0m
[00:00:16.323,791] [0m<dbg> zmk: apply_config: LISTENER INDEX: 0[0m
[00:00:16.323,791] [0m<dbg> zmk: scale_val: scaled 2 with 1/1 to 2 with remainder 0[0m
[00:00:16.323,822] [0m<dbg> zmk: zmk_hid_mouse_movement_set: Mouse movement set to 99/2[0m
[00:00:16.323,883] [0m<dbg> zmk: zmk_hid_mouse_scroll_set: Mouse scroll set to 0/0[0m
[00:00:16.323,883] [0m<dbg> zmk: zmk_hid_mouse_movement_set: Mouse movement set to 0/0[0m
[00:00:16.331,665] [0m<dbg> zmk: apply_config: LISTENER INDEX: 0[0m
[00:00:16.331,695] [0m<dbg> zmk: scale_val: scaled 105 with 1/1 to 105 with remainder 0[0m
[00:00:16.331,726] [0m<dbg> zmk: apply_config: LISTENER INDEX: 0[0m
[00:00:16.331,756] [0m<dbg> zmk: scale_val: scaled 3 with 1/1 to 3 with remainder 0[0m
[00:00:16.331,756] [0m<dbg> zmk: zmk_hid_mouse_movement_set: Mouse movement set to 105/3[0m
[00:00:16.331,817] [0m<dbg> zmk: zmk_hid_mouse_scroll_set: Mouse scroll set to 0/0[0m
[00:00:16.331,848] [0m<dbg> zmk: zmk_hid_mouse_movement_set: Mouse movement set to 0/0[0m
[00:00:16.339,691] [0m<dbg> zmk: apply_config: LISTENER INDEX: 0[0m
[00:00:16.339,721] [0m<dbg> zmk: scale_val: scaled 130 with 1/1 to 130 with remainder 0[0m
[00:00:16.339,782] [0m<dbg> zmk: apply_config: LISTENER INDEX: 0[0m
[00:00:16.339,782] [0m<dbg> zmk: scale_val: scaled 5 with 1/1 to 5 with remainder 0[0m
[00:00:16.339,813] [0m<dbg> zmk: zmk_hid_mouse_movement_set: Mouse movement set to 130/5[0m
[00:00:16.339,874] [0m<dbg> zmk: zmk_hid_mouse_scroll_set: Mouse scroll set to 0/0[0m
[00:00:16.339,874] [0m<dbg> zmk: zmk_hid_mouse_movement_set: Mouse movement set to 0/0[0m
[00:00:16.347,747] [0m<dbg> zmk: apply_config: LISTENER INDEX: 0[0m
[00:00:16.347,778] [0m<dbg> zmk: scale_val: scaled 123 with 1/1 to 123 with remainder 0[0m
[00:00:16.347,839] [0m<dbg> zmk: apply_config: LISTENER INDEX: 0[0m
[00:00:16.347,869] [0m<dbg> zmk: scale_val: scaled 3 with 1/1 to 3 with remainder 0[0m
[00:00:16.347,869] [0m<dbg> zmk: zmk_hid_mouse_movement_set: Mouse movement set to 123/3[0m
[00:00:16.347,930] [0m<dbg> zmk: zmk_hid_mouse_scroll_set: Mouse scroll set to 0/0[0m
[00:00:16.347,930] [0m<dbg> zmk: zmk_hid_mouse_movement_set: Mouse movement set to 0/0[0m
[00:00:16.355,834] [0m<dbg> zmk: apply_config: LISTENER INDEX: 0[0m
[00:00:16.355,865] [0m<dbg> zmk: scale_val: scaled 111 with 1/1 to 111 with remainder 0[0m
[00:00:16.355,926] [0m<dbg> zmk: apply_config: LISTENER INDEX: 0[0m
[00:00:16.355,926] [0m<dbg> zmk: scale_val: scaled 5 with 1/1 to 5 with remainder 0[0m
[00:00:16.355,957] [0m<dbg> zmk: zmk_hid_mouse_movement_set: Mouse movement set to 111/5[0m
[00:00:16.356,018] [0m<dbg> zmk: zmk_hid_mouse_scroll_set: Mouse scroll set to 0/0[0m
[00:00:16.356,018] [0m<dbg> zmk: zmk_hid_mouse_movement_set: Mouse movement set to 0/0[0m
[00:00:16.363,861] [0m<dbg> zmk: apply_config: LISTENER INDEX: 0[0m
[00:00:16.363,861] [0m<dbg> zmk: scale_val: scaled 105 with 1/1 to 105 with remainder 0[0m
[00:00:16.363,922] [0m<dbg> zmk: apply_config: LISTENER INDEX: 0[0m
[00:00:16.363,952] [0m<dbg> zmk: scale_val: scaled 3 with 1/1 to 3 with remainder 0[0m
[00:00:16.363,952] [0m<dbg> zmk: zmk_hid_mouse_movement_set: Mouse movement set to 105/3[0m
[00:00:16.364,013] [0m<dbg> zmk: zmk_hid_mouse_scroll_set: Mouse scroll set to 0/0[0m
[00:00:16.364,105] [0m<dbg> zmk: zmk_hid_mouse_movement_set: Mouse movement set to 0/0[0m
[00:00:16.372,833] [0m<dbg> zmk: apply_config: LISTENER INDEX: 0[0m
[00:00:16.372,863] [0m<dbg> zmk: scale_val: scaled 87 with 1/1 to 87 with remainder 0[0m
[00:00:16.372,924] [0m<dbg> zmk: apply_config: LISTENER INDEX: 0[0m
[00:00:16.372,924] [0m<dbg> zmk: scale_val: scaled 3 with 1/1 to 3 with remainder 0[0m
[00:00:16.372,955] [0m<dbg> zmk: zmk_hid_mouse_movement_set: Mouse movement set to 87/3[0m
[00:00:16.372,985] [0m<dbg> zmk: zmk_hid_mouse_scroll_set: Mouse scroll set to 0/0[0m
[00:00:16.373,016] [0m<dbg> zmk: zmk_hid_mouse_movement_set: Mouse movement set to 0/0[0m
[00:00:16.380,706] [0m<dbg> zmk: apply_config: LISTENER INDEX: 0[0m
[00:00:16.380,706] [0m<dbg> zmk: scale_val: scaled 72 with 1/1 to 72 with remainder 0[0m
[00:00:16.380,767] [0m<dbg> zmk: apply_config: LISTENER INDEX: 0[0m
[00:00:16.380,798] [0m<dbg> zmk: scale_val: scaled 5 with 1/1 to 5 with remainder 0[0m
[00:00:16.380,798] [0m<dbg> zmk: zmk_hid_mouse_movement_set: Mouse movement set to 72/5[0m
[00:00:16.380,859] [0m<dbg> zmk: zmk_hid_mouse_scroll_set: Mouse scroll set to 0/0[0m
[00:00:16.380,889] [0m<dbg> zmk: zmk_hid_mouse_movement_set: Mouse movement set to 0/0[0m
[00:00:16.388,031] [0m<dbg> zmk: apply_config: LISTENER INDEX: 0[0m
[00:00:16.388,061] [0m<dbg> zmk: scale_val: scaled 49 with 1/1 to 49 with remainder 0[0m
[00:00:16.388,305] [0m<dbg> zmk: apply_config: LISTENER INDEX: 0[0m
[00:00:16.388,305] [0m<dbg> zmk: scale_val: scaled 2 with 1/1 to 2 with remainder 0[0m
[00:00:16.388,336] [0m<dbg> zmk: zmk_hid_mouse_movement_set: Mouse movement set to 49/2[0m
[00:00:16.388,397] [0m<dbg> zmk: zmk_hid_mouse_scroll_set: Mouse scroll set to 0/0[0m
[00:00:16.388,427] [0m<dbg> zmk: zmk_hid_mouse_movement_set: Mouse movement set to 0/0[0m
[00:00:16.396,820] [0m<dbg> zmk: apply_config: LISTENER INDEX: 0[0m
[00:00:16.396,850] [0m<dbg> zmk: scale_val: scaled 33 with 1/1 to 33 with remainder 0[0m
[00:00:16.396,881] [0m<dbg> zmk: apply_config: LISTENER INDEX: 0[0m
[00:00:16.396,911] [0m<dbg> zmk: scale_val: scaled 2 with 1/1 to 2 with remainder 0[0m
[00:00:16.396,942] [0m<dbg> zmk: zmk_hid_mouse_movement_set: Mouse movement set to 33/2[0m
[00:00:16.397,003] [0m<dbg> zmk: zmk_hid_mouse_scroll_set: Mouse scroll set to 0/0[0m
[00:00:16.397,003] [0m<dbg> zmk: zmk_hid_mouse_movement_set: Mouse movement set to 0/0[0m
[00:00:16.403,656] [0m<dbg> zmk: apply_config: LISTENER INDEX: 0[0m
[00:00:16.403,686] [0m<dbg> zmk: scale_val: scaled 7 with 1/1 to 7 with remainder 0[0m
[00:00:16.403,747] [0m<dbg> zmk: apply_config: LISTENER INDEX: 0[0m
[00:00:16.403,747] [0m<dbg> zmk: scale_val: scaled 1 with 1/1 to 1 with remainder 0[0m
[00:00:16.403,778] [0m<dbg> zmk: zmk_hid_mouse_movement_set: Mouse movement set to 7/1[0m
[00:00:16.403,839] [0m<dbg> zmk: zmk_hid_mouse_scroll_set: Mouse scroll set to 0/0[0m
[00:00:16.403,839] [0m<dbg> zmk: zmk_hid_mouse_movement_set: Mouse movement set to 0/0[0m
[00:00:16.411,712] [0m<dbg> zmk: apply_config: LISTENER INDEX: 0[0m
[00:00:16.411,712] [0m<dbg> zmk: scale_val: scaled 5 with 1/1 to 5 with remainder 0[0m
[00:00:16.411,773] [0m<dbg> zmk: apply_config: LISTENER INDEX: 0[0m
[00:00:16.411,804] [0m<dbg> zmk: scale_val: scaled 1 with 1/1 to 1 with remainder 0[0m
[00:00:16.411,804] [0m<dbg> zmk: zmk_hid_mouse_movement_set: Mouse movement set to 5/1[0m
[00:00:16.411,865] [0m<dbg> zmk: zmk_hid_mouse_scroll_set: Mouse scroll set to 0/0[0m
[00:00:16.411,895] [0m<dbg> zmk: zmk_hid_mouse_movement_set: Mouse movement set to 0/0[0m
[00:00:16.419,799] [0m<dbg> zmk: apply_config: LISTENER INDEX: 0[0m
[00:00:16.419,799] [0m<dbg> zmk: scale_val: scaled 5 with 1/1 to 5 with remainder 0[0m
[00:00:16.419,860] [0m<dbg> zmk: apply_config: LISTENER INDEX: 0[0m
[00:00:16.419,891] [0m<dbg> zmk: scale_val: scaled 1 with 1/1 to 1 with remainder 0[0m
[00:00:16.419,891] [0m<dbg> zmk: zmk_hid_mouse_movement_set: Mouse movement set to 5/1[0m
[00:00:16.419,952] [0m<dbg> zmk: zmk_hid_mouse_scroll_set: Mouse scroll set to 0/0[0m
[00:00:16.419,952] [0m<dbg> zmk: zmk_hid_mouse_movement_set: Mouse movement set to 0/0[0m
[00:00:16.429,046] [0m<dbg> zmk: apply_config: LISTENER INDEX: 0[0m
[00:00:16.429,077] [0m<dbg> zmk: scale_val: scaled 3 with 1/1 to 3 with remainder 0[0m
[00:00:16.429,138] [0m<dbg> zmk: apply_config: LISTENER INDEX: 0[0m
[00:00:16.429,138] [0m<dbg> zmk: scale_val: scaled 1 with 1/1 to 1 with remainder 0[0m
[00:00:16.429,168] [0m<dbg> zmk: zmk_hid_mouse_movement_set: Mouse movement set to 3/1[0m
[00:00:16.429,229] [0m<dbg> zmk: zmk_hid_mouse_scroll_set: Mouse scroll set to 0/0[0m
[00:00:16.429,229] [0m<dbg> zmk: zmk_hid_mouse_movement_set: Mouse movement set to 0/0[0m
[00:00:16.437,133] [0m<dbg> zmk: apply_config: LISTENER INDEX: 0[0m
[00:00:16.437,164] [0m<dbg> zmk: scale_val: scaled 2 with 1/1 to 2 with remainder 0[0m
[00:00:16.437,225] [0m<dbg> zmk: apply_config: LISTENER INDEX: 0[0m
[00:00:16.437,225] [0m<dbg> zmk: scale_val: scaled 0 with 1/1 to 0 with remainder 0[0m
[00:00:16.437,255] [0m<dbg> zmk: zmk_hid_mouse_movement_set: Mouse movement set to 2/0[0m
[00:00:16.437,286] [0m<dbg> zmk: zmk_hid_mouse_scroll_set: Mouse scroll set to 0/0[0m
[00:00:16.437,316] [0m<dbg> zmk: zmk_hid_mouse_movement_set: Mouse movement set to 0/0[0m
[00:00:16.443,939] [0m<dbg> zmk: apply_config: LISTENER INDEX: 0[0m
[00:00:16.443,969] [0m<dbg> zmk: scale_val: scaled 1 with 1/1 to 1 with remainder 0[0m
[00:00:16.444,000] [0m<dbg> zmk: apply_config: LISTENER INDEX: 0[0m
[00:00:16.444,030] [0m<dbg> zmk: scale_val: scaled 1 with 1/1 to 1 with remainder 0[0m
[00:00:16.444,061] [0m<dbg> zmk: zmk_hid_mouse_movement_set: Mouse movement set to 1/1[0m
[00:00:16.444,122] [0m<dbg> zmk: zmk_hid_mouse_scroll_set: Mouse scroll set to 0/0[0m
[00:00:16.444,122] [0m<dbg> zmk: zmk_hid_mouse_movement_set: Mouse movement set to 0/0[0m
[00:00:16.468,231] [0m<dbg> zmk: apply_config: LISTENER INDEX: 0[0m
[00:00:16.468,261] [0m<dbg> zmk: scale_val: scaled 0 with 1/1 to 0 with remainder 0[0m
[00:00:16.468,322] [0m<dbg> zmk: apply_config: LISTENER INDEX: 0[0m
[00:00:16.468,322] [0m<dbg> zmk: scale_val: scaled 1 with 1/1 to 1 with remainder 0[0m
[00:00:16.468,353] [0m<dbg> zmk: zmk_hid_mouse_movement_set: Mouse movement set to 0/1[0m
[00:00:16.468,414] [0m<dbg> zmk: zmk_hid_mouse_scroll_set: Mouse scroll set to 0/0[0m
[00:00:16.468,414] [0m<dbg> zmk: zmk_hid_mouse_movement_set: Mouse movement set to 0/0[0m
[00:00:16.500,427] [0m<dbg> zmk: apply_config: LISTENER INDEX: 0[0m
[00:00:16.500,457] [0m<dbg> zmk: scale_val: scaled -2 with 1/1 to -2 with remainder 0[0m
[00:00:16.500,518] [0m<dbg> zmk: apply_config: LISTENER INDEX: 0[0m
[00:00:16.500,549] [0m<dbg> zmk: scale_val: scaled 0 with 1/1 to 0 with remainder 0[0m
[00:00:16.500,549] [0m<dbg> zmk: zmk_hid_mouse_movement_set: Mouse movement set to -2/0[0m
[00:00:16.500,610] [0m<dbg> zmk: zmk_hid_mouse_scroll_set: Mouse scroll set to 0/0[0m
[00:00:16.500,610] [0m<dbg> zmk: zmk_hid_mouse_movement_set: Mouse movement set to 0/0[0m
[00:00:16.508,422] [0m<dbg> zmk: apply_config: LISTENER INDEX: 0[0m
[00:00:16.508,422] [0m<dbg> zmk: scale_val: scaled -1 with 1/1 to -1 with remainder 0[0m
[00:00:16.508,483] [0m<dbg> zmk: apply_config: LISTENER INDEX: 0[0m
[00:00:16.508,514] [0m<dbg> zmk: scale_val: scaled 0 with 1/1 to 0 with remainder 0[0m
[00:00:16.508,514] [0m<dbg> zmk: zmk_hid_mouse_movement_set: Mouse movement set to -1/0[0m
[00:00:16.508,575] [0m<dbg> zmk: zmk_hid_mouse_scroll_set: Mouse scroll set to 0/0[0m
[00:00:16.508,575] [0m<dbg> zmk: zmk_hid_mouse_movement_set: Mouse movement set to 0/0[0m
[00:00:16.517,211] [0m<dbg> zmk: apply_config: LISTENER INDEX: 0[0m
[00:00:16.517,242] [0m<dbg> zmk: scale_val: scaled -13 with 1/1 to -13 with remainder 0[0m
[00:00:16.517,303] [0m<dbg> zmk: apply_config: LISTENER INDEX: 0[0m
[00:00:16.517,303] [0m<dbg> zmk: scale_val: scaled 0 with 1/1 to 0 with remainder 0[0m
[00:00:16.517,333] [0m<dbg> zmk: zmk_hid_mouse_movement_set: Mouse movement set to -13/0[0m
[00:00:16.517,395] [0m<dbg> zmk: zmk_hid_mouse_scroll_set: Mouse scroll set to 0/0[0m
[00:00:16.517,395] [0m<dbg> zmk: zmk_hid_mouse_movement_set: Mouse movement set to 0/0[0m
[00:00:16.525,085] [0m<dbg> zmk: apply_config: LISTENER INDEX: 0[0m
[00:00:16.525,085] [0m<dbg> zmk: scale_val: scaled -41 with 1/1 to -41 with remainder 0[0m
[00:00:16.525,146] [0m<dbg> zmk: apply_config: LISTENER INDEX: 0[0m
[00:00:16.525,177] [0m<dbg> zmk: scale_val: scaled -1 with 1/1 to -1 with remainder 0[0m
[00:00:16.525,177] [0m<dbg> zmk: zmk_hid_mouse_movement_set: Mouse movement set to -41/-1[0m
[00:00:16.525,238] [0m<dbg> zmk: zmk_hid_mouse_scroll_set: Mouse scroll set to 0/0[0m
[00:00:16.525,238] [0m<dbg> zmk: zmk_hid_mouse_movement_set: Mouse movement set to 0/0[0m
[00:00:16.533,142] [0m<dbg> zmk: apply_config: LISTENER INDEX: 0[0m
[00:00:16.533,172] [0m<dbg> zmk: scale_val: scaled -53 with 1/1 to -53 with remainder 0[0m
[00:00:16.533,203] [0m<dbg> zmk: apply_config: LISTENER INDEX: 0[0m
[00:00:16.533,233] [0m<dbg> zmk: scale_val: scaled 0 with 1/1 to 0 with remainder 0[0m
[00:00:16.533,264] [0m<dbg> zmk: zmk_hid_mouse_movement_set: Mouse movement set to -53/0[0m
[00:00:16.533,294] [0m<dbg> zmk: zmk_hid_mouse_scroll_set: Mouse scroll set to 0/0[0m
[00:00:16.533,325] [0m<dbg> zmk: zmk_hid_mouse_movement_set: Mouse movement set to 0/0[0m
[00:00:16.541,229] [0m<dbg> zmk: apply_config: LISTENER INDEX: 0[0m
[00:00:16.541,259] [0m<dbg> zmk: scale_val: scaled -72 with 1/1 to -72 with remainder 0[0m
[00:00:16.541,290] [0m<dbg> zmk: apply_config: LISTENER INDEX: 0[0m
[00:00:16.541,320] [0m<dbg> zmk: scale_val: scaled -1 with 1/1 to -1 with remainder 0[0m
[00:00:16.541,320] [0m<dbg> zmk: zmk_hid_mouse_movement_set: Mouse movement set to -72/-1[0m
[00:00:16.541,381] [0m<dbg> zmk: zmk_hid_mouse_scroll_set: Mouse scroll set to 0/0[0m
[00:00:16.541,412] [0m<dbg> zmk: zmk_hid_mouse_movement_set: Mouse movement set to 0/0[0m
[00:00:16.549,285] [0m<dbg> zmk: apply_config: LISTENER INDEX: 0[0m
[00:00:16.549,285] [0m<dbg> zmk: scale_val: scaled -72 with 1/1 to -72 with remainder 0[0m
[00:00:16.549,346] [0m<dbg> zmk: apply_config: LISTENER INDEX: 0[0m
[00:00:16.549,377] [0m<dbg> zmk: scale_val: scaled -2 with 1/1 to -2 with remainder 0[0m
[00:00:16.549,407] [0m<dbg> zmk: zmk_hid_mouse_movement_set: Mouse movement set to -72/-2[0m
[00:00:16.549,438] [0m<dbg> zmk: zmk_hid_mouse_scroll_set: Mouse scroll set to 0/0[0m
[00:00:16.549,468] [0m<dbg> zmk: zmk_hid_mouse_movement_set: Mouse movement set to 0/0[0m
[00:00:16.557,312] [0m<dbg> zmk: apply_config: LISTENER INDEX: 0[0m
[00:00:16.557,342] [0m<dbg> zmk: scale_val: scaled -87 with 1/1 to -87 with remainder 0[0m
[00:00:16.557,403] [0m<dbg> zmk: apply_config: LISTENER INDEX: 0[0m
[00:00:16.557,403] [0m<dbg> zmk: scale_val: scaled -2 with 1/1 to -2 with remainder 0[0m
[00:00:16.557,434] [0m<dbg> zmk: zmk_hid_mouse_movement_set: Mouse movement set to -87/-2[0m
[00:00:16.557,495] [0m<dbg> zmk: zmk_hid_mouse_scroll_set: Mouse scroll set to 0/0[0m
[00:00:16.557,495] [0m<dbg> zmk: zmk_hid_mouse_movement_set: Mouse movement set to 0/0[0m
[00:00:16.565,399] [0m<dbg> zmk: apply_config: LISTENER INDEX: 0[0m
[00:00:16.565,399] [0m<dbg> zmk: scale_val: scaled -93 with 1/1 to -93 with remainder 0[0m
[00:00:16.565,460] [0m<dbg> zmk: apply_config: LISTENER INDEX: 0[0m
[00:00:16.565,490] [0m<dbg> zmk: scale_val: scaled 0 with 1/1 to 0 with remainder 0[0m
[00:00:16.565,490] [0m<dbg> zmk: zmk_hid_mouse_movement_set: Mouse movement set to -93/0[0m
[00:00:16.565,551] [0m<dbg> zmk: zmk_hid_mouse_scroll_set: Mouse scroll set to 0/0[0m
[00:00:16.565,551] [0m<dbg> zmk: zmk_hid_mouse_movement_set: Mouse movement set to 0/0[0m
[00:00:16.573,638] [0m<dbg> zmk: apply_config: LISTENER INDEX: 0[0m
[00:00:16.573,638] [0m<dbg> zmk: scale_val: scaled -93 with 1/1 to -93 with remainder 0[0m
[00:00:16.573,699] [0m<dbg> zmk: apply_config: LISTENER INDEX: 0[0m
[00:00:16.573,730] [0m<dbg> zmk: scale_val: scaled 0 with 1/1 to 0 with remainder 0[0m
[00:00:16.573,730] [0m<dbg> zmk: zmk_hid_mouse_movement_set: Mouse movement set to -93/0[0m
[00:00:16.573,791] [0m<dbg> zmk: zmk_hid_mouse_scroll_set: Mouse scroll set to 0/0[0m
[00:00:16.573,822] [0m<dbg> zmk: zmk_hid_mouse_movement_set: Mouse movement set to 0/0[0m
[00:00:16.581,604] [0m<dbg> zmk: apply_config: LISTENER INDEX: 0[0m
[00:00:16.581,634] [0m<dbg> zmk: scale_val: scaled -93 with 1/1 to -93 with remainder 0[0m
[00:00:16.581,695] [0m<dbg> zmk: apply_config: LISTENER INDEX: 0[0m
[00:00:16.581,695] [0m<dbg> zmk: scale_val: scaled 0 with 1/1 to 0 with remainder 0[0m
[00:00:16.581,726] [0m<dbg> zmk: zmk_hid_mouse_movement_set: Mouse movement set to -93/0[0m
[00:00:16.581,787] [0m<dbg> zmk: zmk_hid_mouse_scroll_set: Mouse scroll set to 0/0[0m
[00:00:16.581,787] [0m<dbg> zmk: zmk_hid_mouse_movement_set: Mouse movement set to 0/0[0m
[00:00:16.590,393] [0m<dbg> zmk: apply_config: LISTENER INDEX: 0[0m
[00:00:16.590,393] [0m<dbg> zmk: scale_val: scaled -72 with 1/1 to -72 with remainder 0[0m
[00:00:16.590,454] [0m<dbg> zmk: apply_config: LISTENER INDEX: 0[0m
[00:00:16.590,484] [0m<dbg> zmk: scale_val: scaled 0 with 1/1 to 0 with remainder 0[0m
[00:00:16.590,484] [0m<dbg> zmk: zmk_hid_mouse_movement_set: Mouse movement set to -72/0[0m
[00:00:16.590,545] [0m<dbg> zmk: zmk_hid_mouse_scroll_set: Mouse scroll set to 0/0[0m
[00:00:16.590,576] [0m<dbg> zmk: zmk_hid_mouse_movement_set: Mouse movement set to 0/0[0m
[00:00:16.598,388] [0m<dbg> zmk: apply_config: LISTENER INDEX: 0[0m
[00:00:16.598,419] [0m<dbg> zmk: scale_val: scaled -49 with 1/1 to -49 with remainder 0[0m
[00:00:16.598,480] [0m<dbg> zmk: apply_config: LISTENER INDEX: 0[0m
[00:00:16.598,510] [0m<dbg> zmk: scale_val: scaled 0 with 1/1 to 0 with remainder 0[0m
[00:00:16.598,510] [0m<dbg> zmk: zmk_hid_mouse_movement_set: Mouse movement set to -49/0[0m
[00:00:16.598,571] [0m<dbg> zmk: zmk_hid_mouse_scroll_set: Mouse scroll set to 0/0[0m
[00:00:16.598,571] [0m<dbg> zmk: zmk_hid_mouse_movement_set: Mouse movement set to 0/0[0m
[00:00:16.605,865] [0m<dbg> zmk: apply_config: LISTENER INDEX: 0[0m
[00:00:16.605,895] [0m<dbg> zmk: scale_val: scaled -33 with 1/1 to -33 with remainder 0[0m
[00:00:16.605,926] [0m<dbg> zmk: apply_config: LISTENER INDEX: 0[0m
[00:00:16.605,957] [0m<dbg> zmk: scale_val: scaled 0 with 1/1 to 0 with remainder 0[0m
[00:00:16.605,987] [0m<dbg> zmk: zmk_hid_mouse_movement_set: Mouse movement set to -33/0[0m
[00:00:16.606,018] [0m<dbg> zmk: zmk_hid_mouse_scroll_set: Mouse scroll set to 0/0[0m
[00:00:16.606,109] [0m<dbg> zmk: zmk_hid_mouse_movement_set: Mouse movement set to 0/0[0m
[00:00:16.614,654] [0m<dbg> zmk: apply_config: LISTENER INDEX: 0[0m
[00:00:16.614,685] [0m<dbg> zmk: scale_val: scaled -24 with 1/1 to -24 with remainder 0[0m
[00:00:16.614,715] [0m<dbg> zmk: apply_config: LISTENER INDEX: 0[0m
[00:00:16.614,746] [0m<dbg> zmk: scale_val: scaled -1 with 1/1 to -1 with remainder 0[0m
[00:00:16.614,746] [0m<dbg> zmk: zmk_hid_mouse_movement_set: Mouse movement set to -24/-1[0m
[00:00:16.614,807] [0m<dbg> zmk: zmk_hid_mouse_scroll_set: Mouse scroll set to 0/0[0m
[00:00:16.614,837] [0m<dbg> zmk: zmk_hid_mouse_movement_set: Mouse movement set to 0/0[0m
[00:00:16.621,246] [0m<dbg> zmk: apply_config: LISTENER INDEX: 0[0m
[00:00:16.621,276] [0m<dbg> zmk: scale_val: scaled -2 with 1/1 to -2 with remainder 0[0m
[00:00:16.621,337] [0m<dbg> zmk: apply_config: LISTENER INDEX: 0[0m
[00:00:16.621,337] [0m<dbg> zmk: scale_val: scaled -5 with 1/1 to -5 with remainder 0[0m
[00:00:16.621,368] [0m<dbg> zmk: zmk_hid_mouse_movement_set: Mouse movement set to -2/-5[0m
[00:00:16.621,429] [0m<dbg> zmk: zmk_hid_mouse_scroll_set: Mouse scroll set to 0/0[0m
[00:00:16.621,429] [0m<dbg> zmk: zmk_hid_mouse_movement_set: Mouse movement set to 0/0[0m
[00:00:16.629,302] [0m<dbg> zmk: apply_config: LISTENER INDEX: 0[0m
[00:00:16.629,302] [0m<dbg> zmk: scale_val: scaled -1 with 1/1 to -1 with remainder 0[0m
[00:00:16.629,364] [0m<dbg> zmk: apply_config: LISTENER INDEX: 0[0m
[00:00:16.629,394] [0m<dbg> zmk: scale_val: scaled -3 with 1/1 to -3 with remainder 0[0m
[00:00:16.629,394] [0m<dbg> zmk: zmk_hid_mouse_movement_set: Mouse movement set to -1/-3[0m
[00:00:16.629,455] [0m<dbg> zmk: zmk_hid_mouse_scroll_set: Mouse scroll set to 0/0[0m
[00:00:16.629,486] [0m<dbg> zmk: zmk_hid_mouse_movement_set: Mouse movement set to 0/0[0m
[00:00:16.638,702] [0m<dbg> zmk: apply_config: LISTENER INDEX: 0[0m
[00:00:16.638,702] [0m<dbg> zmk: scale_val: scaled -1 with 1/1 to -1 with remainder 0[0m
[00:00:16.638,763] [0m<dbg> zmk: apply_config: LISTENER INDEX: 0[0m
[00:00:16.638,793] [0m<dbg> zmk: scale_val: scaled -15 with 1/1 to -15 with remainder 0[0m
[00:00:16.638,793] [0m<dbg> zmk: zmk_hid_mouse_movement_set: Mouse movement set to -1/-15[0m
[00:00:16.638,854] [0m<dbg> zmk: zmk_hid_mouse_scroll_set: Mouse scroll set to 0/0[0m
[00:00:16.638,885] [0m<dbg> zmk: zmk_hid_mouse_movement_set: Mouse movement set to 0/0[0m
[00:00:16.646,759] [0m<dbg> zmk: apply_config: LISTENER INDEX: 0[0m
[00:00:16.646,759] [0m<dbg> zmk: scale_val: scaled 0 with 1/1 to 0 with remainder 0[0m
[00:00:16.646,820] [0m<dbg> zmk: apply_config: LISTENER INDEX: 0[0m
[00:00:16.646,850] [0m<dbg> zmk: scale_val: scaled -21 with 1/1 to -21 with remainder 0[0m
[00:00:16.646,850] [0m<dbg> zmk: zmk_hid_mouse_movement_set: Mouse movement set to 0/-21[0m
[00:00:16.646,911] [0m<dbg> zmk: zmk_hid_mouse_scroll_set: Mouse scroll set to 0/0[0m
[00:00:16.646,942] [0m<dbg> zmk: zmk_hid_mouse_movement_set: Mouse movement set to 0/0[0m
[00:00:16.654,785] [0m<dbg> zmk: apply_config: LISTENER INDEX: 0[0m
[00:00:16.654,815] [0m<dbg> zmk: scale_val: scaled 5 with 1/1 to 5 with remainder 0[0m
[00:00:16.654,876] [0m<dbg> zmk: apply_config: LISTENER INDEX: 0[0m
[00:00:16.654,876] [0m<dbg> zmk: scale_val: scaled -24 with 1/1 to -24 with remainder 0[0m
[00:00:16.654,907] [0m<dbg> zmk: zmk_hid_mouse_movement_set: Mouse movement set to 5/-24[0m
[00:00:16.654,968] [0m<dbg> zmk: zmk_hid_mouse_scroll_set: Mouse scroll set to 0/0[0m
[00:00:16.654,968] [0m<dbg> zmk: zmk_hid_mouse_movement_set: Mouse movement set to 0/0[0m
[00:00:16.662,475] [0m<dbg> zmk: apply_config: LISTENER INDEX: 0[0m
[00:00:16.662,506] [0m<dbg> zmk: scale_val: scaled 7 with 1/1 to 7 with remainder 0[0m
[00:00:16.662,567] [0m<dbg> zmk: apply_config: LISTENER INDEX: 0[0m
[00:00:16.662,567] [0m<dbg> zmk: scale_val: scaled -21 with 1/1 to -21 with remainder 0[0m
[00:00:16.662,597] [0m<dbg> zmk: zmk_hid_mouse_movement_set: Mouse movement set to 7/-21[0m
[00:00:16.662,658] [0m<dbg> zmk: zmk_hid_mouse_scroll_set: Mouse scroll set to 0/0[0m
[00:00:16.662,658] [0m<dbg> zmk: zmk_hid_mouse_movement_set: Mouse movement set to 0/0[0m
[00:00:16.671,020] [0m<dbg> zmk: apply_config: LISTENER INDEX: 0[0m
[00:00:16.671,051] [0m<dbg> zmk: scale_val: scaled 15 with 1/1 to 15 with remainder 0[0m
[00:00:16.671,142] [0m<dbg> zmk: apply_config: LISTENER INDEX: 0[0m
[00:00:16.671,173] [0m<dbg> zmk: scale_val: scaled -30 with 1/1 to -30 with remainder 0[0m
[00:00:16.671,203] [0m<dbg> zmk: zmk_hid_mouse_movement_set: Mouse movement set to 15/-30[0m
[00:00:16.671,234] [0m<dbg> zmk: zmk_hid_mouse_scroll_set: Mouse scroll set to 0/0[0m
[00:00:16.671,264] [0m<dbg> zmk: zmk_hid_mouse_movement_set: Mouse movement set to 0/0[0m
[00:00:16.678,985] [0m<dbg> zmk: apply_config: LISTENER INDEX: 0[0m
[00:00:16.679,016] [0m<dbg> zmk: scale_val: scaled 21 with 1/1 to 21 with remainder 0[0m
[00:00:16.679,077] [0m<dbg> zmk: apply_config: LISTENER INDEX: 0[0m
[00:00:16.679,077] [0m<dbg> zmk: scale_val: scaled -30 with 1/1 to -30 with remainder 0[0m
[00:00:16.679,107] [0m<dbg> zmk: zmk_hid_mouse_movement_set: Mouse movement set to 21/-30[0m
[00:00:16.679,168] [0m<dbg> zmk: zmk_hid_mouse_scroll_set: Mouse scroll set to 0/0[0m
[00:00:16.679,168] [0m<dbg> zmk: zmk_hid_mouse_movement_set: Mouse movement set to 0/0[0m
[00:00:16.687,072] [0m<dbg> zmk: apply_config: LISTENER INDEX: 0[0m
[00:00:16.687,072] [0m<dbg> zmk: scale_val: scaled 30 with 1/1 to 30 with remainder 0[0m
[00:00:16.687,133] [0m<dbg> zmk: apply_config: LISTENER INDEX: 0[0m
[00:00:16.687,164] [0m<dbg> zmk: scale_val: scaled -37 with 1/1 to -37 with remainder 0[0m
[00:00:16.687,164] [0m<dbg> zmk: zmk_hid_mouse_movement_set: Mouse movement set to 30/-37[0m
[00:00:16.687,225] [0m<dbg> zmk: zmk_hid_mouse_scroll_set: Mouse scroll set to 0/0[0m
[00:00:16.687,255] [0m<dbg> zmk: zmk_hid_mouse_movement_set: Mouse movement set to 0/0[0m
[00:00:16.694,396] [0m<dbg> zmk: apply_config: LISTENER INDEX: 0[0m
[00:00:16.694,427] [0m<dbg> zmk: scale_val: scaled 37 with 1/1 to 37 with remainder 0[0m
[00:00:16.694,488] [0m<dbg> zmk: apply_config: LISTENER INDEX: 0[0m
[00:00:16.694,488] [0m<dbg> zmk: scale_val: scaled -30 with 1/1 to -30 with remainder 0[0m
[00:00:16.694,519] [0m<dbg> zmk: zmk_hid_mouse_movement_set: Mouse movement set to 37/-30[0m
[00:00:16.694,580] [0m<dbg> zmk: zmk_hid_mouse_scroll_set: Mouse scroll set to 0/0[0m
[00:00:16.694,580] [0m<dbg> zmk: zmk_hid_mouse_movement_set: Mouse movement set to 0/0[0m
[00:00:16.702,453] [0m<dbg> zmk: apply_config: LISTENER INDEX: 0[0m
[00:00:16.702,453] [0m<dbg> zmk: scale_val: scaled 49 with 1/1 to 49 with remainder 0[0m
[00:00:16.702,514] [0m<dbg> zmk: apply_config: LISTENER INDEX: 0[0m
[00:00:16.702,545] [0m<dbg> zmk: scale_val: scaled -24 with 1/1 to -24 with remainder 0[0m
[00:00:16.702,545] [0m<dbg> zmk: zmk_hid_mouse_movement_set: Mouse movement set to 49/-24[0m
[00:00:16.702,606] [0m<dbg> zmk: zmk_hid_mouse_scroll_set: Mouse scroll set to 0/0[0m
[00:00:16.702,636] [0m<dbg> zmk: zmk_hid_mouse_movement_set: Mouse movement set to 0/0[0m
[00:00:16.711,303] [0m<dbg> zmk: apply_config: LISTENER INDEX: 0[0m
[00:00:16.711,303] [0m<dbg> zmk: scale_val: scaled 53 with 1/1 to 53 with remainder 0[0m
[00:00:16.711,364] [0m<dbg> zmk: apply_config: LISTENER INDEX: 0[0m
[00:00:16.711,395] [0m<dbg> zmk: scale_val: scaled -18 with 1/1 to -18 with remainder 0[0m
[00:00:16.711,395] [0m<dbg> zmk: zmk_hid_mouse_movement_set: Mouse movement set to 53/-18[0m
[00:00:16.711,456] [0m<dbg> zmk: zmk_hid_mouse_scroll_set: Mouse scroll set to 0/0[0m
[00:00:16.711,456] [0m<dbg> zmk: zmk_hid_mouse_movement_set: Mouse movement set to 0/0[0m
[00:00:16.718,841] [0m<dbg> zmk: apply_config: LISTENER INDEX: 0[0m
[00:00:16.718,841] [0m<dbg> zmk: scale_val: scaled 62 with 1/1 to 62 with remainder 0[0m
[00:00:16.718,902] [0m<dbg> zmk: apply_config: LISTENER INDEX: 0[0m
[00:00:16.718,902] [0m<dbg> zmk: scale_val: scaled -13 with 1/1 to -13 with remainder 0[0m
[00:00:16.718,933] [0m<dbg> zmk: zmk_hid_mouse_movement_set: Mouse movement set to 62/-13[0m
[00:00:16.718,994] [0m<dbg> zmk: zmk_hid_mouse_scroll_set: Mouse scroll set to 0/0[0m
[00:00:16.718,994] [0m<dbg> zmk: zmk_hid_mouse_movement_set: Mouse movement set to 0/0[0m
[00:00:16.726,623] [0m<dbg> zmk: apply_config: LISTENER INDEX: 0[0m
[00:00:16.726,654] [0m<dbg> zmk: scale_val: scaled 67 with 1/1 to 67 with remainder 0[0m
[00:00:16.726,715] [0m<dbg> zmk: apply_config: LISTENER INDEX: 0[0m
[00:00:16.726,715] [0m<dbg> zmk: scale_val: scaled -13 with 1/1 to -13 with remainder 0[0m
[00:00:16.726,745] [0m<dbg> zmk: zmk_hid_mouse_movement_set: Mouse movement set to 67/-13[0m
[00:00:16.726,776] [0m<dbg> zmk: zmk_hid_mouse_scroll_set: Mouse scroll set to 0/0[0m
[00:00:16.726,806] [0m<dbg> zmk: zmk_hid_mouse_movement_set: Mouse movement set to 0/0[0m
[00:00:16.734,710] [0m<dbg> zmk: apply_config: LISTENER INDEX: 0[0m
[00:00:16.734,741] [0m<dbg> zmk: scale_val: scaled 72 with 1/1 to 72 with remainder 0[0m
[00:00:16.734,802] [0m<dbg> zmk: apply_config: LISTENER INDEX: 0[0m
[00:00:16.734,802] [0m<dbg> zmk: scale_val: scaled -7 with 1/1 to -7 with remainder 0[0m
[00:00:16.734,832] [0m<dbg> zmk: zmk_hid_mouse_movement_set: Mouse movement set to 72/-7[0m
[00:00:16.734,863] [0m<dbg> zmk: zmk_hid_mouse_scroll_set: Mouse scroll set to 0/0[0m
[00:00:16.734,893] [0m<dbg> zmk: zmk_hid_mouse_movement_set: Mouse movement set to 0/0[0m
[00:00:16.742,767] [0m<dbg> zmk: apply_config: LISTENER INDEX: 0[0m
[00:00:16.742,797] [0m<dbg> zmk: scale_val: scaled 93 with 1/1 to 93 with remainder 0[0m
[00:00:16.742,828] [0m<dbg> zmk: apply_config: LISTENER INDEX: 0[0m
[00:00:16.742,858] [0m<dbg> zmk: scale_val: scaled -7 with 1/1 to -7 with remainder 0[0m
[00:00:16.742,889] [0m<dbg> zmk: zmk_hid_mouse_movement_set: Mouse movement set to 93/-7[0m
[00:00:16.742,950] [0m<dbg> zmk: zmk_hid_mouse_scroll_set: Mouse scroll set to 0/0[0m
[00:00:16.742,950] [0m<dbg> zmk: zmk_hid_mouse_movement_set: Mouse movement set to 0/0[0m
[00:00:16.750,793] [0m<dbg> zmk: apply_config: LISTENER INDEX: 0[0m
[00:00:16.750,823] [0m<dbg> zmk: scale_val: scaled 105 with 1/1 to 105 with remainder 0[0m
[00:00:16.750,885] [0m<dbg> zmk: apply_config: LISTENER INDEX: 0[0m
[00:00:16.750,885] [0m<dbg> zmk: scale_val: scaled -2 with 1/1 to -2 with remainder 0[0m
[00:00:16.750,915] [0m<dbg> zmk: zmk_hid_mouse_movement_set: Mouse movement set to 105/-2[0m
[00:00:16.750,976] [0m<dbg> zmk: zmk_hid_mouse_scroll_set: Mouse scroll set to 0/0[0m
[00:00:16.750,976] [0m<dbg> zmk: zmk_hid_mouse_movement_set: Mouse movement set to 0/0[0m
[00:00:16.758,880] [0m<dbg> zmk: apply_config: LISTENER INDEX: 0[0m
[00:00:16.758,880] [0m<dbg> zmk: scale_val: scaled 117 with 1/1 to 117 with remainder 0[0m
[00:00:16.758,941] [0m<dbg> zmk: apply_config: LISTENER INDEX: 0[0m
[00:00:16.758,972] [0m<dbg> zmk: scale_val: scaled 0 with 1/1 to 0 with remainder 0[0m
[00:00:16.758,972] [0m<dbg> zmk: zmk_hid_mouse_movement_set: Mouse movement set to 117/0[0m
[00:00:16.759,033] [0m<dbg> zmk: zmk_hid_mouse_scroll_set: Mouse scroll set to 0/0[0m
[00:00:16.759,063] [0m<dbg> zmk: zmk_hid_mouse_movement_set: Mouse movement set to 0/0[0m
[00:00:16.766,937] [0m<dbg> zmk: apply_config: LISTENER INDEX: 0[0m
[00:00:16.766,937] [0m<dbg> zmk: scale_val: scaled 117 with 1/1 to 117 with remainder 0[0m
[00:00:16.766,998] [0m<dbg> zmk: apply_config: LISTENER INDEX: 0[0m
[00:00:16.767,028] [0m<dbg> zmk: scale_val: scaled -1 with 1/1 to -1 with remainder 0[0m
[00:00:16.767,028] [0m<dbg> zmk: zmk_hid_mouse_movement_set: Mouse movement set to 117/-1[0m
[00:00:16.767,089] [0m<dbg> zmk: zmk_hid_mouse_scroll_set: Mouse scroll set to 0/0[0m
[00:00:16.767,089] [0m<dbg> zmk: zmk_hid_mouse_movement_set: Mouse movement set to 0/0[0m
[00:00:16.774,993] [0m<dbg> zmk: apply_config: LISTENER INDEX: 0[0m
[00:00:16.775,024] [0m<dbg> zmk: scale_val: scaled 117 with 1/1 to 117 with remainder 0[0m
[00:00:16.775,054] [0m<dbg> zmk: apply_config: LISTENER INDEX: 0[0m
[00:00:16.775,085] [0m<dbg> zmk: scale_val: scaled 0 with 1/1 to 0 with remainder 0[0m
[00:00:16.775,115] [0m<dbg> zmk: zmk_hid_mouse_movement_set: Mouse movement set to 117/0[0m
[00:00:16.775,146] [0m<dbg> zmk: zmk_hid_mouse_scroll_set: Mouse scroll set to 0/0[0m
[00:00:16.775,177] [0m<dbg> zmk: zmk_hid_mouse_movement_set: Mouse movement set to 0/0[0m
[00:00:16.783,233] [0m<dbg> zmk: apply_config: LISTENER INDEX: 0[0m
[00:00:16.783,233] [0m<dbg> zmk: scale_val: scaled 130 with 1/1 to 130 with remainder 0[0m
[00:00:16.783,294] [0m<dbg> zmk: apply_config: LISTENER INDEX: 0[0m
[00:00:16.783,325] [0m<dbg> zmk: scale_val: scaled 1 with 1/1 to 1 with remainder 0[0m
[00:00:16.783,325] [0m<dbg> zmk: zmk_hid_mouse_movement_set: Mouse movement set to 130/1[0m
[00:00:16.783,386] [0m<dbg> zmk: zmk_hid_mouse_scroll_set: Mouse scroll set to 0/0[0m
[00:00:16.783,416] [0m<dbg> zmk: zmk_hid_mouse_movement_set: Mouse movement set to 0/0[0m
[00:00:16.791,137] [0m<dbg> zmk: apply_config: LISTENER INDEX: 0[0m
[00:00:16.791,168] [0m<dbg> zmk: scale_val: scaled 123 with 1/1 to 123 with remainder 0[0m
[00:00:16.791,198] [0m<dbg> zmk: apply_config: LISTENER INDEX: 0[0m
[00:00:16.791,229] [0m<dbg> zmk: scale_val: scaled 2 with 1/1 to 2 with remainder 0[0m
[00:00:16.791,259] [0m<dbg> zmk: zmk_hid_mouse_movement_set: Mouse movement set to 123/2[0m
[00:00:16.791,320] [0m<dbg> zmk: zmk_hid_mouse_scroll_set: Mouse scroll set to 0/0[0m
[00:00:16.791,320] [0m<dbg> zmk: zmk_hid_mouse_movement_set: Mouse movement set to 0/0[0m
[00:00:16.799,163] [0m<dbg> zmk: apply_config: LISTENER INDEX: 0[0m
[00:00:16.799,194] [0m<dbg> zmk: scale_val: scaled 144 with 1/1 to 144 with remainder 0[0m
[00:00:16.799,255] [0m<dbg> zmk: apply_config: LISTENER INDEX: 0[0m
[00:00:16.799,255] [0m<dbg> zmk: scale_val: scaled 3 with 1/1 to 3 with remainder 0[0m
[00:00:16.799,285] [0m<dbg> zmk: zmk_hid_mouse_movement_set: Mouse movement set to 144/3[0m
[00:00:16.799,591] [0m<dbg> zmk: zmk_hid_mouse_scroll_set: Mouse scroll set to 0/0[0m
[00:00:16.799,682] [0m<dbg> zmk: zmk_hid_mouse_movement_set: Mouse movement set to 0/0[0m
[00:00:16.807,250] [0m<dbg> zmk: apply_config: LISTENER INDEX: 0[0m
[00:00:16.807,250] [0m<dbg> zmk: scale_val: scaled 151 with 1/1 to 151 with remainder 0[0m
[00:00:16.807,312] [0m<dbg> zmk: apply_config: LISTENER INDEX: 0[0m
[00:00:16.807,342] [0m<dbg> zmk: scale_val: scaled 3 with 1/1 to 3 with remainder 0[0m
[00:00:16.807,342] [0m<dbg> zmk: zmk_hid_mouse_movement_set: Mouse movement set to 151/3[0m
[00:00:16.807,403] [0m<dbg> zmk: zmk_hid_mouse_scroll_set: Mouse scroll set to 0/0[0m
[00:00:16.807,403] [0m<dbg> zmk: zmk_hid_mouse_movement_set: Mouse movement set to 0/0[0m
[00:00:16.815,429] [0m<dbg> zmk: apply_config: LISTENER INDEX: 0[0m
[00:00:16.815,429] [0m<dbg> zmk: scale_val: scaled 144 with 1/1 to 144 with remainder 0[0m
[00:00:16.815,490] [0m<dbg> zmk: apply_config: LISTENER INDEX: 0[0m
[00:00:16.815,521] [0m<dbg> zmk: scale_val: scaled 5 with 1/1 to 5 with remainder 0[0m
[00:00:16.815,521] [0m<dbg> zmk: zmk_hid_mouse_movement_set: Mouse movement set to 144/5[0m
[00:00:16.815,582] [0m<dbg> zmk: zmk_hid_mouse_scroll_set: Mouse scroll set to 0/0[0m
[00:00:16.815,582] [0m<dbg> zmk: zmk_hid_mouse_movement_set: Mouse movement set to 0/0[0m
[00:00:16.823,516] [0m<dbg> zmk: apply_config: LISTENER INDEX: 0[0m
[00:00:16.823,547] [0m<dbg> zmk: scale_val: scaled 130 with 1/1 to 130 with remainder 0[0m
[00:00:16.823,577] [0m<dbg> zmk: apply_config: LISTENER INDEX: 0[0m
[00:00:16.823,608] [0m<dbg> zmk: scale_val: scaled 5 with 1/1 to 5 with remainder 0[0m
[00:00:16.823,638] [0m<dbg> zmk: zmk_hid_mouse_movement_set: Mouse movement set to 130/5[0m
[00:00:16.823,730] [0m<dbg> zmk: zmk_hid_mouse_scroll_set: Mouse scroll set to 0/0[0m
[00:00:16.823,730] [0m<dbg> zmk: zmk_hid_mouse_movement_set: Mouse movement set to 0/0[0m
[00:00:16.832,214] [0m<dbg> zmk: apply_config: LISTENER INDEX: 0[0m
[00:00:16.832,244] [0m<dbg> zmk: scale_val: scaled 87 with 1/1 to 87 with remainder 0[0m
[00:00:16.832,305] [0m<dbg> zmk: apply_config: LISTENER INDEX: 0[0m
[00:00:16.832,305] [0m<dbg> zmk: scale_val: scaled 5 with 1/1 to 5 with remainder 0[0m
[00:00:16.832,336] [0m<dbg> zmk: zmk_hid_mouse_movement_set: Mouse movement set to 87/5[0m
[00:00:16.832,397] [0m<dbg> zmk: zmk_hid_mouse_scroll_set: Mouse scroll set to 0/0[0m
[00:00:16.832,397] [0m<dbg> zmk: zmk_hid_mouse_movement_set: Mouse movement set to 0/0[0m
[00:00:16.840,209] [0m<dbg> zmk: apply_config: LISTENER INDEX: 0[0m
[00:00:16.840,240] [0m<dbg> zmk: scale_val: scaled 62 with 1/1 to 62 with remainder 0[0m
[00:00:16.840,301] [0m<dbg> zmk: apply_config: LISTENER INDEX: 0[0m
[00:00:16.840,332] [0m<dbg> zmk: scale_val: scaled 3 with 1/1 to 3 with remainder 0[0m
[00:00:16.840,332] [0m<dbg> zmk: zmk_hid_mouse_movement_set: Mouse movement set to 62/3[0m
[00:00:16.840,393] [0m<dbg> zmk: zmk_hid_mouse_scroll_set: Mouse scroll set to 0/0[0m
[00:00:16.840,393] [0m<dbg> zmk: zmk_hid_mouse_movement_set: Mouse movement set to 0/0[0m
[00:00:16.846,984] [0m<dbg> zmk: apply_config: LISTENER INDEX: 0[0m
[00:00:16.847,015] [0m<dbg> zmk: scale_val: scaled 2 with 1/1 to 2 with remainder 0[0m
[00:00:16.847,045] [0m<dbg> zmk: apply_config: LISTENER INDEX: 0[0m
[00:00:16.847,076] [0m<dbg> zmk: scale_val: scaled 1 with 1/1 to 1 with remainder 0[0m
[00:00:16.847,106] [0m<dbg> zmk: zmk_hid_mouse_movement_set: Mouse movement set to 2/1[0m
[00:00:16.847,137] [0m<dbg> zmk: zmk_hid_mouse_scroll_set: Mouse scroll set to 0/0[0m
[00:00:16.847,167] [0m<dbg> zmk: zmk_hid_mouse_movement_set: Mouse movement set to 0/0[0m
[00:00:16.855,072] [0m<dbg> zmk: apply_config: LISTENER INDEX: 0[0m
[00:00:16.855,072] [0m<dbg> zmk: scale_val: scaled 1 with 1/1 to 1 with remainder 0[0m
[00:00:16.855,133] [0m<dbg> zmk: apply_config: LISTENER INDEX: 0[0m
[00:00:16.855,163] [0m<dbg> zmk: scale_val: scaled 1 with 1/1 to 1 with remainder 0[0m
[00:00:16.855,163] [0m<dbg> zmk: zmk_hid_mouse_movement_set: Mouse movement set to 1/1[0m
[00:00:16.855,224] [0m<dbg> zmk: zmk_hid_mouse_scroll_set: Mouse scroll set to 0/0[0m
[00:00:16.855,255] [0m<dbg> zmk: zmk_hid_mouse_movement_set: Mouse movement set to 0/0[0m
[00:00:16.863,189] [0m<dbg> zmk: apply_config: LISTENER INDEX: 0[0m
[00:00:16.863,220] [0m<dbg> zmk: scale_val: scaled 1 with 1/1 to 1 with remainder 0[0m
[00:00:16.863,250] [0m<dbg> zmk: apply_config: LISTENER INDEX: 0[0m
[00:00:16.863,281] [0m<dbg> zmk: scale_val: scaled 1 with 1/1 to 1 with remainder 0[0m
[00:00:16.863,311] [0m<dbg> zmk: zmk_hid_mouse_movement_set: Mouse movement set to 1/1[0m
[00:00:16.863,342] [0m<dbg> zmk: zmk_hid_mouse_scroll_set: Mouse scroll set to 0/0[0m
[00:00:16.863,372] [0m<dbg> zmk: zmk_hid_mouse_movement_set: Mouse movement set to 0/0[0m
[00:00:16.871,154] [0m<dbg> zmk: apply_config: LISTENER INDEX: 0[0m
[00:00:16.871,185] [0m<dbg> zmk: scale_val: scaled 1 with 1/1 to 1 with remainder 0[0m
[00:00:16.871,215] [0m<dbg> zmk: apply_config: LISTENER INDEX: 0[0m
[00:00:16.871,246] [0m<dbg> zmk: scale_val: scaled 1 with 1/1 to 1 with remainder 0[0m
[00:00:16.871,276] [0m<dbg> zmk: zmk_hid_mouse_movement_set: Mouse movement set to 1/1[0m
[00:00:16.871,307] [0m<dbg> zmk: zmk_hid_mouse_scroll_set: Mouse scroll set to 0/0[0m
[00:00:16.871,337] [0m<dbg> zmk: zmk_hid_mouse_movement_set: Mouse movement set to 0/0[0m
[00:00:16.880,523] [0m<dbg> zmk: apply_config: LISTENER INDEX: 0[0m
[00:00:16.880,554] [0m<dbg> zmk: scale_val: scaled 3 with 1/1 to 3 with remainder 0[0m
[00:00:16.880,676] [0m<dbg> zmk: apply_config: LISTENER INDEX: 0[0m
[00:00:16.880,676] [0m<dbg> zmk: scale_val: scaled 2 with 1/1 to 2 with remainder 0[0m
[00:00:16.880,706] [0m<dbg> zmk: zmk_hid_mouse_movement_set: Mouse movement set to 3/2[0m
[00:00:16.880,767] [0m<dbg> zmk: zmk_hid_mouse_scroll_set: Mouse scroll set to 0/0[0m
[00:00:16.880,767] [0m<dbg> zmk: zmk_hid_mouse_movement_set: Mouse movement set to 0/0[0m
[00:00:16.888,580] [0m<dbg> zmk: apply_config: LISTENER INDEX: 0[0m
[00:00:16.888,610] [0m<dbg> zmk: scale_val: scaled 3 with 1/1 to 3 with remainder 0[0m
[00:00:16.888,671] [0m<dbg> zmk: apply_config: LISTENER INDEX: 0[0m
[00:00:16.888,671] [0m<dbg> zmk: scale_val: scaled 3 with 1/1 to 3 with remainder 0[0m
[00:00:16.888,702] [0m<dbg> zmk: zmk_hid_mouse_movement_set: Mouse movement set to 3/3[0m
[00:00:16.888,763] [0m<dbg> zmk: zmk_hid_mouse_scroll_set: Mouse scroll set to 0/0[0m
[00:00:16.888,763] [0m<dbg> zmk: zmk_hid_mouse_movement_set: Mouse movement set to 0/0[0m
[00:00:16.896,209] [0m<dbg> zmk: apply_config: LISTENER INDEX: 0[0m
[00:00:16.896,209] [0m<dbg> zmk: scale_val: scaled 1 with 1/1 to 1 with remainder 0[0m
[00:00:16.896,270] [0m<dbg> zmk: apply_config: LISTENER INDEX: 0[0m
[00:00:16.896,301] [0m<dbg> zmk: scale_val: scaled 5 with 1/1 to 5 with remainder 0[0m
[00:00:16.896,301] [0m<dbg> zmk: zmk_hid_mouse_movement_set: Mouse movement set to 1/5[0m
[00:00:16.896,362] [0m<dbg> zmk: zmk_hid_mouse_scroll_set: Mouse scroll set to 0/0[0m
[00:00:16.896,392] [0m<dbg> zmk: zmk_hid_mouse_movement_set: Mouse movement set to 0/0[0m
[00:00:16.904,876] [0m<dbg> zmk: apply_config: LISTENER INDEX: 0[0m
[00:00:16.904,907] [0m<dbg> zmk: scale_val: scaled -1 with 1/1 to -1 with remainder 0[0m
[00:00:16.904,937] [0m<dbg> zmk: apply_config: LISTENER INDEX: 0[0m
[00:00:16.904,968] [0m<dbg> zmk: scale_val: scaled 7 with 1/1 to 7 with remainder 0[0m
[00:00:16.904,998] [0m<dbg> zmk: zmk_hid_mouse_movement_set: Mouse movement set to -1/7[0m
[00:00:16.905,059] [0m<dbg> zmk: zmk_hid_mouse_scroll_set: Mouse scroll set to 0/0[0m
[00:00:16.905,120] [0m<dbg> zmk: zmk_hid_mouse_movement_set: Mouse movement set to 0/0[0m
[00:00:16.912,719] [0m<dbg> zmk: apply_config: LISTENER INDEX: 0[0m
[00:00:16.912,750] [0m<dbg> zmk: scale_val: scaled -11 with 1/1 to -11 with remainder 0[0m
[00:00:16.912,811] [0m<dbg> zmk: apply_config: LISTENER INDEX: 0[0m
[00:00:16.912,811] [0m<dbg> zmk: scale_val: scaled 7 with 1/1 to 7 with remainder 0[0m
[00:00:16.912,841] [0m<dbg> zmk: zmk_hid_mouse_movement_set: Mouse movement set to -11/7[0m
[00:00:16.912,902] [0m<dbg> zmk: zmk_hid_mouse_scroll_set: Mouse scroll set to 0/0[0m
[00:00:16.912,902] [0m<dbg> zmk: zmk_hid_mouse_movement_set: Mouse movement set to 0/0[0m
[00:00:16.920,318] [0m<dbg> zmk: apply_config: LISTENER INDEX: 0[0m
[00:00:16.920,379] [0m<dbg> zmk: scale_val: scaled -21 with 1/1 to -21 with remainder 0[0m
[00:00:16.920,532] [0m<dbg> zmk: apply_config: LISTENER INDEX: 0[0m
[00:00:16.920,532] [0m<dbg> zmk: scale_val: scaled 5 with 1/1 to 5 with remainder 0[0m
[00:00:16.920,562] [0m<dbg> zmk: zmk_hid_mouse_movement_set: Mouse movement set to -21/5[0m
[00:00:16.920,623] [0m<dbg> zmk: zmk_hid_mouse_scroll_set: Mouse scroll set to 0/0[0m
[00:00:16.920,623] [0m<dbg> zmk: zmk_hid_mouse_movement_set: Mouse movement set to 0/0[0m
[00:00:16.928,161] [0m<dbg> zmk: apply_config: LISTENER INDEX: 0[0m
[00:00:16.928,192] [0m<dbg> zmk: scale_val: scaled -33 with 1/1 to -33 with remainder 0[0m
[00:00:16.928,253] [0m<dbg> zmk: apply_config: LISTENER INDEX: 0[0m
[00:00:16.928,253] [0m<dbg> zmk: scale_val: scaled 9 with 1/1 to 9 with remainder 0[0m
[00:00:16.928,283] [0m<dbg> zmk: zmk_hid_mouse_movement_set: Mouse movement set to -33/9[0m
[00:00:16.928,314] [0m<dbg> zmk: zmk_hid_mouse_scroll_set: Mouse scroll set to 0/0[0m
[00:00:16.928,344] [0m<dbg> zmk: zmk_hid_mouse_movement_set: Mouse movement set to 0/0[0m
[00:00:16.936,218] [0m<dbg> zmk: apply_config: LISTENER INDEX: 0[0m
[00:00:16.936,248] [0m<dbg> zmk: scale_val: scaled -53 with 1/1 to -53 with remainder 0[0m
[00:00:16.936,309] [0m<dbg> zmk: apply_config: LISTENER INDEX: 0[0m
[00:00:16.936,309] [0m<dbg> zmk: scale_val: scaled 11 with 1/1 to 11 with remainder 0[0m
[00:00:16.936,340] [0m<dbg> zmk: zmk_hid_mouse_movement_set: Mouse movement set to -53/11[0m
[00:00:16.936,401] [0m<dbg> zmk: zmk_hid_mouse_scroll_set: Mouse scroll set to 0/0[0m
[00:00:16.936,401] [0m<dbg> zmk: zmk_hid_mouse_movement_set: Mouse movement set to 0/0[0m
[00:00:16.945,037] [0m<dbg> zmk: apply_config: LISTENER INDEX: 0[0m
[00:00:16.945,068] [0m<dbg> zmk: scale_val: scaled -53 with 1/1 to -53 with remainder 0[0m
[00:00:16.945,129] [0m<dbg> zmk: apply_config: LISTENER INDEX: 0[0m
[00:00:16.945,129] [0m<dbg> zmk: scale_val: scaled 15 with 1/1 to 15 with remainder 0[0m
[00:00:16.945,159] [0m<dbg> zmk: zmk_hid_mouse_movement_set: Mouse movement set to -53/15[0m
[00:00:16.945,190] [0m<dbg> zmk: zmk_hid_mouse_scroll_set: Mouse scroll set to 0/0[0m
[00:00:16.945,220] [0m<dbg> zmk: zmk_hid_mouse_movement_set: Mouse movement set to 0/0[0m
[00:00:16.953,186] [0m<dbg> zmk: apply_config: LISTENER INDEX: 0[0m
[00:00:16.953,216] [0m<dbg> zmk: scale_val: scaled -53 with 1/1 to -53 with remainder 0[0m
[00:00:16.953,277] [0m<dbg> zmk: apply_config: LISTENER INDEX: 0[0m
[00:00:16.953,277] [0m<dbg> zmk: scale_val: scaled 27 with 1/1 to 27 with remainder 0[0m
[00:00:16.953,308] [0m<dbg> zmk: zmk_hid_mouse_movement_set: Mouse movement set to -53/27[0m
[00:00:16.953,369] [0m<dbg> zmk: zmk_hid_mouse_scroll_set: Mouse scroll set to 0/0[0m
[00:00:16.953,369] [0m<dbg> zmk: zmk_hid_mouse_movement_set: Mouse movement set to 0/0[0m
[00:00:16.960,662] [0m<dbg> zmk: apply_config: LISTENER INDEX: 0[0m
[00:00:16.960,693] [0m<dbg> zmk: scale_val: scaled -37 with 1/1 to -37 with remainder 0[0m
[00:00:16.960,754] [0m<dbg> zmk: apply_config: LISTENER INDEX: 0[0m
[00:00:16.960,754] [0m<dbg> zmk: scale_val: scaled 21 with 1/1 to 21 with remainder 0[0m
[00:00:16.960,784] [0m<dbg> zmk: zmk_hid_mouse_movement_set: Mouse movement set to -37/21[0m
[00:00:16.960,815] [0m<dbg> zmk: zmk_hid_mouse_scroll_set: Mouse scroll set to 0/0[0m
[00:00:16.960,845] [0m<dbg> zmk: zmk_hid_mouse_movement_set: Mouse movement set to 0/0[0m
[00:00:16.969,360] [0m<dbg> zmk: apply_config: LISTENER INDEX: 0[0m
[00:00:16.969,360] [0m<dbg> zmk: scale_val: scaled -37 with 1/1 to -37 with remainder 0[0m
[00:00:16.969,421] [0m<dbg> zmk: apply_config: LISTENER INDEX: 0[0m
[00:00:16.969,451] [0m<dbg> zmk: scale_val: scaled 27 with 1/1 to 27 with remainder 0[0m
[00:00:16.969,451] [0m<dbg> zmk: zmk_hid_mouse_movement_set: Mouse movement set to -37/27[0m
[00:00:16.969,512] [0m<dbg> zmk: zmk_hid_mouse_scroll_set: Mouse scroll set to 0/0[0m
[00:00:16.969,543] [0m<dbg> zmk: zmk_hid_mouse_movement_set: Mouse movement set to 0/0[0m
[00:00:16.977,233] [0m<dbg> zmk: apply_config: LISTENER INDEX: 0[0m
[00:00:16.977,264] [0m<dbg> zmk: scale_val: scaled -37 with 1/1 to -37 with remainder 0[0m
[00:00:16.977,325] [0m<dbg> zmk: apply_config: LISTENER INDEX: 0[0m
[00:00:16.977,355] [0m<dbg> zmk: scale_val: scaled 41 with 1/1 to 41 with remainder 0[0m
[00:00:16.977,355] [0m<dbg> zmk: zmk_hid_mouse_movement_set: Mouse movement set to -37/41[0m
[00:00:16.977,416] [0m<dbg> zmk: zmk_hid_mouse_scroll_set: Mouse scroll set to 0/0[0m
[00:00:16.977,416] [0m<dbg> zmk: zmk_hid_mouse_movement_set: Mouse movement set to 0/0[0m
[00:00:16.985,290] [0m<dbg> zmk: apply_config: LISTENER INDEX: 0[0m
[00:00:16.985,290] [0m<dbg> zmk: scale_val: scaled -27 with 1/1 to -27 with remainder 0[0m
[00:00:16.985,351] [0m<dbg> zmk: apply_config: LISTENER INDEX: 0[0m
[00:00:16.985,382] [0m<dbg> zmk: scale_val: scaled 41 with 1/1 to 41 with remainder 0[0m
[00:00:16.985,382] [0m<dbg> zmk: zmk_hid_mouse_movement_set: Mouse movement set to -27/41[0m
[00:00:16.985,687] [0m<dbg> zmk: zmk_hid_mouse_scroll_set: Mouse scroll set to 0/0[0m
[00:00:16.985,717] [0m<dbg> zmk: zmk_hid_mouse_movement_set: Mouse movement set to 0/0[0m
[00:00:16.993,438] [0m<dbg> zmk: apply_config: LISTENER INDEX: 0[0m
[00:00:16.993,469] [0m<dbg> zmk: scale_val: scaled -24 with 1/1 to -24 with remainder 0[0m
[00:00:16.993,530] [0m<dbg> zmk: apply_config: LISTENER INDEX: 0[0m
[00:00:16.993,530] [0m<dbg> zmk: scale_val: scaled 41 with 1/1 to 41 with remainder 0[0m
[00:00:16.993,560] [0m<dbg> zmk: zmk_hid_mouse_movement_set: Mouse movement set to -24/41[0m
[00:00:16.993,621] [0m<dbg> zmk: zmk_hid_mouse_scroll_set: Mouse scroll set to 0/0[0m
[00:00:16.993,621] [0m<dbg> zmk: zmk_hid_mouse_movement_set: Mouse movement set to 0/0[0m
[00:00:17.001,403] [0m<dbg> zmk: apply_config: LISTENER INDEX: 0[0m
[00:00:17.001,434] [0m<dbg> zmk: scale_val: scaled -18 with 1/1 to -18 with remainder 0[0m
[00:00:17.001,495] [0m<dbg> zmk: apply_config: LISTENER INDEX: 0[0m
[00:00:17.001,617] [0m<dbg> zmk: scale_val: scaled 33 with 1/1 to 33 with remainder 0[0m
[00:00:17.001,617] [0m<dbg> zmk: zmk_hid_mouse_movement_set: Mouse movement set to -18/33[0m
[00:00:17.001,678] [0m<dbg> zmk: zmk_hid_mouse_scroll_set: Mouse scroll set to 0/0[0m
[00:00:17.001,678] [0m<dbg> zmk: zmk_hid_mouse_movement_set: Mouse movement set to 0/0[0m
[00:00:17.008,850] [0m<dbg> zmk: apply_config: LISTENER INDEX: 0[0m
[00:00:17.008,941] [0m<dbg> zmk: scale_val: scaled -13 with 1/1 to -13 with remainder 0[0m
[00:00:17.009,002] [0m<dbg> zmk: apply_config: LISTENER INDEX: 0[0m
[00:00:17.009,002] [0m<dbg> zmk: scale_val: scaled 33 with 1/1 to 33 with remainder 0[0m
[00:00:17.009,033] [0m<dbg> zmk: zmk_hid_mouse_movement_set: Mouse movement set to -13/33[0m
[00:00:17.009,094] [0m<dbg> zmk: zmk_hid_mouse_scroll_set: Mouse scroll set to 0/0[0m
[00:00:17.009,094] [0m<dbg> zmk: zmk_hid_mouse_movement_set: Mouse movement set to 0/0[0m
[00:00:17.016,876] [0m<dbg> zmk: apply_config: LISTENER INDEX: 0[0m
[00:00:17.016,906] [0m<dbg> zmk: scale_val: scaled -7 with 1/1 to -7 with remainder 0[0m
[00:00:17.016,967] [0m<dbg> zmk: apply_config: LISTENER INDEX: 0[0m
[00:00:17.016,967] [0m<dbg> zmk: scale_val: scaled 27 with 1/1 to 27 with remainder 0[0m
[00:00:17.016,998] [0m<dbg> zmk: zmk_hid_mouse_movement_set: Mouse movement set to -7/27[0m
[00:00:17.017,059] [0m<dbg> zmk: zmk_hid_mouse_scroll_set: Mouse scroll set to 0/0[0m
[00:00:17.017,120] [0m<dbg> zmk: zmk_hid_mouse_movement_set: Mouse movement set to 0/0[0m
[00:00:17.025,604] [0m<dbg> zmk: apply_config: LISTENER INDEX: 0[0m
[00:00:17.025,604] [0m<dbg> zmk: scale_val: scaled -5 with 1/1 to -5 with remainder 0[0m
[00:00:17.025,665] [0m<dbg> zmk: apply_config: LISTENER INDEX: 0[0m
[00:00:17.025,695] [0m<dbg> zmk: scale_val: scaled 27 with 1/1 to 27 with remainder 0[0m
[00:00:17.025,695] [0m<dbg> zmk: zmk_hid_mouse_movement_set: Mouse movement set to -5/27[0m
[00:00:17.025,756] [0m<dbg> zmk: zmk_hid_mouse_scroll_set: Mouse scroll set to 0/0[0m
[00:00:17.025,787] [0m<dbg> zmk: zmk_hid_mouse_movement_set: Mouse movement set to 0/0[0m
[00:00:17.032,928] [0m<dbg> zmk: apply_config: LISTENER INDEX: 0[0m
[00:00:17.032,928] [0m<dbg> zmk: scale_val: scaled -3 with 1/1 to -3 with remainder 0[0m
[00:00:17.032,989] [0m<dbg> zmk: apply_config: LISTENER INDEX: 0[0m
[00:00:17.033,020] [0m<dbg> zmk: scale_val: scaled 21 with 1/1 to 21 with remainder 0[0m
[00:00:17.033,050] [0m<dbg> zmk: zmk_hid_mouse_movement_set: Mouse movement set to -3/21[0m
[00:00:17.033,081] [0m<dbg> zmk: zmk_hid_mouse_scroll_set: Mouse scroll set to 0/0[0m
[00:00:17.033,111] [0m<dbg> zmk: zmk_hid_mouse_movement_set: Mouse movement set to 0/0[0m
[00:00:17.041,717] [0m<dbg> zmk: apply_config: LISTENER INDEX: 0[0m
[00:00:17.041,748] [0m<dbg> zmk: scale_val: scaled -2 with 1/1 to -2 with remainder 0[0m
[00:00:17.041,809] [0m<dbg> zmk: apply_config: LISTENER INDEX: 0[0m
[00:00:17.041,809] [0m<dbg> zmk: scale_val: scaled 18 with 1/1 to 18 with remainder 0[0m
[00:00:17.041,839] [0m<dbg> zmk: zmk_hid_mouse_movement_set: Mouse movement set to -2/18[0m
[00:00:17.041,870] [0m<dbg> zmk: zmk_hid_mouse_scroll_set: Mouse scroll set to 0/0[0m
[00:00:17.041,900] [0m<dbg> zmk: zmk_hid_mouse_movement_set: Mouse movement set to 0/0[0m
[00:00:17.049,774] [0m<dbg> zmk: apply_config: LISTENER INDEX: 0[0m
[00:00:17.049,804] [0m<dbg> zmk: scale_val: scaled -1 with 1/1 to -1 with remainder 0[0m
[00:00:17.049,865] [0m<dbg> zmk: apply_config: LISTENER INDEX: 0[0m
[00:00:17.049,865] [0m<dbg> zmk: scale_val: scaled 18 with 1/1 to 18 with remainder 0[0m
[00:00:17.049,896] [0m<dbg> zmk: zmk_hid_mouse_movement_set: Mouse movement set to -1/18[0m
[00:00:17.049,957] [0m<dbg> zmk: zmk_hid_mouse_scroll_set: Mouse scroll set to 0/0[0m
[00:00:17.049,957] [0m<dbg> zmk: zmk_hid_mouse_movement_set: Mouse movement set to 0/0[0m
[00:00:17.057,952] [0m<dbg> zmk: apply_config: LISTENER INDEX: 0[0m
[00:00:17.058,044] [0m<dbg> zmk: scale_val: scaled -1 with 1/1 to -1 with remainder 0[0m
[00:00:17.058,105] [0m<dbg> zmk: apply_config: LISTENER INDEX: 0[0m
[00:00:17.058,105] [0m<dbg> zmk: scale_val: scaled 15 with 1/1 to 15 with remainder 0[0m
[00:00:17.058,135] [0m<dbg> zmk: zmk_hid_mouse_movement_set: Mouse movement set to -1/15[0m
[00:00:17.058,197] [0m<dbg> zmk: zmk_hid_mouse_scroll_set: Mouse scroll set to 0/0[0m
[00:00:17.058,197] [0m<dbg> zmk: zmk_hid_mouse_movement_set: Mouse movement set to 0/0[0m
[00:00:17.065,856] [0m<dbg> zmk: apply_config: LISTENER INDEX: 0[0m
[00:00:17.065,887] [0m<dbg> zmk: scale_val: scaled 0 with 1/1 to 0 with remainder 0[0m
[00:00:17.065,948] [0m<dbg> zmk: apply_config: LISTENER INDEX: 0[0m
[00:00:17.065,979] [0m<dbg> zmk: scale_val: scaled 13 with 1/1 to 13 with remainder 0[0m
[00:00:17.065,979] [0m<dbg> zmk: zmk_hid_mouse_movement_set: Mouse movement set to 0/13[0m
[00:00:17.066,040] [0m<dbg> zmk: zmk_hid_mouse_scroll_set: Mouse scroll set to 0/0[0m
[00:00:17.066,040] [0m<dbg> zmk: zmk_hid_mouse_movement_set: Mouse movement set to 0/0[0m
[00:00:17.073,944] [0m<dbg> zmk: apply_config: LISTENER INDEX: 0[0m
[00:00:17.073,974] [0m<dbg> zmk: scale_val: scaled 0 with 1/1 to 0 with remainder 0[0m
[00:00:17.074,035] [0m<dbg> zmk: apply_config: LISTENER INDEX: 0[0m
[00:00:17.074,066] [0m<dbg> zmk: scale_val: scaled 9 with 1/1 to 9 with remainder 0[0m
[00:00:17.074,066] [0m<dbg> zmk: zmk_hid_mouse_movement_set: Mouse movement set to 0/9[0m
[00:00:17.074,127] [0m<dbg> zmk: zmk_hid_mouse_scroll_set: Mouse scroll set to 0/0[0m
[00:00:17.074,127] [0m<dbg> zmk: zmk_hid_mouse_movement_set: Mouse movement set to 0/0[0m
[00:00:17.080,780] [0m<dbg> zmk: apply_config: LISTENER INDEX: 0[0m
[00:00:17.080,780] [0m<dbg> zmk: scale_val: scaled 2 with 1/1 to 2 with remainder 0[0m
[00:00:17.080,841] [0m<dbg> zmk: apply_config: LISTENER INDEX: 0[0m
[00:00:17.080,871] [0m<dbg> zmk: scale_val: scaled 3 with 1/1 to 3 with remainder 0[0m
[00:00:17.080,871] [0m<dbg> zmk: zmk_hid_mouse_movement_set: Mouse movement set to 2/3[0m
[00:00:17.080,932] [0m<dbg> zmk: zmk_hid_mouse_scroll_set: Mouse scroll set to 0/0[0m
[00:00:17.080,963] [0m<dbg> zmk: zmk_hid_mouse_movement_set: Mouse movement set to 0/0[0m
[00:00:17.088,806] [0m<dbg> zmk: apply_config: LISTENER INDEX: 0[0m
[00:00:17.088,806] [0m<dbg> zmk: scale_val: scaled 2 with 1/1 to 2 with remainder 0[0m
[00:00:17.088,867] [0m<dbg> zmk: apply_config: LISTENER INDEX: 0[0m
[00:00:17.088,897] [0m<dbg> zmk: scale_val: scaled 2 with 1/1 to 2 with remainder 0[0m
[00:00:17.088,897] [0m<dbg> zmk: zmk_hid_mouse_movement_set: Mouse movement set to 2/2[0m
[00:00:17.089,233] [0m<dbg> zmk: zmk_hid_mouse_scroll_set: Mouse scroll set to 0/0[0m
[00:00:17.089,233] [0m<dbg> zmk: zmk_hid_mouse_movement_set: Mouse movement set to 0/0[0m
[00:00:17.098,236] [0m<dbg> zmk: apply_config: LISTENER INDEX: 0[0m
[00:00:17.098,266] [0m<dbg> zmk: scale_val: scaled 1 with 1/1 to 1 with remainder 0[0m
[00:00:17.098,327] [0m<dbg> zmk: apply_config: LISTENER INDEX: 0[0m
[00:00:17.098,327] [0m<dbg> zmk: scale_val: scaled 2 with 1/1 to 2 with remainder 0[0m
[00:00:17.098,358] [0m<dbg> zmk: zmk_hid_mouse_movement_set: Mouse movement set to 1/2[0m
[00:00:17.098,388] [0m<dbg> zmk: zmk_hid_mouse_scroll_set: Mouse scroll set to 0/0[0m
[00:00:17.098,419] [0m<dbg> zmk: zmk_hid_mouse_movement_set: Mouse movement set to 0/0[0m
[00:00:17.113,555] [0m<dbg> zmk: apply_config: LISTENER INDEX: 0[0m
[00:00:17.113,555] [0m<dbg> zmk: scale_val: scaled -2 with 1/1 to -2 with remainder 0[0m
[00:00:17.113,616] [0m<dbg> zmk: apply_config: LISTENER INDEX: 0[0m
[00:00:17.113,647] [0m<dbg> zmk: scale_val: scaled -3 with 1/1 to -3 with remainder 0[0m
[00:00:17.113,647] [0m<dbg> zmk: zmk_hid_mouse_movement_set: Mouse movement set to -2/-3[0m
[00:00:17.113,708] [0m<dbg> zmk: zmk_hid_mouse_scroll_set: Mouse scroll set to 0/0[0m
[00:00:17.113,739] [0m<dbg> zmk: zmk_hid_mouse_movement_set: Mouse movement set to 0/0[0m
[00:00:17.121,704] [0m<dbg> zmk: apply_config: LISTENER INDEX: 0[0m
[00:00:17.121,734] [0m<dbg> zmk: scale_val: scaled -11 with 1/1 to -11 with remainder 0[0m
[00:00:17.121,795] [0m<dbg> zmk: apply_config: LISTENER INDEX: 0[0m
[00:00:17.121,795] [0m<dbg> zmk: scale_val: scaled -13 with 1/1 to -13 with remainder 0[0m
[00:00:17.121,826] [0m<dbg> zmk: zmk_hid_mouse_movement_set: Mouse movement set to -11/-13[0m
[00:00:17.121,887] [0m<dbg> zmk: zmk_hid_mouse_scroll_set: Mouse scroll set to 0/0[0m
[00:00:17.121,887] [0m<dbg> zmk: zmk_hid_mouse_movement_set: Mouse movement set to 0/0[0m
[00:00:17.129,638] [0m<dbg> zmk: apply_config: LISTENER INDEX: 0[0m
[00:00:17.129,638] [0m<dbg> zmk: scale_val: scaled -13 with 1/1 to -13 with remainder 0[0m
[00:00:17.129,699] [0m<dbg> zmk: apply_config: LISTENER INDEX: 0[0m
[00:00:17.129,730] [0m<dbg> zmk: scale_val: scaled -27 with 1/1 to -27 with remainder 0[0m
[00:00:17.129,730] [0m<dbg> zmk: zmk_hid_mouse_movement_set: Mouse movement set to -13/-27[0m
[00:00:17.129,791] [0m<dbg> zmk: zmk_hid_mouse_scroll_set: Mouse scroll set to 0/0[0m
[00:00:17.129,821] [0m<dbg> zmk: zmk_hid_mouse_movement_set: Mouse movement set to 0/0[0m
[00:00:17.137,695] [0m<dbg> zmk: apply_config: LISTENER INDEX: 0[0m
[00:00:17.137,725] [0m<dbg> zmk: scale_val: scaled -24 with 1/1 to -24 with remainder 0[0m
[00:00:17.137,756] [0m<dbg> zmk: apply_config: LISTENER INDEX: 0[0m
[00:00:17.137,786] [0m<dbg> zmk: scale_val: scaled -33 with 1/1 to -33 with remainder 0[0m
[00:00:17.137,817] [0m<dbg> zmk: zmk_hid_mouse_movement_set: Mouse movement set to -24/-33[0m
[00:00:17.137,847] [0m<dbg> zmk: zmk_hid_mouse_scroll_set: Mouse scroll set to 0/0[0m
[00:00:17.137,878] [0m<dbg> zmk: zmk_hid_mouse_movement_set: Mouse movement set to 0/0[0m
[00:00:17.145,751] [0m<dbg> zmk: apply_config: LISTENER INDEX: 0[0m
[00:00:17.145,782] [0m<dbg> zmk: scale_val: scaled -18 with 1/1 to -18 with remainder 0[0m
[00:00:17.145,843] [0m<dbg> zmk: apply_config: LISTENER INDEX: 0[0m
[00:00:17.145,843] [0m<dbg> zmk: scale_val: scaled -72 with 1/1 to -72 with remainder 0[0m
[00:00:17.145,874] [0m<dbg> zmk: zmk_hid_mouse_movement_set: Mouse movement set to -18/-72[0m
[00:00:17.145,935] [0m<dbg> zmk: zmk_hid_mouse_scroll_set: Mouse scroll set to 0/0[0m
[00:00:17.145,935] [0m<dbg> zmk: zmk_hid_mouse_movement_set: Mouse movement set to 0/0[0m
[00:00:17.153,930] [0m<dbg> zmk: apply_config: LISTENER INDEX: 0[0m
[00:00:17.153,930] [0m<dbg> zmk: scale_val: scaled -30 with 1/1 to -30 with remainder 0[0m
[00:00:17.153,991] [0m<dbg> zmk: apply_config: LISTENER INDEX: 0[0m
[00:00:17.154,022] [0m<dbg> zmk: scale_val: scaled -117 with 1/1 to -117 with remainder 0[0m
[00:00:17.154,022] [0m<dbg> zmk: zmk_hid_mouse_movement_set: Mouse movement set to -30/-117[0m
[00:00:17.154,083] [0m<dbg> zmk: zmk_hid_mouse_scroll_set: Mouse scroll set to 0/0[0m
[00:00:17.154,113] [0m<dbg> zmk: zmk_hid_mouse_movement_set: Mouse movement set to 0/0[0m
[00:00:17.161,926] [0m<dbg> zmk: apply_config: LISTENER INDEX: 0[0m
[00:00:17.161,956] [0m<dbg> zmk: scale_val: scaled -27 with 1/1 to -27 with remainder 0[0m
[00:00:17.162,017] [0m<dbg> zmk: apply_config: LISTENER INDEX: 0[0m
[00:00:17.162,017] [0m<dbg> zmk: scale_val: scaled -173 with 1/1 to -173 with remainder 0[0m
[00:00:17.162,048] [0m<dbg> zmk: zmk_hid_mouse_movement_set: Mouse movement set to -27/-173[0m
[00:00:17.162,109] [0m<dbg> zmk: zmk_hid_mouse_scroll_set: Mouse scroll set to 0/0[0m
[00:00:17.162,109] [0m<dbg> zmk: zmk_hid_mouse_movement_set: Mouse movement set to 0/0[0m
[00:00:17.170,013] [0m<dbg> zmk: apply_config: LISTENER INDEX: 0[0m
[00:00:17.170,013] [0m<dbg> zmk: scale_val: scaled -30 with 1/1 to -30 with remainder 0[0m
[00:00:17.170,074] [0m<dbg> zmk: apply_config: LISTENER INDEX: 0[0m
[00:00:17.170,104] [0m<dbg> zmk: scale_val: scaled -213 with 1/1 to -213 with remainder 0[0m
[00:00:17.170,104] [0m<dbg> zmk: zmk_hid_mouse_movement_set: Mouse movement set to -30/-213[0m
[00:00:17.170,166] [0m<dbg> zmk: zmk_hid_mouse_scroll_set: Mouse scroll set to 0/0[0m
[00:00:17.170,196] [0m<dbg> zmk: zmk_hid_mouse_movement_set: Mouse movement set to 0/0[0m
[00:00:17.178,039] [0m<dbg> zmk: apply_config: LISTENER INDEX: 0[0m
[00:00:17.178,070] [0m<dbg> zmk: scale_val: scaled -30 with 1/1 to -30 with remainder 0[0m
[00:00:17.178,131] [0m<dbg> zmk: apply_config: LISTENER INDEX: 0[0m
[00:00:17.178,131] [0m<dbg> zmk: scale_val: scaled -231 with 1/1 to -231 with remainder 0[0m
[00:00:17.178,161] [0m<dbg> zmk: zmk_hid_mouse_movement_set: Mouse movement set to -30/-231[0m
[00:00:17.178,222] [0m<dbg> zmk: zmk_hid_mouse_scroll_set: Mouse scroll set to 0/0[0m
[00:00:17.178,222] [0m<dbg> zmk: zmk_hid_mouse_movement_set: Mouse movement set to 0/0[0m
[00:00:17.186,096] [0m<dbg> zmk: apply_config: LISTENER INDEX: 0[0m
[00:00:17.186,126] [0m<dbg> zmk: scale_val: scaled -27 with 1/1 to -27 with remainder 0[0m
[00:00:17.186,187] [0m<dbg> zmk: apply_config: LISTENER INDEX: 0[0m
[00:00:17.186,187] [0m<dbg> zmk: scale_val: scaled -287 with 1/1 to -287 with remainder 0[0m
[00:00:17.186,218] [0m<dbg> zmk: zmk_hid_mouse_movement_set: Mouse movement set to -27/-287[0m
[00:00:17.186,279] [0m<dbg> zmk: zmk_hid_mouse_scroll_set: Mouse scroll set to 0/0[0m
[00:00:17.186,279] [0m<dbg> zmk: zmk_hid_mouse_movement_set: Mouse movement set to 0/0[0m
[00:00:17.194,183] [0m<dbg> zmk: apply_config: LISTENER INDEX: 0[0m
[00:00:17.194,183] [0m<dbg> zmk: scale_val: scaled -24 with 1/1 to -24 with remainder 0[0m
[00:00:17.194,244] [0m<dbg> zmk: apply_config: LISTENER INDEX: 0[0m
[00:00:17.194,274] [0m<dbg> zmk: scale_val: scaled -277 with 1/1 to -277 with remainder 0[0m
[00:00:17.194,274] [0m<dbg> zmk: zmk_hid_mouse_movement_set: Mouse movement set to -24/-277[0m
[00:00:17.194,335] [0m<dbg> zmk: zmk_hid_mouse_scroll_set: Mouse scroll set to 0/0[0m
[00:00:17.194,366] [0m<dbg> zmk: zmk_hid_mouse_movement_set: Mouse movement set to 0/0[0m
[00:00:17.202,239] [0m<dbg> zmk: apply_config: LISTENER INDEX: 0[0m
[00:00:17.202,270] [0m<dbg> zmk: scale_val: scaled -18 with 1/1 to -18 with remainder 0[0m
[00:00:17.202,301] [0m<dbg> zmk: apply_config: LISTENER INDEX: 0[0m
[00:00:17.202,331] [0m<dbg> zmk: scale_val: scaled -277 with 1/1 to -277 with remainder 0[0m
[00:00:17.202,331] [0m<dbg> zmk: zmk_hid_mouse_movement_set: Mouse movement set to -18/-277[0m
[00:00:17.202,392] [0m<dbg> zmk: zmk_hid_mouse_scroll_set: Mouse scroll set to 0/0[0m
[00:00:17.202,453] [0m<dbg> zmk: zmk_hid_mouse_movement_set: Mouse movement set to 0/0[0m
[00:00:17.210,327] [0m<dbg> zmk: apply_config: LISTENER INDEX: 0[0m
[00:00:17.210,357] [0m<dbg> zmk: scale_val: scaled -18 with 1/1 to -18 with remainder 0[0m
[00:00:17.210,418] [0m<dbg> zmk: apply_config: LISTENER INDEX: 0[0m
[00:00:17.210,449] [0m<dbg> zmk: scale_val: scaled -231 with 1/1 to -231 with remainder 0[0m
[00:00:17.210,449] [0m<dbg> zmk: zmk_hid_mouse_movement_set: Mouse movement set to -18/-231[0m
[00:00:17.210,510] [0m<dbg> zmk: zmk_hid_mouse_scroll_set: Mouse scroll set to 0/0[0m
[00:00:17.210,510] [0m<dbg> zmk: zmk_hid_mouse_movement_set: Mouse movement set to 0/0[0m
[00:00:17.218,475] [0m<dbg> zmk: apply_config: LISTENER INDEX: 0[0m
[00:00:17.218,505] [0m<dbg> zmk: scale_val: scaled -21 with 1/1 to -21 with remainder 0[0m
[00:00:17.218,566] [0m<dbg> zmk: apply_config: LISTENER INDEX: 0[0m
[00:00:17.218,566] [0m<dbg> zmk: scale_val: scaled -197 with 1/1 to -197 with remainder 0[0m
[00:00:17.218,597] [0m<dbg> zmk: zmk_hid_mouse_movement_set: Mouse movement set to -21/-197[0m
[00:00:17.218,658] [0m<dbg> zmk: zmk_hid_mouse_scroll_set: Mouse scroll set to 0/0[0m
[00:00:17.218,658] [0m<dbg> zmk: zmk_hid_mouse_movement_set: Mouse movement set to 0/0[0m
[00:00:17.226,440] [0m<dbg> zmk: apply_config: LISTENER INDEX: 0[0m
[00:00:17.226,440] [0m<dbg> zmk: scale_val: scaled -15 with 1/1 to -15 with remainder 0[0m
[00:00:17.226,501] [0m<dbg> zmk: apply_config: LISTENER INDEX: 0[0m
[00:00:17.226,531] [0m<dbg> zmk: scale_val: scaled -158 with 1/1 to -158 with remainder 0[0m
[00:00:17.226,654] [0m<dbg> zmk: zmk_hid_mouse_movement_set: Mouse movement set to -15/-158[0m
[00:00:17.226,715] [0m<dbg> zmk: zmk_hid_mouse_scroll_set: Mouse scroll set to 0/0[0m
[00:00:17.226,745] [0m<dbg> zmk: zmk_hid_mouse_movement_set: Mouse movement set to 0/0[0m
[00:00:17.234,466] [0m<dbg> zmk: apply_config: LISTENER INDEX: 0[0m
[00:00:17.234,497] [0m<dbg> zmk: scale_val: scaled -11 with 1/1 to -11 with remainder 0[0m
[00:00:17.234,558] [0m<dbg> zmk: apply_config: LISTENER INDEX: 0[0m
[00:00:17.234,558] [0m<dbg> zmk: scale_val: scaled -130 with 1/1 to -130 with remainder 0[0m
[00:00:17.234,588] [0m<dbg> zmk: zmk_hid_mouse_movement_set: Mouse movement set to -11/-130[0m
[00:00:17.234,649] [0m<dbg> zmk: zmk_hid_mouse_scroll_set: Mouse scroll set to 0/0[0m
[00:00:17.234,649] [0m<dbg> zmk: zmk_hid_mouse_movement_set: Mouse movement set to 0/0[0m
[00:00:17.243,560] [0m<dbg> zmk: apply_config: LISTENER INDEX: 0[0m
[00:00:17.243,560] [0m<dbg> zmk: scale_val: scaled -7 with 1/1 to -7 with remainder 0[0m
[00:00:17.243,621] [0m<dbg> zmk: apply_config: LISTENER INDEX: 0[0m
[00:00:17.243,652] [0m<dbg> zmk: scale_val: scaled -93 with 1/1 to -93 with remainder 0[0m
[00:00:17.243,652] [0m<dbg> zmk: zmk_hid_mouse_movement_set: Mouse movement set to -7/-93[0m
[00:00:17.243,743] [0m<dbg> zmk: zmk_hid_mouse_scroll_set: Mouse scroll set to 0/0[0m
[00:00:17.243,774] [0m<dbg> zmk: zmk_hid_mouse_movement_set: Mouse movement set to 0/0[0m
[00:00:17.251,312] [0m<dbg> zmk: apply_config: LISTENER INDEX: 0[0m
[00:00:17.251,342] [0m<dbg> zmk: scale_val: scaled -3 with 1/1 to -3 with remainder 0[0m
[00:00:17.251,403] [0m<dbg> zmk: apply_config: LISTENER INDEX: 0[0m
[00:00:17.251,403] [0m<dbg> zmk: scale_val: scaled -62 with 1/1 to -62 with remainder 0[0m
[00:00:17.251,434] [0m<dbg> zmk: zmk_hid_mouse_movement_set: Mouse movement set to -3/-62[0m
[00:00:17.251,495] [0m<dbg> zmk: zmk_hid_mouse_scroll_set: Mouse scroll set to 0/0[0m
[00:00:17.251,495] [0m<dbg> zmk: zmk_hid_mouse_movement_set: Mouse movement set to 0/0[0m
[00:00:17.258,666] [0m<dbg> zmk: apply_config: LISTENER INDEX: 0[0m
[00:00:17.258,697] [0m<dbg> zmk: scale_val: scaled -1 with 1/1 to -1 with remainder 0[0m
[00:00:17.258,789] [0m<dbg> zmk: apply_config: LISTENER INDEX: 0[0m
[00:00:17.258,789] [0m<dbg> zmk: scale_val: scaled -45 with 1/1 to -45 with remainder 0[0m
[00:00:17.258,819] [0m<dbg> zmk: zmk_hid_mouse_movement_set: Mouse movement set to -1/-45[0m
[00:00:17.259,002] [0m<dbg> zmk: zmk_hid_mouse_scroll_set: Mouse scroll set to 0/0[0m
[00:00:17.259,155] [0m<dbg> zmk: zmk_hid_mouse_movement_set: Mouse movement set to 0/0[0m
[00:00:17.267,578] [0m<dbg> zmk: apply_config: LISTENER INDEX: 0[0m
[00:00:17.267,608] [0m<dbg> zmk: scale_val: scaled 1 with 1/1 to 1 with remainder 0[0m
[00:00:17.267,669] [0m<dbg> zmk: apply_config: LISTENER INDEX: 0[0m
[00:00:17.267,669] [0m<dbg> zmk: scale_val: scaled -24 with 1/1 to -24 with remainder 0[0m
[00:00:17.267,700] [0m<dbg> zmk: zmk_hid_mouse_movement_set: Mouse movement set to 1/-24[0m
[00:00:17.267,730] [0m<dbg> zmk: zmk_hid_mouse_scroll_set: Mouse scroll set to 0/0[0m
[00:00:17.267,761] [0m<dbg> zmk: zmk_hid_mouse_movement_set: Mouse movement set to 0/0[0m
[00:00:17.275,512] [0m<dbg> zmk: apply_config: LISTENER INDEX: 0[0m
[00:00:17.275,543] [0m<dbg> zmk: scale_val: scaled 11 with 1/1 to 11 with remainder 0[0m
[00:00:17.275,604] [0m<dbg> zmk: apply_config: LISTENER INDEX: 0[0m
[00:00:17.275,634] [0m<dbg> zmk: scale_val: scaled -13 with 1/1 to -13 with remainder 0[0m
[00:00:17.275,634] [0m<dbg> zmk: zmk_hid_mouse_movement_set: Mouse movement set to 11/-13[0m
[00:00:17.275,695] [0m<dbg> zmk: zmk_hid_mouse_scroll_set: Mouse scroll set to 0/0[0m
[00:00:17.275,695] [0m<dbg> zmk: zmk_hid_mouse_movement_set: Mouse movement set to 0/0[0m
[00:00:17.283,020] [0m<dbg> zmk: apply_config: LISTENER INDEX: 0[0m
[00:00:17.283,050] [0m<dbg> zmk: scale_val: scaled 21 with 1/1 to 21 with remainder 0[0m
[00:00:17.283,111] [0m<dbg> zmk: apply_config: LISTENER INDEX: 0[0m
[00:00:17.283,111] [0m<dbg> zmk: scale_val: scaled -3 with 1/1 to -3 with remainder 0[0m
[00:00:17.283,142] [0m<dbg> zmk: zmk_hid_mouse_movement_set: Mouse movement set to 21/-3[0m
[00:00:17.283,203] [0m<dbg> zmk: zmk_hid_mouse_scroll_set: Mouse scroll set to 0/0[0m
[00:00:17.283,203] [0m<dbg> zmk: zmk_hid_mouse_movement_set: Mouse movement set to 0/0[0m
[00:00:17.290,893] [0m<dbg> zmk: apply_config: LISTENER INDEX: 0[0m
[00:00:17.290,924] [0m<dbg> zmk: scale_val: scaled 33 with 1/1 to 33 with remainder 0[0m
[00:00:17.290,954] [0m<dbg> zmk: apply_config: LISTENER INDEX: 0[0m
[00:00:17.290,985] [0m<dbg> zmk: scale_val: scaled 0 with 1/1 to 0 with remainder 0[0m
[00:00:17.291,015] [0m<dbg> zmk: zmk_hid_mouse_movement_set: Mouse movement set to 33/0[0m
[00:00:17.291,046] [0m<dbg> zmk: zmk_hid_mouse_scroll_set: Mouse scroll set to 0/0[0m
[00:00:17.291,076] [0m<dbg> zmk: zmk_hid_mouse_movement_set: Mouse movement set to 0/0[0m
[00:00:17.299,011] [0m<dbg> zmk: apply_config: LISTENER INDEX: 0[0m
[00:00:17.299,041] [0m<dbg> zmk: scale_val: scaled 49 with 1/1 to 49 with remainder 0[0m
[00:00:17.299,102] [0m<dbg> zmk: apply_config: LISTENER INDEX: 0[0m
[00:00:17.299,102] [0m<dbg> zmk: scale_val: scaled 11 with 1/1 to 11 with remainder 0[0m
[00:00:17.299,133] [0m<dbg> zmk: zmk_hid_mouse_movement_set: Mouse movement set to 49/11[0m
[00:00:17.299,194] [0m<dbg> zmk: zmk_hid_mouse_scroll_set: Mouse scroll set to 0/0[0m
[00:00:17.299,194] [0m<dbg> zmk: zmk_hid_mouse_movement_set: Mouse movement set to 0/0[0m
[00:00:17.307,128] [0m<dbg> zmk: apply_config: LISTENER INDEX: 0[0m
[00:00:17.307,159] [0m<dbg> zmk: scale_val: scaled 62 with 1/1 to 62 with remainder 0[0m
[00:00:17.307,220] [0m<dbg> zmk: apply_config: LISTENER INDEX: 0[0m
[00:00:17.307,220] [0m<dbg> zmk: scale_val: scaled 21 with 1/1 to 21 with remainder 0[0m
[00:00:17.307,250] [0m<dbg> zmk: zmk_hid_mouse_movement_set: Mouse movement set to 62/21[0m
[00:00:17.307,312] [0m<dbg> zmk: zmk_hid_mouse_scroll_set: Mouse scroll set to 0/0[0m
[00:00:17.307,312] [0m<dbg> zmk: zmk_hid_mouse_movement_set: Mouse movement set to 0/0[0m
[00:00:17.315,338] [0m<dbg> zmk: apply_config: LISTENER INDEX: 0[0m
[00:00:17.315,338] [0m<dbg> zmk: scale_val: scaled 67 with 1/1 to 67 with remainder 0[0m
[00:00:17.315,399] [0m<dbg> zmk: apply_config: LISTENER INDEX: 0[0m
[00:00:17.315,429] [0m<dbg> zmk: scale_val: scaled 41 with 1/1 to 41 with remainder 0[0m
[00:00:17.315,429] [0m<dbg> zmk: zmk_hid_mouse_movement_set: Mouse movement set to 67/41[0m
[00:00:17.315,490] [0m<dbg> zmk: zmk_hid_mouse_scroll_set: Mouse scroll set to 0/0[0m
[00:00:17.315,521] [0m<dbg> zmk: zmk_hid_mouse_movement_set: Mouse movement set to 0/0[0m
[00:00:17.323,303] [0m<dbg> zmk: apply_config: LISTENER INDEX: 0[0m
[00:00:17.323,303] [0m<dbg> zmk: scale_val: scaled 67 with 1/1 to 67 with remainder 0[0m
[00:00:17.323,364] [0m<dbg> zmk: apply_config: LISTENER INDEX: 0[0m
[00:00:17.323,394] [0m<dbg> zmk: scale_val: scaled 49 with 1/1 to 49 with remainder 0[0m
[00:00:17.323,394] [0m<dbg> zmk: zmk_hid_mouse_movement_set: Mouse movement set to 67/49[0m
[00:00:17.323,455] [0m<dbg> zmk: zmk_hid_mouse_scroll_set: Mouse scroll set to 0/0[0m
[00:00:17.323,486] [0m<dbg> zmk: zmk_hid_mouse_movement_set: Mouse movement set to 0/0[0m
[00:00:17.331,237] [0m<dbg> zmk: apply_config: LISTENER INDEX: 0[0m
[00:00:17.331,237] [0m<dbg> zmk: scale_val: scaled 77 with 1/1 to 77 with remainder 0[0m
[00:00:17.331,298] [0m<dbg> zmk: apply_config: LISTENER INDEX: 0[0m
[00:00:17.331,329] [0m<dbg> zmk: scale_val: scaled 72 with 1/1 to 72 with remainder 0[0m
[00:00:17.331,329] [0m<dbg> zmk: zmk_hid_mouse_movement_set: Mouse movement set to 77/72[0m
[00:00:17.331,390] [0m<dbg> zmk: zmk_hid_mouse_scroll_set: Mouse scroll set to 0/0[0m
[00:00:17.331,512] [0m<dbg> zmk: zmk_hid_mouse_movement_set: Mouse movement set to 0/0[0m
[00:00:17.339,294] [0m<dbg> zmk: apply_config: LISTENER INDEX: 0[0m
[00:00:17.339,294] [0m<dbg> zmk: scale_val: scaled 72 with 1/1 to 72 with remainder 0[0m
[00:00:17.339,355] [0m<dbg> zmk: apply_config: LISTENER INDEX: 0[0m
[00:00:17.339,385] [0m<dbg> zmk: scale_val: scaled 93 with 1/1 to 93 with remainder 0[0m
[00:00:17.339,385] [0m<dbg> zmk: zmk_hid_mouse_movement_set: Mouse movement set to 72/93[0m
[00:00:17.339,447] [0m<dbg> zmk: zmk_hid_mouse_scroll_set: Mouse scroll set to 0/0[0m
[00:00:17.339,477] [0m<dbg> zmk: zmk_hid_mouse_movement_set: Mouse movement set to 0/0[0m
[00:00:17.347,351] [0m<dbg> zmk: apply_config: LISTENER INDEX: 0[0m
[00:00:17.347,381] [0m<dbg> zmk: scale_val: scaled 77 with 1/1 to 77 with remainder 0[0m
[00:00:17.347,442] [0m<dbg> zmk: apply_config: LISTENER INDEX: 0[0m
[00:00:17.347,442] [0m<dbg> zmk: scale_val: scaled 111 with 1/1 to 111 with remainder 0[0m
[00:00:17.347,473] [0m<dbg> zmk: zmk_hid_mouse_movement_set: Mouse movement set to 77/111[0m
[00:00:17.347,534] [0m<dbg> zmk: zmk_hid_mouse_scroll_set: Mouse scroll set to 0/0[0m
[00:00:17.347,534] [0m<dbg> zmk: zmk_hid_mouse_movement_set: Mouse movement set to 0/0[0m
[00:00:17.355,529] [0m<dbg> zmk: apply_config: LISTENER INDEX: 0[0m
[00:00:17.355,560] [0m<dbg> zmk: scale_val: scaled 82 with 1/1 to 82 with remainder 0[0m
[00:00:17.355,590] [0m<dbg> zmk: apply_config: LISTENER INDEX: 0[0m
[00:00:17.355,621] [0m<dbg> zmk: scale_val: scaled 130 with 1/1 to 130 with remainder 0[0m
[00:00:17.355,651] [0m<dbg> zmk: zmk_hid_mouse_movement_set: Mouse movement set to 82/130[0m
[00:00:17.355,682] [0m<dbg> zmk: zmk_hid_mouse_scroll_set: Mouse scroll set to 0/0[0m
[00:00:17.355,712] [0m<dbg> zmk: zmk_hid_mouse_movement_set: Mouse movement set to 0/0[0m
[00:00:17.363,586] [0m<dbg> zmk: apply_config: LISTENER INDEX: 0[0m
[00:00:17.363,616] [0m<dbg> zmk: scale_val: scaled 82 with 1/1 to 82 with remainder 0[0m
[00:00:17.363,677] [0m<dbg> zmk: apply_config: LISTENER INDEX: 0[0m
[00:00:17.363,677] [0m<dbg> zmk: scale_val: scaled 151 with 1/1 to 151 with remainder 0[0m
[00:00:17.363,739] [0m<dbg> zmk: zmk_hid_mouse_movement_set: Mouse movement set to 82/151[0m
[00:00:17.363,800] [0m<dbg> zmk: zmk_hid_mouse_scroll_set: Mouse scroll set to 0/0[0m
[00:00:17.363,830] [0m<dbg> zmk: zmk_hid_mouse_movement_set: Mouse movement set to 0/0[0m
[00:00:17.371,551] [0m<dbg> zmk: apply_config: LISTENER INDEX: 0[0m
[00:00:17.371,582] [0m<dbg> zmk: scale_val: scaled 93 with 1/1 to 93 with remainder 0[0m
[00:00:17.371,643] [0m<dbg> zmk: apply_config: LISTENER INDEX: 0[0m
[00:00:17.371,643] [0m<dbg> zmk: scale_val: scaled 144 with 1/1 to 144 with remainder 0[0m
[00:00:17.371,673] [0m<dbg> zmk: zmk_hid_mouse_movement_set: Mouse movement set to 93/144[0m
[00:00:17.371,734] [0m<dbg> zmk: zmk_hid_mouse_scroll_set: Mouse scroll set to 0/0[0m
[00:00:17.371,734] [0m<dbg> zmk: zmk_hid_mouse_movement_set: Mouse movement set to 0/0[0m
[00:00:17.379,608] [0m<dbg> zmk: apply_config: LISTENER INDEX: 0[0m
[00:00:17.379,608] [0m<dbg> zmk: scale_val: scaled 82 with 1/1 to 82 with remainder 0[0m
[00:00:17.379,669] [0m<dbg> zmk: apply_config: LISTENER INDEX: 0[0m
[00:00:17.379,669] [0m<dbg> zmk: scale_val: scaled 137 with 1/1 to 137 with remainder 0[0m
[00:00:17.379,699] [0m<dbg> zmk: zmk_hid_mouse_movement_set: Mouse movement set to 82/137[0m
[00:00:17.379,760] [0m<dbg> zmk: zmk_hid_mouse_scroll_set: Mouse scroll set to 0/0[0m
[00:00:17.379,760] [0m<dbg> zmk: zmk_hid_mouse_movement_set: Mouse movement set to 0/0[0m
[00:00:17.387,664] [0m<dbg> zmk: apply_config: LISTENER INDEX: 0[0m
[00:00:17.387,664] [0m<dbg> zmk: scale_val: scaled 67 with 1/1 to 67 with remainder 0[0m
[00:00:17.387,725] [0m<dbg> zmk: apply_config: LISTENER INDEX: 0[0m
[00:00:17.387,756] [0m<dbg> zmk: scale_val: scaled 123 with 1/1 to 123 with remainder 0[0m
[00:00:17.387,756] [0m<dbg> zmk: zmk_hid_mouse_movement_set: Mouse movement set to 67/123[0m
[00:00:17.387,817] [0m<dbg> zmk: zmk_hid_mouse_scroll_set: Mouse scroll set to 0/0[0m
[00:00:17.387,817] [0m<dbg> zmk: zmk_hid_mouse_movement_set: Mouse movement set to 0/0[0m
[00:00:17.396,636] [0m<dbg> zmk: apply_config: LISTENER INDEX: 0[0m
[00:00:17.396,667] [0m<dbg> zmk: scale_val: scaled 41 with 1/1 to 41 with remainder 0[0m
[00:00:17.396,728] [0m<dbg> zmk: apply_config: LISTENER INDEX: 0[0m
[00:00:17.396,728] [0m<dbg> zmk: scale_val: scaled 72 with 1/1 to 72 with remainder 0[0m
[00:00:17.396,759] [0m<dbg> zmk: zmk_hid_mouse_movement_set: Mouse movement set to 41/72[0m
[00:00:17.396,820] [0m<dbg> zmk: zmk_hid_mouse_scroll_set: Mouse scroll set to 0/0[0m
[00:00:17.396,820] [0m<dbg> zmk: zmk_hid_mouse_movement_set: Mouse movement set to 0/0[0m
[00:00:17.404,571] [0m<dbg> zmk: apply_config: LISTENER INDEX: 0[0m
[00:00:17.404,602] [0m<dbg> zmk: scale_val: scaled 30 with 1/1 to 30 with remainder 0[0m
[00:00:17.404,632] [0m<dbg> zmk: apply_config: LISTENER INDEX: 0[0m
[00:00:17.404,663] [0m<dbg> zmk: scale_val: scaled 45 with 1/1 to 45 with remainder 0[0m
[00:00:17.404,663] [0m<dbg> zmk: zmk_hid_mouse_movement_set: Mouse movement set to 30/45[0m
[00:00:17.404,724] [0m<dbg> zmk: zmk_hid_mouse_scroll_set: Mouse scroll set to 0/0[0m
[00:00:17.404,754] [0m<dbg> zmk: zmk_hid_mouse_movement_set: Mouse movement set to 0/0[0m
[00:00:17.412,597] [0m<dbg> zmk: apply_config: LISTENER INDEX: 0[0m
[00:00:17.412,597] [0m<dbg> zmk: scale_val: scaled 18 with 1/1 to 18 with remainder 0[0m
[00:00:17.412,719] [0m<dbg> zmk: apply_config: LISTENER INDEX: 0[0m
[00:00:17.412,719] [0m<dbg> zmk: scale_val: scaled 49 with 1/1 to 49 with remainder 0[0m
[00:00:17.412,750] [0m<dbg> zmk: zmk_hid_mouse_movement_set: Mouse movement set to 18/49[0m
[00:00:17.412,811] [0m<dbg> zmk: zmk_hid_mouse_scroll_set: Mouse scroll set to 0/0[0m
[00:00:17.412,811] [0m<dbg> zmk: zmk_hid_mouse_movement_set: Mouse movement set to 0/0[0m
[00:00:17.419,891] [0m<dbg> zmk: apply_config: LISTENER INDEX: 0[0m
[00:00:17.419,921] [0m<dbg> zmk: scale_val: scaled 11 with 1/1 to 11 with remainder 0[0m
[00:00:17.419,952] [0m<dbg> zmk: apply_config: LISTENER INDEX: 0[0m
[00:00:17.419,982] [0m<dbg> zmk: scale_val: scaled 37 with 1/1 to 37 with remainder 0[0m
[00:00:17.420,013] [0m<dbg> zmk: zmk_hid_mouse_movement_set: Mouse movement set to 11/37[0m
[00:00:17.420,074] [0m<dbg> zmk: zmk_hid_mouse_scroll_set: Mouse scroll set to 0/0[0m
[00:00:17.420,074] [0m<dbg> zmk: zmk_hid_mouse_movement_set: Mouse movement set to 0/0[0m
[00:00:17.428,833] [0m<dbg> zmk: apply_config: LISTENER INDEX: 0[0m
[00:00:17.428,863] [0m<dbg> zmk: scale_val: scaled 3 with 1/1 to 3 with remainder 0[0m
[00:00:17.428,924] [0m<dbg> zmk: apply_config: LISTENER INDEX: 0[0m
[00:00:17.428,924] [0m<dbg> zmk: scale_val: scaled 30 with 1/1 to 30 with remainder 0[0m
[00:00:17.428,955] [0m<dbg> zmk: zmk_hid_mouse_movement_set: Mouse movement set to 3/30[0m
[00:00:17.429,016] [0m<dbg> zmk: zmk_hid_mouse_scroll_set: Mouse scroll set to 0/0[0m
[00:00:17.429,016] [0m<dbg> zmk: zmk_hid_mouse_movement_set: Mouse movement set to 0/0[0m
[00:00:17.436,798] [0m<dbg> zmk: apply_config: LISTENER INDEX: 0[0m
[00:00:17.436,798] [0m<dbg> zmk: scale_val: scaled -2 with 1/1 to -2 with remainder 0[0m
[00:00:17.436,859] [0m<dbg> zmk: apply_config: LISTENER INDEX: 0[0m
[00:00:17.436,889] [0m<dbg> zmk: scale_val: scaled 30 with 1/1 to 30 with remainder 0[0m
[00:00:17.436,889] [0m<dbg> zmk: zmk_hid_mouse_movement_set: Mouse movement set to -2/30[0m
[00:00:17.436,950] [0m<dbg> zmk: zmk_hid_mouse_scroll_set: Mouse scroll set to 0/0[0m
[00:00:17.436,950] [0m<dbg> zmk: zmk_hid_mouse_movement_set: Mouse movement set to 0/0[0m
[00:00:17.444,824] [0m<dbg> zmk: apply_config: LISTENER INDEX: 0[0m
[00:00:17.444,854] [0m<dbg> zmk: scale_val: scaled -13 with 1/1 to -13 with remainder 0[0m
[00:00:17.444,915] [0m<dbg> zmk: apply_config: LISTENER INDEX: 0[0m
[00:00:17.444,915] [0m<dbg> zmk: scale_val: scaled 30 with 1/1 to 30 with remainder 0[0m
[00:00:17.444,946] [0m<dbg> zmk: zmk_hid_mouse_movement_set: Mouse movement set to -13/30[0m
[00:00:17.445,007] [0m<dbg> zmk: zmk_hid_mouse_scroll_set: Mouse scroll set to 0/0[0m
[00:00:17.445,037] [0m<dbg> zmk: zmk_hid_mouse_movement_set: Mouse movement set to 0/0[0m
[00:00:17.452,972] [0m<dbg> zmk: apply_config: LISTENER INDEX: 0[0m
[00:00:17.453,002] [0m<dbg> zmk: scale_val: scaled -24 with 1/1 to -24 with remainder 0[0m
[00:00:17.453,063] [0m<dbg> zmk: apply_config: LISTENER INDEX: 0[0m
[00:00:17.453,063] [0m<dbg> zmk: scale_val: scaled 21 with 1/1 to 21 with remainder 0[0m
[00:00:17.453,094] [0m<dbg> zmk: zmk_hid_mouse_movement_set: Mouse movement set to -24/21[0m
[00:00:17.453,125] [0m<dbg> zmk: zmk_hid_mouse_scroll_set: Mouse scroll set to 0/0[0m
[00:00:17.453,155] [0m<dbg> zmk: zmk_hid_mouse_movement_set: Mouse movement set to 0/0[0m
[00:00:17.460,296] [0m<dbg> zmk: apply_config: LISTENER INDEX: 0[0m
[00:00:17.460,327] [0m<dbg> zmk: scale_val: scaled -33 with 1/1 to -33 with remainder 0[0m
[00:00:17.460,388] [0m<dbg> zmk: apply_config: LISTENER INDEX: 0[0m
[00:00:17.460,418] [0m<dbg> zmk: scale_val: scaled 13 with 1/1 to 13 with remainder 0[0m
[00:00:17.460,418] [0m<dbg> zmk: zmk_hid_mouse_movement_set: Mouse movement set to -33/13[0m
[00:00:17.460,479] [0m<dbg> zmk: zmk_hid_mouse_scroll_set: Mouse scroll set to 0/0[0m
[00:00:17.460,479] [0m<dbg> zmk: zmk_hid_mouse_movement_set: Mouse movement set to 0/0[0m
[00:00:17.468,261] [0m<dbg> zmk: apply_config: LISTENER INDEX: 0[0m
[00:00:17.468,292] [0m<dbg> zmk: scale_val: scaled -41 with 1/1 to -41 with remainder 0[0m
[00:00:17.468,353] [0m<dbg> zmk: apply_config: LISTENER INDEX: 0[0m
[00:00:17.468,383] [0m<dbg> zmk: scale_val: scaled 9 with 1/1 to 9 with remainder 0[0m
[00:00:17.468,383] [0m<dbg> zmk: zmk_hid_mouse_movement_set: Mouse movement set to -41/9[0m
[00:00:17.468,444] [0m<dbg> zmk: zmk_hid_mouse_scroll_set: Mouse scroll set to 0/0[0m
[00:00:17.468,444] [0m<dbg> zmk: zmk_hid_mouse_movement_set: Mouse movement set to 0/0[0m
[00:00:17.477,172] [0m<dbg> zmk: apply_config: LISTENER INDEX: 0[0m
[00:00:17.477,203] [0m<dbg> zmk: scale_val: scaled -49 with 1/1 to -49 with remainder 0[0m
[00:00:17.477,233] [0m<dbg> zmk: apply_config: LISTENER INDEX: 0[0m
[00:00:17.477,264] [0m<dbg> zmk: scale_val: scaled 9 with 1/1 to 9 with remainder 0[0m
[00:00:17.477,264] [0m<dbg> zmk: zmk_hid_mouse_movement_set: Mouse movement set to -49/9[0m
[00:00:17.477,325] [0m<dbg> zmk: zmk_hid_mouse_scroll_set: Mouse scroll set to 0/0[0m
[00:00:17.477,355] [0m<dbg> zmk: zmk_hid_mouse_movement_set: Mouse movement set to 0/0[0m
[00:00:17.485,076] [0m<dbg> zmk: apply_config: LISTENER INDEX: 0[0m
[00:00:17.485,107] [0m<dbg> zmk: scale_val: scaled -45 with 1/1 to -45 with remainder 0[0m
[00:00:17.485,168] [0m<dbg> zmk: apply_config: LISTENER INDEX: 0[0m
[00:00:17.485,168] [0m<dbg> zmk: scale_val: scaled 7 with 1/1 to 7 with remainder 0[0m
[00:00:17.485,198] [0m<dbg> zmk: zmk_hid_mouse_movement_set: Mouse movement set to -45/7[0m
[00:00:17.485,260] [0m<dbg> zmk: zmk_hid_mouse_scroll_set: Mouse scroll set to 0/0[0m
[00:00:17.485,260] [0m<dbg> zmk: zmk_hid_mouse_movement_set: Mouse movement set to 0/0[0m
[00:00:17.492,584] [0m<dbg> zmk: apply_config: LISTENER INDEX: 0[0m
[00:00:17.492,614] [0m<dbg> zmk: scale_val: scaled -37 with 1/1 to -37 with remainder 0[0m
[00:00:17.492,675] [0m<dbg> zmk: apply_config: LISTENER INDEX: 0[0m
[00:00:17.492,675] [0m<dbg> zmk: scale_val: scaled 5 with 1/1 to 5 with remainder 0[0m
[00:00:17.492,736] [0m<dbg> zmk: zmk_hid_mouse_movement_set: Mouse movement set to -37/5[0m
[00:00:17.492,797] [0m<dbg> zmk: zmk_hid_mouse_scroll_set: Mouse scroll set to 0/0[0m
[00:00:17.492,828] [0m<dbg> zmk: zmk_hid_mouse_movement_set: Mouse movement set to 0/0[0m
[00:00:17.500,457] [0m<dbg> zmk: apply_config: LISTENER INDEX: 0[0m
[00:00:17.500,488] [0m<dbg> zmk: scale_val: scaled -33 with 1/1 to -33 with remainder 0[0m
[00:00:17.500,549] [0m<dbg> zmk: apply_config: LISTENER INDEX: 0[0m
[00:00:17.500,549] [0m<dbg> zmk: scale_val: scaled 1 with 1/1 to 1 with remainder 0[0m
[00:00:17.500,579] [0m<dbg> zmk: zmk_hid_mouse_movement_set: Mouse movement set to -33/1[0m
[00:00:17.500,640] [0m<dbg> zmk: zmk_hid_mouse_scroll_set: Mouse scroll set to 0/0[0m
[00:00:17.500,640] [0m<dbg> zmk: zmk_hid_mouse_movement_set: Mouse movement set to 0/0[0m
[00:00:17.508,544] [0m<dbg> zmk: apply_config: LISTENER INDEX: 0[0m
[00:00:17.508,575] [0m<dbg> zmk: scale_val: scaled -33 with 1/1 to -33 with remainder 0[0m
[00:00:17.508,636] [0m<dbg> zmk: apply_config: LISTENER INDEX: 0[0m
[00:00:17.508,636] [0m<dbg> zmk: scale_val: scaled 0 with 1/1 to 0 with remainder 0[0m
[00:00:17.508,666] [0m<dbg> zmk: zmk_hid_mouse_movement_set: Mouse movement set to -33/0[0m
[00:00:17.508,728] [0m<dbg> zmk: zmk_hid_mouse_scroll_set: Mouse scroll set to 0/0[0m
[00:00:17.508,728] [0m<dbg> zmk: zmk_hid_mouse_movement_set: Mouse movement set to 0/0[0m
[00:00:17.516,601] [0m<dbg> zmk: apply_config: LISTENER INDEX: 0[0m
[00:00:17.516,632] [0m<dbg> zmk: scale_val: scaled -30 with 1/1 to -30 with remainder 0[0m
[00:00:17.516,693] [0m<dbg> zmk: apply_config: LISTENER INDEX: 0[0m
[00:00:17.516,723] [0m<dbg> zmk: scale_val: scaled -5 with 1/1 to -5 with remainder 0[0m
[00:00:17.516,723] [0m<dbg> zmk: zmk_hid_mouse_movement_set: Mouse movement set to -30/-5[0m
[00:00:17.516,784] [0m<dbg> zmk: zmk_hid_mouse_scroll_set: Mouse scroll set to 0/0[0m
[00:00:17.516,784] [0m<dbg> zmk: zmk_hid_mouse_movement_set: Mouse movement set to 0/0[0m
[00:00:17.524,658] [0m<dbg> zmk: apply_config: LISTENER INDEX: 0[0m
[00:00:17.524,658] [0m<dbg> zmk: scale_val: scaled -27 with 1/1 to -27 with remainder 0[0m
[00:00:17.524,719] [0m<dbg> zmk: apply_config: LISTENER INDEX: 0[0m
[00:00:17.524,749] [0m<dbg> zmk: scale_val: scaled -21 with 1/1 to -21 with remainder 0[0m
[00:00:17.524,749] [0m<dbg> zmk: zmk_hid_mouse_movement_set: Mouse movement set to -27/-21[0m
[00:00:17.524,810] [0m<dbg> zmk: zmk_hid_mouse_scroll_set: Mouse scroll set to 0/0[0m
[00:00:17.524,841] [0m<dbg> zmk: zmk_hid_mouse_movement_set: Mouse movement set to 0/0[0m
[00:00:17.532,806] [0m<dbg> zmk: apply_config: LISTENER INDEX: 0[0m
[00:00:17.532,806] [0m<dbg> zmk: scale_val: scaled -30 with 1/1 to -30 with remainder 0[0m
[00:00:17.532,867] [0m<dbg> zmk: apply_config: LISTENER INDEX: 0[0m
[00:00:17.532,897] [0m<dbg> zmk: scale_val: scaled -41 with 1/1 to -41 with remainder 0[0m
[00:00:17.532,897] [0m<dbg> zmk: zmk_hid_mouse_movement_set: Mouse movement set to -30/-41[0m
[00:00:17.532,958] [0m<dbg> zmk: zmk_hid_mouse_scroll_set: Mouse scroll set to 0/0[0m
[00:00:17.532,958] [0m<dbg> zmk: zmk_hid_mouse_movement_set: Mouse movement set to 0/0[0m
[00:00:17.540,863] [0m<dbg> zmk: apply_config: LISTENER INDEX: 0[0m
[00:00:17.540,893] [0m<dbg> zmk: scale_val: scaled -24 with 1/1 to -24 with remainder 0[0m
[00:00:17.540,924] [0m<dbg> zmk: apply_config: LISTENER INDEX: 0[0m
[00:00:17.540,954] [0m<dbg> zmk: scale_val: scaled -72 with 1/1 to -72 with remainder 0[0m
[00:00:17.540,985] [0m<dbg> zmk: zmk_hid_mouse_movement_set: Mouse movement set to -24/-72[0m
[00:00:17.541,015] [0m<dbg> zmk: zmk_hid_mouse_scroll_set: Mouse scroll set to 0/0[0m
[00:00:17.541,046] [0m<dbg> zmk: zmk_hid_mouse_movement_set: Mouse movement set to 0/0[0m
[00:00:17.549,072] [0m<dbg> zmk: apply_config: LISTENER INDEX: 0[0m
[00:00:17.549,102] [0m<dbg> zmk: scale_val: scaled -24 with 1/1 to -24 with remainder 0[0m
[00:00:17.549,163] [0m<dbg> zmk: apply_config: LISTENER INDEX: 0[0m
[00:00:17.549,163] [0m<dbg> zmk: scale_val: scaled -105 with 1/1 to -105 with remainder 0[0m
[00:00:17.549,194] [0m<dbg> zmk: zmk_hid_mouse_movement_set: Mouse movement set to -24/-105[0m
[00:00:17.549,255] [0m<dbg> zmk: zmk_hid_mouse_scroll_set: Mouse scroll set to 0/0[0m
[00:00:17.549,255] [0m<dbg> zmk: zmk_hid_mouse_movement_set: Mouse movement set to 0/0[0m
[00:00:17.556,976] [0m<dbg> zmk: apply_config: LISTENER INDEX: 0[0m
[00:00:17.557,006] [0m<dbg> zmk: scale_val: scaled -18 with 1/1 to -18 with remainder 0[0m
[00:00:17.557,067] [0m<dbg> zmk: apply_config: LISTENER INDEX: 0[0m
[00:00:17.557,067] [0m<dbg> zmk: scale_val: scaled -93 with 1/1 to -93 with remainder 0[0m
[00:00:17.557,098] [0m<dbg> zmk: zmk_hid_mouse_movement_set: Mouse movement set to -18/-93[0m
[00:00:17.557,159] [0m<dbg> zmk: zmk_hid_mouse_scroll_set: Mouse scroll set to 0/0[0m
[00:00:17.557,159] [0m<dbg> zmk: zmk_hid_mouse_movement_set: Mouse movement set to 0/0[0m
[00:00:17.565,032] [0m<dbg> zmk: apply_config: LISTENER INDEX: 0[0m
[00:00:17.565,063] [0m<dbg> zmk: scale_val: scaled -11 with 1/1 to -11 with remainder 0[0m
[00:00:17.565,093] [0m<dbg> zmk: apply_config: LISTENER INDEX: 0[0m
[00:00:17.565,124] [0m<dbg> zmk: scale_val: scaled -137 with 1/1 to -137 with remainder 0[0m
[00:00:17.565,155] [0m<dbg> zmk: zmk_hid_mouse_movement_set: Mouse movement set to -11/-137[0m
[00:00:17.565,277] [0m<dbg> zmk: zmk_hid_mouse_scroll_set: Mouse scroll set to 0/0[0m
[00:00:17.565,277] [0m<dbg> zmk: zmk_hid_mouse_movement_set: Mouse movement set to 0/0[0m
[00:00:17.573,059] [0m<dbg> zmk: apply_config: LISTENER INDEX: 0[0m
[00:00:17.573,089] [0m<dbg> zmk: scale_val: scaled -9 with 1/1 to -9 with remainder 0[0m
[00:00:17.573,120] [0m<dbg> zmk: apply_config: LISTENER INDEX: 0[0m
[00:00:17.573,150] [0m<dbg> zmk: scale_val: scaled -181 with 1/1 to -181 with remainder 0[0m
[00:00:17.573,181] [0m<dbg> zmk: zmk_hid_mouse_movement_set: Mouse movement set to -9/-181[0m
[00:00:17.573,211] [0m<dbg> zmk: zmk_hid_mouse_scroll_set: Mouse scroll set to 0/0[0m
[00:00:17.573,242] [0m<dbg> zmk: zmk_hid_mouse_movement_set: Mouse movement set to 0/0[0m
[00:00:17.581,115] [0m<dbg> zmk: apply_config: LISTENER INDEX: 0[0m
[00:00:17.581,146] [0m<dbg> zmk: scale_val: scaled -9 with 1/1 to -9 with remainder 0[0m
[00:00:17.581,176] [0m<dbg> zmk: apply_config: LISTENER INDEX: 0[0m
[00:00:17.581,207] [0m<dbg> zmk: scale_val: scaled -181 with 1/1 to -181 with remainder 0[0m
[00:00:17.581,237] [0m<dbg> zmk: zmk_hid_mouse_movement_set: Mouse movement set to -9/-181[0m
[00:00:17.581,268] [0m<dbg> zmk: zmk_hid_mouse_scroll_set: Mouse scroll set to 0/0[0m
[00:00:17.581,298] [0m<dbg> zmk: zmk_hid_mouse_movement_set: Mouse movement set to 0/0[0m
[00:00:17.589,385] [0m<dbg> zmk: apply_config: LISTENER INDEX: 0[0m
[00:00:17.589,385] [0m<dbg> zmk: scale_val: scaled -7 with 1/1 to -7 with remainder 0[0m
[00:00:17.589,447] [0m<dbg> zmk: apply_config: LISTENER INDEX: 0[0m
[00:00:17.589,477] [0m<dbg> zmk: scale_val: scaled -137 with 1/1 to -137 with remainder 0[0m
[00:00:17.589,477] [0m<dbg> zmk: zmk_hid_mouse_movement_set: Mouse movement set to -7/-137[0m
[00:00:17.589,538] [0m<dbg> zmk: zmk_hid_mouse_scroll_set: Mouse scroll set to 0/0[0m
[00:00:17.589,569] [0m<dbg> zmk: zmk_hid_mouse_movement_set: Mouse movement set to 0/0[0m
[00:00:17.597,229] [0m<dbg> zmk: apply_config: LISTENER INDEX: 0[0m
[00:00:17.597,259] [0m<dbg> zmk: scale_val: scaled -5 with 1/1 to -5 with remainder 0[0m
[00:00:17.597,320] [0m<dbg> zmk: apply_config: LISTENER INDEX: 0[0m
[00:00:17.597,320] [0m<dbg> zmk: scale_val: scaled -117 with 1/1 to -117 with remainder 0[0m
[00:00:17.597,351] [0m<dbg> zmk: zmk_hid_mouse_movement_set: Mouse movement set to -5/-117[0m
[00:00:17.597,412] [0m<dbg> zmk: zmk_hid_mouse_scroll_set: Mouse scroll set to 0/0[0m
[00:00:17.597,412] [0m<dbg> zmk: zmk_hid_mouse_movement_set: Mouse movement set to 0/0[0m
[00:00:17.606,201] [0m<dbg> zmk: apply_config: LISTENER INDEX: 0[0m
[00:00:17.606,201] [0m<dbg> zmk: scale_val: scaled -2 with 1/1 to -2 with remainder 0[0m
[00:00:17.606,262] [0m<dbg> zmk: apply_config: LISTENER INDEX: 0[0m
[00:00:17.606,292] [0m<dbg> zmk: scale_val: scaled -72 with 1/1 to -72 with remainder 0[0m
[00:00:17.606,292] [0m<dbg> zmk: zmk_hid_mouse_movement_set: Mouse movement set to -2/-72[0m
[00:00:17.606,353] [0m<dbg> zmk: zmk_hid_mouse_scroll_set: Mouse scroll set to 0/0[0m
[00:00:17.606,384] [0m<dbg> zmk: zmk_hid_mouse_movement_set: Mouse movement set to 0/0[0m
[00:00:17.614,105] [0m<dbg> zmk: apply_config: LISTENER INDEX: 0[0m
[00:00:17.614,135] [0m<dbg> zmk: scale_val: scaled -2 with 1/1 to -2 with remainder 0[0m
[00:00:17.614,166] [0m<dbg> zmk: apply_config: LISTENER INDEX: 0[0m
[00:00:17.614,196] [0m<dbg> zmk: scale_val: scaled -45 with 1/1 to -45 with remainder 0[0m
[00:00:17.614,227] [0m<dbg> zmk: zmk_hid_mouse_movement_set: Mouse movement set to -2/-45[0m
[00:00:17.614,288] [0m<dbg> zmk: zmk_hid_mouse_scroll_set: Mouse scroll set to 0/0[0m
[00:00:17.614,288] [0m<dbg> zmk: zmk_hid_mouse_movement_set: Mouse movement set to 0/0[0m
[00:00:17.621,551] [0m<dbg> zmk: apply_config: LISTENER INDEX: 0[0m
[00:00:17.621,673] [0m<dbg> zmk: scale_val: scaled 7 with 1/1 to 7 with remainder 0[0m
[00:00:17.621,704] [0m<dbg> zmk: apply_config: LISTENER INDEX: 0[0m
[00:00:17.621,734] [0m<dbg> zmk: scale_val: scaled -41 with 1/1 to -41 with remainder 0[0m
[00:00:17.621,765] [0m<dbg> zmk: zmk_hid_mouse_movement_set: Mouse movement set to 7/-41[0m
[00:00:17.621,795] [0m<dbg> zmk: zmk_hid_mouse_scroll_set: Mouse scroll set to 0/0[0m
[00:00:17.621,826] [0m<dbg> zmk: zmk_hid_mouse_movement_set: Mouse movement set to 0/0[0m
[00:00:17.629,516] [0m<dbg> zmk: apply_config: LISTENER INDEX: 0[0m
[00:00:17.629,516] [0m<dbg> zmk: scale_val: scaled 30 with 1/1 to 30 with remainder 0[0m
[00:00:17.629,577] [0m<dbg> zmk: apply_config: LISTENER INDEX: 0[0m
[00:00:17.629,608] [0m<dbg> zmk: scale_val: scaled -37 with 1/1 to -37 with remainder 0[0m
[00:00:17.629,608] [0m<dbg> zmk: zmk_hid_mouse_movement_set: Mouse movement set to 30/-37[0m
[00:00:17.629,669] [0m<dbg> zmk: zmk_hid_mouse_scroll_set: Mouse scroll set to 0/0[0m
[00:00:17.629,669] [0m<dbg> zmk: zmk_hid_mouse_movement_set: Mouse movement set to 0/0[0m
[00:00:17.637,573] [0m<dbg> zmk: apply_config: LISTENER INDEX: 0[0m
[00:00:17.637,573] [0m<dbg> zmk: scale_val: scaled 41 with 1/1 to 41 with remainder 0[0m
[00:00:17.637,634] [0m<dbg> zmk: apply_config: LISTENER INDEX: 0[0m
[00:00:17.637,634] [0m<dbg> zmk: scale_val: scaled -18 with 1/1 to -18 with remainder 0[0m
[00:00:17.637,664] [0m<dbg> zmk: zmk_hid_mouse_movement_set: Mouse movement set to 41/-18[0m
[00:00:17.637,725] [0m<dbg> zmk: zmk_hid_mouse_scroll_set: Mouse scroll set to 0/0[0m
[00:00:17.637,725] [0m<dbg> zmk: zmk_hid_mouse_movement_set: Mouse movement set to 0/0[0m
[00:00:17.645,721] [0m<dbg> zmk: apply_config: LISTENER INDEX: 0[0m
[00:00:17.645,751] [0m<dbg> zmk: scale_val: scaled 57 with 1/1 to 57 with remainder 0[0m
[00:00:17.645,812] [0m<dbg> zmk: apply_config: LISTENER INDEX: 0[0m
[00:00:17.645,812] [0m<dbg> zmk: scale_val: scaled -11 with 1/1 to -11 with remainder 0[0m
[00:00:17.645,843] [0m<dbg> zmk: zmk_hid_mouse_movement_set: Mouse movement set to 57/-11[0m
[00:00:17.645,904] [0m<dbg> zmk: zmk_hid_mouse_scroll_set: Mouse scroll set to 0/0[0m
[00:00:17.645,904] [0m<dbg> zmk: zmk_hid_mouse_movement_set: Mouse movement set to 0/0[0m
[00:00:17.653,686] [0m<dbg> zmk: apply_config: LISTENER INDEX: 0[0m
[00:00:17.653,717] [0m<dbg> zmk: scale_val: scaled 72 with 1/1 to 72 with remainder 0[0m
[00:00:17.653,778] [0m<dbg> zmk: apply_config: LISTENER INDEX: 0[0m
[00:00:17.653,778] [0m<dbg> zmk: scale_val: scaled -5 with 1/1 to -5 with remainder 0[0m
[00:00:17.653,808] [0m<dbg> zmk: zmk_hid_mouse_movement_set: Mouse movement set to 72/-5[0m
[00:00:17.653,839] [0m<dbg> zmk: zmk_hid_mouse_scroll_set: Mouse scroll set to 0/0[0m
[00:00:17.653,869] [0m<dbg> zmk: zmk_hid_mouse_movement_set: Mouse movement set to 0/0[0m
[00:00:17.662,475] [0m<dbg> zmk: apply_config: LISTENER INDEX: 0[0m
[00:00:17.662,506] [0m<dbg> zmk: scale_val: scaled 87 with 1/1 to 87 with remainder 0[0m
[00:00:17.662,567] [0m<dbg> zmk: apply_config: LISTENER INDEX: 0[0m
[00:00:17.662,597] [0m<dbg> zmk: scale_val: scaled -3 with 1/1 to -3 with remainder 0[0m
[00:00:17.662,597] [0m<dbg> zmk: zmk_hid_mouse_movement_set: Mouse movement set to 87/-3[0m
[00:00:17.662,658] [0m<dbg> zmk: zmk_hid_mouse_scroll_set: Mouse scroll set to 0/0[0m
[00:00:17.662,658] [0m<dbg> zmk: zmk_hid_mouse_movement_set: Mouse movement set to 0/0[0m
[00:00:17.669,830] [0m<dbg> zmk: apply_config: LISTENER INDEX: 0[0m
[00:00:17.669,830] [0m<dbg> zmk: scale_val: scaled 87 with 1/1 to 87 with remainder 0[0m
[00:00:17.669,891] [0m<dbg> zmk: apply_config: LISTENER INDEX: 0[0m
[00:00:17.669,921] [0m<dbg> zmk: scale_val: scaled -2 with 1/1 to -2 with remainder 0[0m
[00:00:17.669,952] [0m<dbg> zmk: zmk_hid_mouse_movement_set: Mouse movement set to 87/-2[0m
[00:00:17.670,013] [0m<dbg> zmk: zmk_hid_mouse_scroll_set: Mouse scroll set to 0/0[0m
[00:00:17.670,043] [0m<dbg> zmk: zmk_hid_mouse_movement_set: Mouse movement set to 0/0[0m
[00:00:17.677,856] [0m<dbg> zmk: apply_config: LISTENER INDEX: 0[0m
[00:00:17.677,886] [0m<dbg> zmk: scale_val: scaled 82 with 1/1 to 82 with remainder 0[0m
[00:00:17.677,947] [0m<dbg> zmk: apply_config: LISTENER INDEX: 0[0m
[00:00:17.677,947] [0m<dbg> zmk: scale_val: scaled 1 with 1/1 to 1 with remainder 0[0m
[00:00:17.677,978] [0m<dbg> zmk: zmk_hid_mouse_movement_set: Mouse movement set to 82/1[0m
[00:00:17.678,283] [0m<dbg> zmk: zmk_hid_mouse_scroll_set: Mouse scroll set to 0/0[0m
[00:00:17.678,283] [0m<dbg> zmk: zmk_hid_mouse_movement_set: Mouse movement set to 0/0[0m
[00:00:17.685,913] [0m<dbg> zmk: apply_config: LISTENER INDEX: 0[0m
[00:00:17.685,943] [0m<dbg> zmk: scale_val: scaled 82 with 1/1 to 82 with remainder 0[0m
[00:00:17.686,004] [0m<dbg> zmk: apply_config: LISTENER INDEX: 0[0m
[00:00:17.686,004] [0m<dbg> zmk: scale_val: scaled 11 with 1/1 to 11 with remainder 0[0m
[00:00:17.686,035] [0m<dbg> zmk: zmk_hid_mouse_movement_set: Mouse movement set to 82/11[0m
[00:00:17.686,096] [0m<dbg> zmk: zmk_hid_mouse_scroll_set: Mouse scroll set to 0/0[0m
[00:00:17.686,157] [0m<dbg> zmk: zmk_hid_mouse_movement_set: Mouse movement set to 0/0[0m
[00:00:17.694,702] [0m<dbg> zmk: apply_config: LISTENER INDEX: 0[0m
[00:00:17.694,732] [0m<dbg> zmk: scale_val: scaled 82 with 1/1 to 82 with remainder 0[0m
[00:00:17.694,915] [0m<dbg> zmk: apply_config: LISTENER INDEX: 0[0m
[00:00:17.695,007] [0m<dbg> zmk: scale_val: scaled 18 with 1/1 to 18 with remainder 0[0m
[00:00:17.695,037] [0m<dbg> zmk: zmk_hid_mouse_movement_set: Mouse movement set to 82/18[0m
[00:00:17.695,068] [0m<dbg> zmk: zmk_hid_mouse_scroll_set: Mouse scroll set to 0/0[0m
[00:00:17.695,159] [0m<dbg> zmk: zmk_hid_mouse_movement_set: Mouse movement set to 0/0[0m
[00:00:17.702,209] [0m<dbg> zmk: apply_config: LISTENER INDEX: 0[0m
[00:00:17.702,301] [0m<dbg> zmk: scale_val: scaled 77 with 1/1 to 77 with remainder 0[0m
[00:00:17.702,362] [0m<dbg> zmk: apply_config: LISTENER INDEX: 0[0m
[00:00:17.702,362] [0m<dbg> zmk: scale_val: scaled 33 with 1/1 to 33 with remainder 0[0m
[00:00:17.702,392] [0m<dbg> zmk: zmk_hid_mouse_movement_set: Mouse movement set to 77/33[0m
[00:00:17.702,423] [0m<dbg> zmk: zmk_hid_mouse_scroll_set: Mouse scroll set to 0/0[0m
[00:00:17.702,453] [0m<dbg> zmk: zmk_hid_mouse_movement_set: Mouse movement set to 0/0[0m
[00:00:17.710,144] [0m<dbg> zmk: apply_config: LISTENER INDEX: 0[0m
[00:00:17.710,174] [0m<dbg> zmk: scale_val: scaled 82 with 1/1 to 82 with remainder 0[0m
[00:00:17.710,235] [0m<dbg> zmk: apply_config: LISTENER INDEX: 0[0m
[00:00:17.710,235] [0m<dbg> zmk: scale_val: scaled 45 with 1/1 to 45 with remainder 0[0m
[00:00:17.710,266] [0m<dbg> zmk: zmk_hid_mouse_movement_set: Mouse movement set to 82/45[0m
[00:00:17.710,327] [0m<dbg> zmk: zmk_hid_mouse_scroll_set: Mouse scroll set to 0/0[0m
[00:00:17.710,327] [0m<dbg> zmk: zmk_hid_mouse_movement_set: Mouse movement set to 0/0[0m
[00:00:17.718,200] [0m<dbg> zmk: apply_config: LISTENER INDEX: 0[0m
[00:00:17.718,231] [0m<dbg> zmk: scale_val: scaled 77 with 1/1 to 77 with remainder 0[0m
[00:00:17.718,292] [0m<dbg> zmk: apply_config: LISTENER INDEX: 0[0m
[00:00:17.718,292] [0m<dbg> zmk: scale_val: scaled 57 with 1/1 to 57 with remainder 0[0m
[00:00:17.718,322] [0m<dbg> zmk: zmk_hid_mouse_movement_set: Mouse movement set to 77/57[0m
[00:00:17.718,383] [0m<dbg> zmk: zmk_hid_mouse_scroll_set: Mouse scroll set to 0/0[0m
[00:00:17.718,383] [0m<dbg> zmk: zmk_hid_mouse_movement_set: Mouse movement set to 0/0[0m
[00:00:17.726,257] [0m<dbg> zmk: apply_config: LISTENER INDEX: 0[0m
[00:00:17.726,257] [0m<dbg> zmk: scale_val: scaled 72 with 1/1 to 72 with remainder 0[0m
[00:00:17.726,318] [0m<dbg> zmk: apply_config: LISTENER INDEX: 0[0m
[00:00:17.726,348] [0m<dbg> zmk: scale_val: scaled 72 with 1/1 to 72 with remainder 0[0m
[00:00:17.726,348] [0m<dbg> zmk: zmk_hid_mouse_movement_set: Mouse movement set to 72/72[0m
[00:00:17.726,409] [0m<dbg> zmk: zmk_hid_mouse_scroll_set: Mouse scroll set to 0/0[0m
[00:00:17.726,440] [0m<dbg> zmk: zmk_hid_mouse_movement_set: Mouse movement set to 0/0[0m
[00:00:17.734,313] [0m<dbg> zmk: apply_config: LISTENER INDEX: 0[0m
[00:00:17.734,344] [0m<dbg> zmk: scale_val: scaled 62 with 1/1 to 62 with remainder 0[0m
[00:00:17.734,375] [0m<dbg> zmk: apply_config: LISTENER INDEX: 0[0m
[00:00:17.734,405] [0m<dbg> zmk: scale_val: scaled 93 with 1/1 to 93 with remainder 0[0m
[00:00:17.734,405] [0m<dbg> zmk: zmk_hid_mouse_movement_set: Mouse movement set to 62/93[0m
[00:00:17.734,466] [0m<dbg> zmk: zmk_hid_mouse_scroll_set: Mouse scroll set to 0/0[0m
[00:00:17.734,497] [0m<dbg> zmk: zmk_hid_mouse_movement_set: Mouse movement set to 0/0[0m
[00:00:17.742,370] [0m<dbg> zmk: apply_config: LISTENER INDEX: 0[0m
[00:00:17.742,401] [0m<dbg> zmk: scale_val: scaled 57 with 1/1 to 57 with remainder 0[0m
[00:00:17.742,462] [0m<dbg> zmk: apply_config: LISTENER INDEX: 0[0m
[00:00:17.742,462] [0m<dbg> zmk: scale_val: scaled 87 with 1/1 to 87 with remainder 0[0m
[00:00:17.742,492] [0m<dbg> zmk: zmk_hid_mouse_movement_set: Mouse movement set to 57/87[0m
[00:00:17.742,553] [0m<dbg> zmk: zmk_hid_mouse_scroll_set: Mouse scroll set to 0/0[0m
[00:00:17.742,553] [0m<dbg> zmk: zmk_hid_mouse_movement_set: Mouse movement set to 0/0[0m
[00:00:17.750,488] [0m<dbg> zmk: apply_config: LISTENER INDEX: 0[0m
[00:00:17.750,518] [0m<dbg> zmk: scale_val: scaled 45 with 1/1 to 45 with remainder 0[0m
[00:00:17.750,579] [0m<dbg> zmk: apply_config: LISTENER INDEX: 0[0m
[00:00:17.750,579] [0m<dbg> zmk: scale_val: scaled 82 with 1/1 to 82 with remainder 0[0m
[00:00:17.750,640] [0m<dbg> zmk: zmk_hid_mouse_movement_set: Mouse movement set to 45/82[0m
[00:00:17.750,701] [0m<dbg> zmk: zmk_hid_mouse_scroll_set: Mouse scroll set to 0/0[0m
[00:00:17.750,732] [0m<dbg> zmk: zmk_hid_mouse_movement_set: Mouse movement set to 0/0[0m
[00:00:17.759,246] [0m<dbg> zmk: apply_config: LISTENER INDEX: 0[0m
[00:00:17.759,246] [0m<dbg> zmk: scale_val: scaled 33 with 1/1 to 33 with remainder 0[0m
[00:00:17.759,307] [0m<dbg> zmk: apply_config: LISTENER INDEX: 0[0m
[00:00:17.759,338] [0m<dbg> zmk: scale_val: scaled 87 with 1/1 to 87 with remainder 0[0m
[00:00:17.759,338] [0m<dbg> zmk: zmk_hid_mouse_movement_set: Mouse movement set to 33/87[0m
[00:00:17.759,399] [0m<dbg> zmk: zmk_hid_mouse_scroll_set: Mouse scroll set to 0/0[0m
[00:00:17.759,429] [0m<dbg> zmk: zmk_hid_mouse_movement_set: Mouse movement set to 0/0[0m
[00:00:17.766,571] [0m<dbg> zmk: apply_config: LISTENER INDEX: 0[0m
[00:00:17.766,601] [0m<dbg> zmk: scale_val: scaled 30 with 1/1 to 30 with remainder 0[0m
[00:00:17.766,754] [0m<dbg> zmk: apply_config: LISTENER INDEX: 0[0m
[00:00:17.766,784] [0m<dbg> zmk: scale_val: scaled 77 with 1/1 to 77 with remainder 0[0m
[00:00:17.766,815] [0m<dbg> zmk: zmk_hid_mouse_movement_set: Mouse movement set to 30/77[0m
[00:00:17.766,845] [0m<dbg> zmk: zmk_hid_mouse_scroll_set: Mouse scroll set to 0/0[0m
[00:00:17.766,876] [0m<dbg> zmk: zmk_hid_mouse_movement_set: Mouse movement set to 0/0[0m
[00:00:17.775,451] [0m<dbg> zmk: apply_config: LISTENER INDEX: 0[0m
[00:00:17.775,482] [0m<dbg> zmk: scale_val: scaled 15 with 1/1 to 15 with remainder 0[0m
[00:00:17.775,512] [0m<dbg> zmk: apply_config: LISTENER INDEX: 0[0m
[00:00:17.775,543] [0m<dbg> zmk: scale_val: scaled 77 with 1/1 to 77 with remainder 0[0m
[00:00:17.775,573] [0m<dbg> zmk: zmk_hid_mouse_movement_set: Mouse movement set to 15/77[0m
[00:00:17.775,604] [0m<dbg> zmk: zmk_hid_mouse_scroll_set: Mouse scroll set to 0/0[0m
[00:00:17.775,634] [0m<dbg> zmk: zmk_hid_mouse_movement_set: Mouse movement set to 0/0[0m
[00:00:17.783,630] [0m<dbg> zmk: apply_config: LISTENER INDEX: 0[0m
[00:00:17.783,630] [0m<dbg> zmk: scale_val: scaled 9 with 1/1 to 9 with remainder 0[0m
[00:00:17.783,691] [0m<dbg> zmk: apply_config: LISTENER INDEX: 0[0m
[00:00:17.783,721] [0m<dbg> zmk: scale_val: scaled 77 with 1/1 to 77 with remainder 0[0m
[00:00:17.783,721] [0m<dbg> zmk: zmk_hid_mouse_movement_set: Mouse movement set to 9/77[0m
[00:00:17.783,843] [0m<dbg> zmk: zmk_hid_mouse_scroll_set: Mouse scroll set to 0/0[0m
[00:00:17.783,874] [0m<dbg> zmk: zmk_hid_mouse_movement_set: Mouse movement set to 0/0[0m
[00:00:17.791,473] [0m<dbg> zmk: apply_config: LISTENER INDEX: 0[0m
[00:00:17.791,473] [0m<dbg> zmk: scale_val: scaled 2 with 1/1 to 2 with remainder 0[0m
[00:00:17.791,534] [0m<dbg> zmk: apply_config: LISTENER INDEX: 0[0m
[00:00:17.791,564] [0m<dbg> zmk: scale_val: scaled 77 with 1/1 to 77 with remainder 0[0m
[00:00:17.791,564] [0m<dbg> zmk: zmk_hid_mouse_movement_set: Mouse movement set to 2/77[0m
[00:00:17.791,625] [0m<dbg> zmk: zmk_hid_mouse_scroll_set: Mouse scroll set to 0/0[0m
[00:00:17.791,625] [0m<dbg> zmk: zmk_hid_mouse_movement_set: Mouse movement set to 0/0[0m
[00:00:17.799,530] [0m<dbg> zmk: apply_config: LISTENER INDEX: 0[0m
[00:00:17.799,530] [0m<dbg> zmk: scale_val: scaled -3 with 1/1 to -3 with remainder 0[0m
[00:00:17.799,591] [0m<dbg> zmk: apply_config: LISTENER INDEX: 0[0m
[00:00:17.799,621] [0m<dbg> zmk: scale_val: scaled 67 with 1/1 to 67 with remainder 0[0m
[00:00:17.799,621] [0m<dbg> zmk: zmk_hid_mouse_movement_set: Mouse movement set to -3/67[0m
[00:00:17.799,682] [0m<dbg> zmk: zmk_hid_mouse_scroll_set: Mouse scroll set to 0/0[0m
[00:00:17.799,713] [0m<dbg> zmk: zmk_hid_mouse_movement_set: Mouse movement set to 0/0[0m
[00:00:17.806,884] [0m<dbg> zmk: apply_config: LISTENER INDEX: 0[0m
[00:00:17.806,915] [0m<dbg> zmk: scale_val: scaled -13 with 1/1 to -13 with remainder 0[0m
[00:00:17.806,976] [0m<dbg> zmk: apply_config: LISTENER INDEX: 0[0m
[00:00:17.806,976] [0m<dbg> zmk: scale_val: scaled 49 with 1/1 to 49 with remainder 0[0m
[00:00:17.807,006] [0m<dbg> zmk: zmk_hid_mouse_movement_set: Mouse movement set to -13/49[0m
[00:00:17.807,037] [0m<dbg> zmk: zmk_hid_mouse_scroll_set: Mouse scroll set to 0/0[0m
[00:00:17.807,067] [0m<dbg> zmk: zmk_hid_mouse_movement_set: Mouse movement set to 0/0[0m
[00:00:17.814,941] [0m<dbg> zmk: apply_config: LISTENER INDEX: 0[0m
[00:00:17.814,971] [0m<dbg> zmk: scale_val: scaled -21 with 1/1 to -21 with remainder 0[0m
[00:00:17.815,032] [0m<dbg> zmk: apply_config: LISTENER INDEX: 0[0m
[00:00:17.815,032] [0m<dbg> zmk: scale_val: scaled 37 with 1/1 to 37 with remainder 0[0m
[00:00:17.815,063] [0m<dbg> zmk: zmk_hid_mouse_movement_set: Mouse movement set to -21/37[0m
[00:00:17.815,124] [0m<dbg> zmk: zmk_hid_mouse_scroll_set: Mouse scroll set to 0/0[0m
[00:00:17.815,124] [0m<dbg> zmk: zmk_hid_mouse_movement_set: Mouse movement set to 0/0[0m
[00:00:17.822,998] [0m<dbg> zmk: apply_config: LISTENER INDEX: 0[0m
[00:00:17.822,998] [0m<dbg> zmk: scale_val: scaled -27 with 1/1 to -27 with remainder 0[0m
[00:00:17.823,089] [0m<dbg> zmk: apply_config: LISTENER INDEX: 0[0m
[00:00:17.823,120] [0m<dbg> zmk: scale_val: scaled 30 with 1/1 to 30 with remainder 0[0m
[00:00:17.823,120] [0m<dbg> zmk: zmk_hid_mouse_movement_set: Mouse movement set to -27/30[0m
[00:00:17.823,394] [0m<dbg> zmk: zmk_hid_mouse_scroll_set: Mouse scroll set to 0/0[0m
[00:00:17.823,394] [0m<dbg> zmk: zmk_hid_mouse_movement_set: Mouse movement set to 0/0[0m
[00:00:17.831,054] [0m<dbg> zmk: apply_config: LISTENER INDEX: 0[0m
[00:00:17.831,054] [0m<dbg> zmk: scale_val: scaled -45 with 1/1 to -45 with remainder 0[0m
[00:00:17.831,115] [0m<dbg> zmk: apply_config: LISTENER INDEX: 0[0m
[00:00:17.831,146] [0m<dbg> zmk: scale_val: scaled 11 with 1/1 to 11 with remainder 0[0m
[00:00:17.831,146] [0m<dbg> zmk: zmk_hid_mouse_movement_set: Mouse movement set to -45/11[0m
[00:00:17.831,207] [0m<dbg> zmk: zmk_hid_mouse_scroll_set: Mouse scroll set to 0/0[0m
[00:00:17.831,237] [0m<dbg> zmk: zmk_hid_mouse_movement_set: Mouse movement set to 0/0[0m
[00:00:17.840,026] [0m<dbg> zmk: apply_config: LISTENER INDEX: 0[0m
[00:00:17.840,057] [0m<dbg> zmk: scale_val: scaled -45 with 1/1 to -45 with remainder 0[0m
[00:00:17.840,087] [0m<dbg> zmk: apply_config: LISTENER INDEX: 0[0m
[00:00:17.840,118] [0m<dbg> zmk: scale_val: scaled 7 with 1/1 to 7 with remainder 0[0m
[00:00:17.840,118] [0m<dbg> zmk: zmk_hid_mouse_movement_set: Mouse movement set to -45/7[0m
[00:00:17.840,179] [0m<dbg> zmk: zmk_hid_mouse_scroll_set: Mouse scroll set to 0/0[0m
[00:00:17.840,209] [0m<dbg> zmk: zmk_hid_mouse_movement_set: Mouse movement set to 0/0[0m
[00:00:17.847,320] [0m<dbg> zmk: apply_config: LISTENER INDEX: 0[0m
[00:00:17.847,381] [0m<dbg> zmk: scale_val: scaled -53 with 1/1 to -53 with remainder 0[0m
[00:00:17.847,442] [0m<dbg> zmk: apply_config: LISTENER INDEX: 0[0m
[00:00:17.847,473] [0m<dbg> zmk: scale_val: scaled 5 with 1/1 to 5 with remainder 0[0m
[00:00:17.847,473] [0m<dbg> zmk: zmk_hid_mouse_movement_set: Mouse movement set to -53/5[0m
[00:00:17.847,534] [0m<dbg> zmk: zmk_hid_mouse_scroll_set: Mouse scroll set to 0/0[0m
[00:00:17.847,564] [0m<dbg> zmk: zmk_hid_mouse_movement_set: Mouse movement set to 0/0[0m
[00:00:17.855,957] [0m<dbg> zmk: apply_config: LISTENER INDEX: 0[0m
[00:00:17.855,987] [0m<dbg> zmk: scale_val: scaled -53 with 1/1 to -53 with remainder 0[0m
[00:00:17.856,048] [0m<dbg> zmk: apply_config: LISTENER INDEX: 0[0m
[00:00:17.856,079] [0m<dbg> zmk: scale_val: scaled 3 with 1/1 to 3 with remainder 0[0m
[00:00:17.856,079] [0m<dbg> zmk: zmk_hid_mouse_movement_set: Mouse movement set to -53/3[0m
[00:00:17.856,140] [0m<dbg> zmk: zmk_hid_mouse_scroll_set: Mouse scroll set to 0/0[0m
[00:00:17.856,170] [0m<dbg> zmk: zmk_hid_mouse_movement_set: Mouse movement set to 0/0[0m
[00:00:17.864,044] [0m<dbg> zmk: apply_config: LISTENER INDEX: 0[0m
[00:00:17.864,044] [0m<dbg> zmk: scale_val: scaled -49 with 1/1 to -49 with remainder 0[0m
[00:00:17.864,105] [0m<dbg> zmk: apply_config: LISTENER INDEX: 0[0m
[00:00:17.864,135] [0m<dbg> zmk: scale_val: scaled 1 with 1/1 to 1 with remainder 0[0m
[00:00:17.864,135] [0m<dbg> zmk: zmk_hid_mouse_movement_set: Mouse movement set to -49/1[0m
[00:00:17.864,196] [0m<dbg> zmk: zmk_hid_mouse_scroll_set: Mouse scroll set to 0/0[0m
[00:00:17.864,227] [0m<dbg> zmk: zmk_hid_mouse_movement_set: Mouse movement set to 0/0[0m
[00:00:17.872,070] [0m<dbg> zmk: apply_config: LISTENER INDEX: 0[0m
[00:00:17.872,100] [0m<dbg> zmk: scale_val: scaled -49 with 1/1 to -49 with remainder 0[0m
[00:00:17.872,161] [0m<dbg> zmk: apply_config: LISTENER INDEX: 0[0m
[00:00:17.872,161] [0m<dbg> zmk: scale_val: scaled 1 with 1/1 to 1 with remainder 0[0m
[00:00:17.872,314] [0m<dbg> zmk: zmk_hid_mouse_movement_set: Mouse movement set to -49/1[0m
[00:00:17.872,436] [0m<dbg> zmk: zmk_hid_mouse_scroll_set: Mouse scroll set to 0/0[0m
[00:00:17.872,436] [0m<dbg> zmk: zmk_hid_mouse_movement_set: Mouse movement set to 0/0[0m
[00:00:17.879,394] [0m<dbg> zmk: apply_config: LISTENER INDEX: 0[0m
[00:00:17.879,425] [0m<dbg> zmk: scale_val: scaled -45 with 1/1 to -45 with remainder 0[0m
[00:00:17.879,486] [0m<dbg> zmk: apply_config: LISTENER INDEX: 0[0m
[00:00:17.879,486] [0m<dbg> zmk: scale_val: scaled -1 with 1/1 to -1 with remainder 0[0m
[00:00:17.879,516] [0m<dbg> zmk: zmk_hid_mouse_movement_set: Mouse movement set to -45/-1[0m
[00:00:17.879,669] [0m<dbg> zmk: zmk_hid_mouse_scroll_set: Mouse scroll set to 0/0[0m
[00:00:17.879,791] [0m<dbg> zmk: zmk_hid_mouse_movement_set: Mouse movement set to 0/0[0m
[00:00:17.887,451] [0m<dbg> zmk: apply_config: LISTENER INDEX: 0[0m
[00:00:17.887,481] [0m<dbg> zmk: scale_val: scaled -37 with 1/1 to -37 with remainder 0[0m
[00:00:17.887,542] [0m<dbg> zmk: apply_config: LISTENER INDEX: 0[0m
[00:00:17.887,542] [0m<dbg> zmk: scale_val: scaled -3 with 1/1 to -3 with remainder 0[0m
[00:00:17.887,573] [0m<dbg> zmk: zmk_hid_mouse_movement_set: Mouse movement set to -37/-3[0m
[00:00:17.887,603] [0m<dbg> zmk: zmk_hid_mouse_scroll_set: Mouse scroll set to 0/0[0m
[00:00:17.887,634] [0m<dbg> zmk: zmk_hid_mouse_movement_set: Mouse movement set to 0/0[0m
[00:00:17.895,538] [0m<dbg> zmk: apply_config: LISTENER INDEX: 0[0m
[00:00:17.895,538] [0m<dbg> zmk: scale_val: scaled -37 with 1/1 to -37 with remainder 0[0m
[00:00:17.895,599] [0m<dbg> zmk: apply_config: LISTENER INDEX: 0[0m
[00:00:17.895,599] [0m<dbg> zmk: scale_val: scaled -11 with 1/1 to -11 with remainder 0[0m
[00:00:17.895,629] [0m<dbg> zmk: zmk_hid_mouse_movement_set: Mouse movement set to -37/-11[0m
[00:00:17.895,690] [0m<dbg> zmk: zmk_hid_mouse_scroll_set: Mouse scroll set to 0/0[0m
[00:00:17.895,690] [0m<dbg> zmk: zmk_hid_mouse_movement_set: Mouse movement set to 0/0[0m
[00:00:17.903,594] [0m<dbg> zmk: apply_config: LISTENER INDEX: 0[0m
[00:00:17.903,625] [0m<dbg> zmk: scale_val: scaled -41 with 1/1 to -41 with remainder 0[0m
[00:00:17.903,686] [0m<dbg> zmk: apply_config: LISTENER INDEX: 0[0m
[00:00:17.903,686] [0m<dbg> zmk: scale_val: scaled -30 with 1/1 to -30 with remainder 0[0m
[00:00:17.903,717] [0m<dbg> zmk: zmk_hid_mouse_movement_set: Mouse movement set to -41/-30[0m
[00:00:17.903,778] [0m<dbg> zmk: zmk_hid_mouse_scroll_set: Mouse scroll set to 0/0[0m
[00:00:17.903,839] [0m<dbg> zmk: zmk_hid_mouse_movement_set: Mouse movement set to 0/0[0m
[00:00:17.911,712] [0m<dbg> zmk: apply_config: LISTENER INDEX: 0[0m
[00:00:17.911,712] [0m<dbg> zmk: scale_val: scaled -41 with 1/1 to -41 with remainder 0[0m
[00:00:17.911,773] [0m<dbg> zmk: apply_config: LISTENER INDEX: 0[0m
[00:00:17.911,804] [0m<dbg> zmk: scale_val: scaled -62 with 1/1 to -62 with remainder 0[0m
[00:00:17.911,804] [0m<dbg> zmk: zmk_hid_mouse_movement_set: Mouse movement set to -41/-62[0m
[00:00:17.911,865] [0m<dbg> zmk: zmk_hid_mouse_scroll_set: Mouse scroll set to 0/0[0m
[00:00:17.911,895] [0m<dbg> zmk: zmk_hid_mouse_movement_set: Mouse movement set to 0/0[0m
[00:00:17.919,769] [0m<dbg> zmk: apply_config: LISTENER INDEX: 0[0m
[00:00:17.919,769] [0m<dbg> zmk: scale_val: scaled -33 with 1/1 to -33 with remainder 0[0m
[00:00:17.919,830] [0m<dbg> zmk: apply_config: LISTENER INDEX: 0[0m
[00:00:17.919,860] [0m<dbg> zmk: scale_val: scaled -105 with 1/1 to -105 with remainder 0[0m
[00:00:17.919,891] [0m<dbg> zmk: zmk_hid_mouse_movement_set: Mouse movement set to -33/-105[0m
[00:00:17.919,921] [0m<dbg> zmk: zmk_hid_mouse_scroll_set: Mouse scroll set to 0/0[0m
[00:00:17.919,952] [0m<dbg> zmk: zmk_hid_mouse_movement_set: Mouse movement set to 0/0[0m
[00:00:17.927,795] [0m<dbg> zmk: apply_config: LISTENER INDEX: 0[0m
[00:00:17.927,795] [0m<dbg> zmk: scale_val: scaled -37 with 1/1 to -37 with remainder 0[0m
[00:00:17.927,856] [0m<dbg> zmk: apply_config: LISTENER INDEX: 0[0m
[00:00:17.928,009] [0m<dbg> zmk: scale_val: scaled -151 with 1/1 to -151 with remainder 0[0m
[00:00:17.928,070] [0m<dbg> zmk: zmk_hid_mouse_movement_set: Mouse movement set to -37/-151[0m
[00:00:17.928,222] [0m<dbg> zmk: zmk_hid_mouse_scroll_set: Mouse scroll set to 0/0[0m
[00:00:17.928,253] [0m<dbg> zmk: zmk_hid_mouse_movement_set: Mouse movement set to 0/0[0m
[00:00:17.935,852] [0m<dbg> zmk: apply_config: LISTENER INDEX: 0[0m
[00:00:17.935,882] [0m<dbg> zmk: scale_val: scaled -30 with 1/1 to -30 with remainder 0[0m
[00:00:17.935,913] [0m<dbg> zmk: apply_config: LISTENER INDEX: 0[0m
[00:00:17.935,943] [0m<dbg> zmk: scale_val: scaled -197 with 1/1 to -197 with remainder 0[0m
[00:00:17.935,974] [0m<dbg> zmk: zmk_hid_mouse_movement_set: Mouse movement set to -30/-197[0m
[00:00:17.936,004] [0m<dbg> zmk: zmk_hid_mouse_scroll_set: Mouse scroll set to 0/0[0m
[00:00:17.936,035] [0m<dbg> zmk: zmk_hid_mouse_movement_set: Mouse movement set to 0/0[0m
[00:00:17.943,908] [0m<dbg> zmk: apply_config: LISTENER INDEX: 0[0m
[00:00:17.943,939] [0m<dbg> zmk: scale_val: scaled -27 with 1/1 to -27 with remainder 0[0m
[00:00:17.944,000] [0m<dbg> zmk: apply_config: LISTENER INDEX: 0[0m
[00:00:17.944,000] [0m<dbg> zmk: scale_val: scaled -231 with 1/1 to -231 with remainder 0[0m
[00:00:17.944,030] [0m<dbg> zmk: zmk_hid_mouse_movement_set: Mouse movement set to -27/-231[0m
[00:00:17.944,061] [0m<dbg> zmk: zmk_hid_mouse_scroll_set: Mouse scroll set to 0/0[0m
[00:00:17.944,091] [0m<dbg> zmk: zmk_hid_mouse_movement_set: Mouse movement set to 0/0[0m
[00:00:17.951,995] [0m<dbg> zmk: apply_config: LISTENER INDEX: 0[0m
[00:00:17.952,026] [0m<dbg> zmk: scale_val: scaled -21 with 1/1 to -21 with remainder 0[0m
[00:00:17.952,087] [0m<dbg> zmk: apply_config: LISTENER INDEX: 0[0m
[00:00:17.952,087] [0m<dbg> zmk: scale_val: scaled -222 with 1/1 to -222 with remainder 0[0m
[00:00:17.952,117] [0m<dbg> zmk: zmk_hid_mouse_movement_set: Mouse movement set to -21/-222[0m
[00:00:17.952,178] [0m<dbg> zmk: zmk_hid_mouse_scroll_set: Mouse scroll set to 0/0[0m
[00:00:17.952,178] [0m<dbg> zmk: zmk_hid_mouse_movement_set: Mouse movement set to 0/0[0m
[00:00:17.960,052] [0m<dbg> zmk: apply_config: LISTENER INDEX: 0[0m
[00:00:17.960,083] [0m<dbg> zmk: scale_val: scaled -13 with 1/1 to -13 with remainder 0[0m
[00:00:17.960,144] [0m<dbg> zmk: apply_config: LISTENER INDEX: 0[0m
[00:00:17.960,144] [0m<dbg> zmk: scale_val: scaled -189 with 1/1 to -189 with remainder 0[0m
[00:00:17.960,174] [0m<dbg> zmk: zmk_hid_mouse_movement_set: Mouse movement set to -13/-189[0m
[00:00:17.960,205] [0m<dbg> zmk: zmk_hid_mouse_scroll_set: Mouse scroll set to 0/0[0m
[00:00:17.960,235] [0m<dbg> zmk: zmk_hid_mouse_movement_set: Mouse movement set to 0/0[0m
[00:00:17.968,841] [0m<dbg> zmk: apply_config: LISTENER INDEX: 0[0m
[00:00:17.968,872] [0m<dbg> zmk: scale_val: scaled -9 with 1/1 to -9 with remainder 0[0m
[00:00:17.968,933] [0m<dbg> zmk: apply_config: LISTENER INDEX: 0[0m
[00:00:17.968,933] [0m<dbg> zmk: scale_val: scaled -111 with 1/1 to -111 with remainder 0[0m
[00:00:17.968,963] [0m<dbg> zmk: zmk_hid_mouse_movement_set: Mouse movement set to -9/-111[0m
[00:00:17.969,024] [0m<dbg> zmk: zmk_hid_mouse_scroll_set: Mouse scroll set to 0/0[0m
[00:00:17.969,024] [0m<dbg> zmk: zmk_hid_mouse_movement_set: Mouse movement set to 0/0[0m
[00:00:17.976,989] [0m<dbg> zmk: apply_config: LISTENER INDEX: 0[0m
[00:00:17.977,020] [0m<dbg> zmk: scale_val: scaled -2 with 1/1 to -2 with remainder 0[0m
[00:00:17.977,081] [0m<dbg> zmk: apply_config: LISTENER INDEX: 0[0m
[00:00:17.977,081] [0m<dbg> zmk: scale_val: scaled -99 with 1/1 to -99 with remainder 0[0m
[00:00:17.977,111] [0m<dbg> zmk: zmk_hid_mouse_movement_set: Mouse movement set to -2/-99[0m
[00:00:17.977,172] [0m<dbg> zmk: zmk_hid_mouse_scroll_set: Mouse scroll set to 0/0[0m
[00:00:17.977,172] [0m<dbg> zmk: zmk_hid_mouse_movement_set: Mouse movement set to 0/0[0m
[00:00:17.984,954] [0m<dbg> zmk: apply_config: LISTENER INDEX: 0[0m
[00:00:17.984,954] [0m<dbg> zmk: scale_val: scaled -2 with 1/1 to -2 with remainder 0[0m
[00:00:17.985,046] [0m<dbg> zmk: apply_config: LISTENER INDEX: 0[0m
[00:00:17.985,046] [0m<dbg> zmk: scale_val: scaled -72 with 1/1 to -72 with remainder 0[0m
[00:00:17.985,351] [0m<dbg> zmk: zmk_hid_mouse_movement_set: Mouse movement set to -2/-72[0m
[00:00:17.985,412] [0m<dbg> zmk: zmk_hid_mouse_scroll_set: Mouse scroll set to 0/0[0m
[00:00:17.985,412] [0m<dbg> zmk: zmk_hid_mouse_movement_set: Mouse movement set to 0/0[0m
[00:00:17.993,011] [0m<dbg> zmk: apply_config: LISTENER INDEX: 0[0m
[00:00:17.993,041] [0m<dbg> zmk: scale_val: scaled -1 with 1/1 to -1 with remainder 0[0m
[00:00:17.993,103] [0m<dbg> zmk: apply_config: LISTENER INDEX: 0[0m
[00:00:17.993,103] [0m<dbg> zmk: scale_val: scaled -53 with 1/1 to -53 with remainder 0[0m
[00:00:17.993,133] [0m<dbg> zmk: zmk_hid_mouse_movement_set: Mouse movement set to -1/-53[0m
[00:00:17.993,164] [0m<dbg> zmk: zmk_hid_mouse_scroll_set: Mouse scroll set to 0/0[0m
[00:00:17.993,225] [0m<dbg> zmk: zmk_hid_mouse_movement_set: Mouse movement set to 0/0[0m
[00:00:18.000,396] [0m<dbg> zmk: apply_config: LISTENER INDEX: 0[0m
[00:00:18.000,427] [0m<dbg> zmk: scale_val: scaled 0 with 1/1 to 0 with remainder 0[0m
[00:00:18.000,457] [0m<dbg> zmk: apply_config: LISTENER INDEX: 0[0m
[00:00:18.000,488] [0m<dbg> zmk: scale_val: scaled -45 with 1/1 to -45 with remainder 0[0m
[00:00:18.000,518] [0m<dbg> zmk: zmk_hid_mouse_movement_set: Mouse movement set to 0/-45[0m
[00:00:18.000,549] [0m<dbg> zmk: zmk_hid_mouse_scroll_set: Mouse scroll set to 0/0[0m
[00:00:18.000,701] [0m<dbg> zmk: zmk_hid_mouse_movement_set: Mouse movement set to 0/0[0m
[00:00:18.008,392] [0m<dbg> zmk: apply_config: LISTENER INDEX: 0[0m
[00:00:18.008,392] [0m<dbg> zmk: scale_val: scaled 9 with 1/1 to 9 with remainder 0[0m
[00:00:18.008,453] [0m<dbg> zmk: apply_config: LISTENER INDEX: 0[0m
[00:00:18.008,483] [0m<dbg> zmk: scale_val: scaled -37 with 1/1 to -37 with remainder 0[0m
[00:00:18.008,483] [0m<dbg> zmk: zmk_hid_mouse_movement_set: Mouse movement set to 9/-37[0m
[00:00:18.008,544] [0m<dbg> zmk: zmk_hid_mouse_scroll_set: Mouse scroll set to 0/0[0m
[00:00:18.008,575] [0m<dbg> zmk: zmk_hid_mouse_movement_set: Mouse movement set to 0/0[0m
[00:00:18.016,479] [0m<dbg> zmk: apply_config: LISTENER INDEX: 0[0m
[00:00:18.016,479] [0m<dbg> zmk: scale_val: scaled 24 with 1/1 to 24 with remainder 0[0m
[00:00:18.016,540] [0m<dbg> zmk: apply_config: LISTENER INDEX: 0[0m
[00:00:18.016,571] [0m<dbg> zmk: scale_val: scaled -33 with 1/1 to -33 with remainder 0[0m
[00:00:18.016,571] [0m<dbg> zmk: zmk_hid_mouse_movement_set: Mouse movement set to 24/-33[0m
[00:00:18.016,632] [0m<dbg> zmk: zmk_hid_mouse_scroll_set: Mouse scroll set to 0/0[0m
[00:00:18.016,662] [0m<dbg> zmk: zmk_hid_mouse_movement_set: Mouse movement set to 0/0[0m
[00:00:18.024,597] [0m<dbg> zmk: apply_config: LISTENER INDEX: 0[0m
[00:00:18.024,627] [0m<dbg> zmk: scale_val: scaled 41 with 1/1 to 41 with remainder 0[0m
[00:00:18.024,688] [0m<dbg> zmk: apply_config: LISTENER INDEX: 0[0m
[00:00:18.024,688] [0m<dbg> zmk: scale_val: scaled -24 with 1/1 to -24 with remainder 0[0m
[00:00:18.024,719] [0m<dbg> zmk: zmk_hid_mouse_movement_set: Mouse movement set to 41/-24[0m
[00:00:18.024,780] [0m<dbg> zmk: zmk_hid_mouse_scroll_set: Mouse scroll set to 0/0[0m
[00:00:18.024,780] [0m<dbg> zmk: zmk_hid_mouse_movement_set: Mouse movement set to 0/0[0m
[00:00:18.032,623] [0m<dbg> zmk: apply_config: LISTENER INDEX: 0[0m
[00:00:18.032,623] [0m<dbg> zmk: scale_val: scaled 53 with 1/1 to 53 with remainder 0[0m
[00:00:18.032,684] [0m<dbg> zmk: apply_config: LISTENER INDEX: 0[0m
[00:00:18.032,714] [0m<dbg> zmk: scale_val: scaled -13 with 1/1 to -13 with remainder 0[0m
[00:00:18.032,745] [0m<dbg> zmk: zmk_hid_mouse_movement_set: Mouse movement set to 53/-13[0m
[00:00:18.032,775] [0m<dbg> zmk: zmk_hid_mouse_scroll_set: Mouse scroll set to 0/0[0m
[00:00:18.032,806] [0m<dbg> zmk: zmk_hid_mouse_movement_set: Mouse movement set to 0/0[0m
[00:00:18.040,649] [0m<dbg> zmk: apply_config: LISTENER INDEX: 0[0m
[00:00:18.040,679] [0m<dbg> zmk: scale_val: scaled 62 with 1/1 to 62 with remainder 0[0m
[00:00:18.040,740] [0m<dbg> zmk: apply_config: LISTENER INDEX: 0[0m
[00:00:18.040,740] [0m<dbg> zmk: scale_val: scaled -7 with 1/1 to -7 with remainder 0[0m
[00:00:18.040,771] [0m<dbg> zmk: zmk_hid_mouse_movement_set: Mouse movement set to 62/-7[0m
[00:00:18.040,832] [0m<dbg> zmk: zmk_hid_mouse_scroll_set: Mouse scroll set to 0/0[0m
[00:00:18.040,832] [0m<dbg> zmk: zmk_hid_mouse_movement_set: Mouse movement set to 0/0[0m
[00:00:18.048,706] [0m<dbg> zmk: apply_config: LISTENER INDEX: 0[0m
[00:00:18.048,736] [0m<dbg> zmk: scale_val: scaled 77 with 1/1 to 77 with remainder 0[0m
[00:00:18.048,797] [0m<dbg> zmk: apply_config: LISTENER INDEX: 0[0m
[00:00:18.048,797] [0m<dbg> zmk: scale_val: scaled -1 with 1/1 to -1 with remainder 0[0m
[00:00:18.048,828] [0m<dbg> zmk: zmk_hid_mouse_movement_set: Mouse movement set to 77/-1[0m
[00:00:18.048,889] [0m<dbg> zmk: zmk_hid_mouse_scroll_set: Mouse scroll set to 0/0[0m
[00:00:18.048,889] [0m<dbg> zmk: zmk_hid_mouse_movement_set: Mouse movement set to 0/0[0m
[00:00:18.056,762] [0m<dbg> zmk: apply_config: LISTENER INDEX: 0[0m
[00:00:18.056,793] [0m<dbg> zmk: scale_val: scaled 117 with 1/1 to 117 with remainder 0[0m
[00:00:18.056,854] [0m<dbg> zmk: apply_config: LISTENER INDEX: 0[0m
[00:00:18.056,854] [0m<dbg> zmk: scale_val: scaled 7 with 1/1 to 7 with remainder 0[0m
[00:00:18.056,884] [0m<dbg> zmk: zmk_hid_mouse_movement_set: Mouse movement set to 117/7[0m
[00:00:18.056,945] [0m<dbg> zmk: zmk_hid_mouse_scroll_set: Mouse scroll set to 0/0[0m
[00:00:18.056,945] [0m<dbg> zmk: zmk_hid_mouse_movement_set: Mouse movement set to 0/0[0m
[00:00:18.064,971] [0m<dbg> zmk: apply_config: LISTENER INDEX: 0[0m
[00:00:18.065,002] [0m<dbg> zmk: scale_val: scaled 137 with 1/1 to 137 with remainder 0[0m
[00:00:18.065,032] [0m<dbg> zmk: apply_config: LISTENER INDEX: 0[0m
[00:00:18.065,063] [0m<dbg> zmk: scale_val: scaled 24 with 1/1 to 24 with remainder 0[0m
[00:00:18.065,093] [0m<dbg> zmk: zmk_hid_mouse_movement_set: Mouse movement set to 137/24[0m
[00:00:18.065,124] [0m<dbg> zmk: zmk_hid_mouse_scroll_set: Mouse scroll set to 0/0[0m
[00:00:18.065,155] [0m<dbg> zmk: zmk_hid_mouse_movement_set: Mouse movement set to 0/0[0m
[00:00:18.072,937] [0m<dbg> zmk: apply_config: LISTENER INDEX: 0[0m
[00:00:18.072,937] [0m<dbg> zmk: scale_val: scaled 130 with 1/1 to 130 with remainder 0[0m
[00:00:18.072,998] [0m<dbg> zmk: apply_config: LISTENER INDEX: 0[0m
[00:00:18.073,028] [0m<dbg> zmk: scale_val: scaled 37 with 1/1 to 37 with remainder 0[0m
[00:00:18.073,028] [0m<dbg> zmk: zmk_hid_mouse_movement_set: Mouse movement set to 130/37[0m
[00:00:18.073,486] [0m<dbg> zmk: zmk_hid_mouse_scroll_set: Mouse scroll set to 0/0[0m
[00:00:18.073,516] [0m<dbg> zmk: zmk_hid_mouse_movement_set: Mouse movement set to 0/0[0m
[00:00:18.080,993] [0m<dbg> zmk: apply_config: LISTENER INDEX: 0[0m
[00:00:18.080,993] [0m<dbg> zmk: scale_val: scaled 130 with 1/1 to 130 with remainder 0[0m
[00:00:18.081,054] [0m<dbg> zmk: apply_config: LISTENER INDEX: 0[0m
[00:00:18.081,085] [0m<dbg> zmk: scale_val: scaled 53 with 1/1 to 53 with remainder 0[0m
[00:00:18.081,115] [0m<dbg> zmk: zmk_hid_mouse_movement_set: Mouse movement set to 130/53[0m
[00:00:18.081,146] [0m<dbg> zmk: zmk_hid_mouse_scroll_set: Mouse scroll set to 0/0[0m
[00:00:18.081,176] [0m<dbg> zmk: zmk_hid_mouse_movement_set: Mouse movement set to 0/0[0m
[00:00:18.089,752] [0m<dbg> zmk: apply_config: LISTENER INDEX: 0[0m
[00:00:18.089,752] [0m<dbg> zmk: scale_val: scaled 117 with 1/1 to 117 with remainder 0[0m
[00:00:18.089,813] [0m<dbg> zmk: apply_config: LISTENER INDEX: 0[0m
[00:00:18.089,843] [0m<dbg> zmk: scale_val: scaled 72 with 1/1 to 72 with remainder 0[0m
[00:00:18.089,843] [0m<dbg> zmk: zmk_hid_mouse_movement_set: Mouse movement set to 117/72[0m
[00:00:18.089,904] [0m<dbg> zmk: zmk_hid_mouse_scroll_set: Mouse scroll set to 0/0[0m
[00:00:18.089,935] [0m<dbg> zmk: zmk_hid_mouse_movement_set: Mouse movement set to 0/0[0m
[00:00:18.097,076] [0m<dbg> zmk: apply_config: LISTENER INDEX: 0[0m
[00:00:18.097,106] [0m<dbg> zmk: scale_val: scaled 99 with 1/1 to 99 with remainder 0[0m
[00:00:18.097,259] [0m<dbg> zmk: apply_config: LISTENER INDEX: 0[0m
[00:00:18.097,351] [0m<dbg> zmk: scale_val: scaled 62 with 1/1 to 62 with remainder 0[0m
[00:00:18.097,381] [0m<dbg> zmk: zmk_hid_mouse_movement_set: Mouse movement set to 99/62[0m
[00:00:18.097,412] [0m<dbg> zmk: zmk_hid_mouse_scroll_set: Mouse scroll set to 0/0[0m
[00:00:18.097,442] [0m<dbg> zmk: zmk_hid_mouse_movement_set: Mouse movement set to 0/0[0m
[00:00:18.106,048] [0m<dbg> zmk: apply_config: LISTENER INDEX: 0[0m
[00:00:18.106,079] [0m<dbg> zmk: scale_val: scaled 82 with 1/1 to 82 with remainder 0[0m
[00:00:18.106,140] [0m<dbg> zmk: apply_config: LISTENER INDEX: 0[0m
[00:00:18.106,140] [0m<dbg> zmk: scale_val: scaled 67 with 1/1 to 67 with remainder 0[0m
[00:00:18.106,170] [0m<dbg> zmk: zmk_hid_mouse_movement_set: Mouse movement set to 82/67[0m
[00:00:18.106,231] [0m<dbg> zmk: zmk_hid_mouse_scroll_set: Mouse scroll set to 0/0[0m
[00:00:18.106,231] [0m<dbg> zmk: zmk_hid_mouse_movement_set: Mouse movement set to 0/0[0m
[00:00:18.114,074] [0m<dbg> zmk: apply_config: LISTENER INDEX: 0[0m
[00:00:18.114,074] [0m<dbg> zmk: scale_val: scaled 72 with 1/1 to 72 with remainder 0[0m
[00:00:18.114,135] [0m<dbg> zmk: apply_config: LISTENER INDEX: 0[0m
[00:00:18.114,166] [0m<dbg> zmk: scale_val: scaled 77 with 1/1 to 77 with remainder 0[0m
[00:00:18.114,166] [0m<dbg> zmk: zmk_hid_mouse_movement_set: Mouse movement set to 72/77[0m
[00:00:18.114,410] [0m<dbg> zmk: zmk_hid_mouse_scroll_set: Mouse scroll set to 0/0[0m
[00:00:18.114,410] [0m<dbg> zmk: zmk_hid_mouse_movement_set: Mouse movement set to 0/0[0m
[00:00:18.122,009] [0m<dbg> zmk: apply_config: LISTENER INDEX: 0[0m
[00:00:18.122,039] [0m<dbg> zmk: scale_val: scaled 49 with 1/1 to 49 with remainder 0[0m
[00:00:18.122,100] [0m<dbg> zmk: apply_config: LISTENER INDEX: 0[0m
[00:00:18.122,100] [0m<dbg> zmk: scale_val: scaled 72 with 1/1 to 72 with remainder 0[0m
[00:00:18.122,131] [0m<dbg> zmk: zmk_hid_mouse_movement_set: Mouse movement set to 49/72[0m
[00:00:18.122,192] [0m<dbg> zmk: zmk_hid_mouse_scroll_set: Mouse scroll set to 0/0[0m
[00:00:18.122,192] [0m<dbg> zmk: zmk_hid_mouse_movement_set: Mouse movement set to 0/0[0m
[00:00:18.130,065] [0m<dbg> zmk: apply_config: LISTENER INDEX: 0[0m
[00:00:18.130,096] [0m<dbg> zmk: scale_val: scaled 30 with 1/1 to 30 with remainder 0[0m
[00:00:18.130,157] [0m<dbg> zmk: apply_config: LISTENER INDEX: 0[0m
[00:00:18.130,157] [0m<dbg> zmk: scale_val: scaled 72 with 1/1 to 72 with remainder 0[0m
[00:00:18.130,187] [0m<dbg> zmk: zmk_hid_mouse_movement_set: Mouse movement set to 30/72[0m
[00:00:18.130,249] [0m<dbg> zmk: zmk_hid_mouse_scroll_set: Mouse scroll set to 0/0[0m
[00:00:18.130,249] [0m<dbg> zmk: zmk_hid_mouse_movement_set: Mouse movement set to 0/0[0m
[00:00:18.138,122] [0m<dbg> zmk: apply_config: LISTENER INDEX: 0[0m
[00:00:18.138,122] [0m<dbg> zmk: scale_val: scaled 18 with 1/1 to 18 with remainder 0[0m
[00:00:18.138,183] [0m<dbg> zmk: apply_config: LISTENER INDEX: 0[0m
[00:00:18.138,214] [0m<dbg> zmk: scale_val: scaled 67 with 1/1 to 67 with remainder 0[0m
[00:00:18.138,214] [0m<dbg> zmk: zmk_hid_mouse_movement_set: Mouse movement set to 18/67[0m
[00:00:18.138,488] [0m<dbg> zmk: zmk_hid_mouse_scroll_set: Mouse scroll set to 0/0[0m
[00:00:18.138,488] [0m<dbg> zmk: zmk_hid_mouse_movement_set: Mouse movement set to 0/0[0m
[00:00:18.146,148] [0m<dbg> zmk: apply_config: LISTENER INDEX: 0[0m
[00:00:18.146,179] [0m<dbg> zmk: scale_val: scaled 11 with 1/1 to 11 with remainder 0[0m
[00:00:18.146,240] [0m<dbg> zmk: apply_config: LISTENER INDEX: 0[0m
[00:00:18.146,240] [0m<dbg> zmk: scale_val: scaled 41 with 1/1 to 41 with remainder 0[0m
[00:00:18.146,270] [0m<dbg> zmk: zmk_hid_mouse_movement_set: Mouse movement set to 11/41[0m
[00:00:18.146,331] [0m<dbg> zmk: zmk_hid_mouse_scroll_set: Mouse scroll set to 0/0[0m
[00:00:18.146,331] [0m<dbg> zmk: zmk_hid_mouse_movement_set: Mouse movement set to 0/0[0m
[00:00:18.161,041] [0m<dbg> zmk: apply_config: LISTENER INDEX: 0[0m
[00:00:18.161,071] [0m<dbg> zmk: scale_val: scaled 1 with 1/1 to 1 with remainder 0[0m
[00:00:18.161,132] [0m<dbg> zmk: apply_config: LISTENER INDEX: 0[0m
[00:00:18.161,163] [0m<dbg> zmk: scale_val: scaled 0 with 1/1 to 0 with remainder 0[0m
[00:00:18.161,163] [0m<dbg> zmk: zmk_hid_mouse_movement_set: Mouse movement set to 1/0[0m
[00:00:18.161,224] [0m<dbg> zmk: zmk_hid_mouse_scroll_set: Mouse scroll set to 0/0[0m
[00:00:18.161,224] [0m<dbg> zmk: zmk_hid_mouse_movement_set: Mouse movement set to 0/0[0m
[00:00:18.177,734] [0m<dbg> zmk: apply_config: LISTENER INDEX: 0[0m
[00:00:18.177,734] [0m<dbg> zmk: scale_val: scaled -11 with 1/1 to -11 with remainder 0[0m
[00:00:18.177,795] [0m<dbg> zmk: apply_config: LISTENER INDEX: 0[0m
[00:00:18.177,825] [0m<dbg> zmk: scale_val: scaled 1 with 1/1 to 1 with remainder 0[0m
[00:00:18.177,825] [0m<dbg> zmk: zmk_hid_mouse_movement_set: Mouse movement set to -11/1[0m
[00:00:18.177,886] [0m<dbg> zmk: zmk_hid_mouse_scroll_set: Mouse scroll set to 0/0[0m
[00:00:18.177,917] [0m<dbg> zmk: zmk_hid_mouse_movement_set: Mouse movement set to 0/0[0m
[00:00:18.185,821] [0m<dbg> zmk: apply_config: LISTENER INDEX: 0[0m
[00:00:18.185,821] [0m<dbg> zmk: scale_val: scaled -33 with 1/1 to -33 with remainder 0[0m
[00:00:18.185,882] [0m<dbg> zmk: apply_config: LISTENER INDEX: 0[0m
[00:00:18.185,913] [0m<dbg> zmk: scale_val: scaled 1 with 1/1 to 1 with remainder 0[0m
[00:00:18.185,913] [0m<dbg> zmk: zmk_hid_mouse_movement_set: Mouse movement set to -33/1[0m
[00:00:18.186,126] [0m<dbg> zmk: zmk_hid_mouse_scroll_set: Mouse scroll set to 0/0[0m
[00:00:18.186,218] [0m<dbg> zmk: zmk_hid_mouse_movement_set: Mouse movement set to 0/0[0m
[00:00:18.193,817] [0m<dbg> zmk: apply_config: LISTENER INDEX: 0[0m
[00:00:18.193,847] [0m<dbg> zmk: scale_val: scaled -45 with 1/1 to -45 with remainder 0[0m
[00:00:18.193,878] [0m<dbg> zmk: apply_config: LISTENER INDEX: 0[0m
[00:00:18.193,908] [0m<dbg> zmk: scale_val: scaled 0 with 1/1 to 0 with remainder 0[0m
[00:00:18.193,939] [0m<dbg> zmk: zmk_hid_mouse_movement_set: Mouse movement set to -45/0[0m
[00:00:18.193,969] [0m<dbg> zmk: zmk_hid_mouse_scroll_set: Mouse scroll set to 0/0[0m
[00:00:18.194,000] [0m<dbg> zmk: zmk_hid_mouse_movement_set: Mouse movement set to 0/0[0m
[00:00:18.201,995] [0m<dbg> zmk: apply_config: LISTENER INDEX: 0[0m
[00:00:18.201,995] [0m<dbg> zmk: scale_val: scaled -62 with 1/1 to -62 with remainder 0[0m
[00:00:18.202,056] [0m<dbg> zmk: apply_config: LISTENER INDEX: 0[0m
[00:00:18.202,087] [0m<dbg> zmk: scale_val: scaled 0 with 1/1 to 0 with remainder 0[0m
[00:00:18.202,087] [0m<dbg> zmk: zmk_hid_mouse_movement_set: Mouse movement set to -62/0[0m
[00:00:18.202,148] [0m<dbg> zmk: zmk_hid_mouse_scroll_set: Mouse scroll set to 0/0[0m
[00:00:18.202,178] [0m<dbg> zmk: zmk_hid_mouse_movement_set: Mouse movement set to 0/0[0m
[00:00:18.209,930] [0m<dbg> zmk: apply_config: LISTENER INDEX: 0[0m
[00:00:18.209,960] [0m<dbg> zmk: scale_val: scaled -57 with 1/1 to -57 with remainder 0[0m
[00:00:18.210,021] [0m<dbg> zmk: apply_config: LISTENER INDEX: 0[0m
[00:00:18.210,052] [0m<dbg> zmk: scale_val: scaled 0 with 1/1 to 0 with remainder 0[0m
[00:00:18.210,052] [0m<dbg> zmk: zmk_hid_mouse_movement_set: Mouse movement set to -57/0[0m
[00:00:18.210,113] [0m<dbg> zmk: zmk_hid_mouse_scroll_set: Mouse scroll set to 0/0[0m
[00:00:18.210,266] [0m<dbg> zmk: zmk_hid_mouse_movement_set: Mouse movement set to 0/0[0m
[00:00:18.218,719] [0m<dbg> zmk: apply_config: LISTENER INDEX: 0[0m
[00:00:18.218,750] [0m<dbg> zmk: scale_val: scaled -57 with 1/1 to -57 with remainder 0[0m
[00:00:18.218,811] [0m<dbg> zmk: apply_config: LISTENER INDEX: 0[0m
[00:00:18.218,872] [0m<dbg> zmk: scale_val: scaled -1 with 1/1 to -1 with remainder 0[0m
[00:00:18.218,872] [0m<dbg> zmk: zmk_hid_mouse_movement_set: Mouse movement set to -57/-1[0m
[00:00:18.218,933] [0m<dbg> zmk: zmk_hid_mouse_scroll_set: Mouse scroll set to 0/0[0m
[00:00:18.218,963] [0m<dbg> zmk: zmk_hid_mouse_movement_set: Mouse movement set to 0/0[0m
[00:00:18.226,806] [0m<dbg> zmk: apply_config: LISTENER INDEX: 0[0m
[00:00:18.226,837] [0m<dbg> zmk: scale_val: scaled -57 with 1/1 to -57 with remainder 0[0m
[00:00:18.226,898] [0m<dbg> zmk: apply_config: LISTENER INDEX: 0[0m
[00:00:18.226,898] [0m<dbg> zmk: scale_val: scaled -1 with 1/1 to -1 with remainder 0[0m
[00:00:18.226,928] [0m<dbg> zmk: zmk_hid_mouse_movement_set: Mouse movement set to -57/-1[0m
[00:00:18.226,989] [0m<dbg> zmk: zmk_hid_mouse_scroll_set: Mouse scroll set to 0/0[0m
[00:00:18.226,989] [0m<dbg> zmk: zmk_hid_mouse_movement_set: Mouse movement set to 0/0[0m
[00:00:18.234,313] [0m<dbg> zmk: apply_config: LISTENER INDEX: 0[0m
[00:00:18.234,344] [0m<dbg> zmk: scale_val: scaled -45 with 1/1 to -45 with remainder 0[0m
[00:00:18.234,375] [0m<dbg> zmk: apply_config: LISTENER INDEX: 0[0m
[00:00:18.234,405] [0m<dbg> zmk: scale_val: scaled -2 with 1/1 to -2 with remainder 0[0m
[00:00:18.234,436] [0m<dbg> zmk: zmk_hid_mouse_movement_set: Mouse movement set to -45/-2[0m
[00:00:18.234,497] [0m<dbg> zmk: zmk_hid_mouse_scroll_set: Mouse scroll set to 0/0[0m
[00:00:18.234,497] [0m<dbg> zmk: zmk_hid_mouse_movement_set: Mouse movement set to 0/0[0m
[00:00:18.242,156] [0m<dbg> zmk: apply_config: LISTENER INDEX: 0[0m
[00:00:18.242,187] [0m<dbg> zmk: scale_val: scaled -37 with 1/1 to -37 with remainder 0[0m
[00:00:18.242,218] [0m<dbg> zmk: apply_config: LISTENER INDEX: 0[0m
[00:00:18.242,248] [0m<dbg> zmk: scale_val: scaled -2 with 1/1 to -2 with remainder 0[0m
[00:00:18.242,248] [0m<dbg> zmk: zmk_hid_mouse_movement_set: Mouse movement set to -37/-2[0m
[00:00:18.242,309] [0m<dbg> zmk: zmk_hid_mouse_scroll_set: Mouse scroll set to 0/0[0m
[00:00:18.242,340] [0m<dbg> zmk: zmk_hid_mouse_movement_set: Mouse movement set to 0/0[0m
[00:00:18.250,213] [0m<dbg> zmk: apply_config: LISTENER INDEX: 0[0m
[00:00:18.250,244] [0m<dbg> zmk: scale_val: scaled -33 with 1/1 to -33 with remainder 0[0m
[00:00:18.250,305] [0m<dbg> zmk: apply_config: LISTENER INDEX: 0[0m
[00:00:18.250,305] [0m<dbg> zmk: scale_val: scaled -2 with 1/1 to -2 with remainder 0[0m
[00:00:18.250,335] [0m<dbg> zmk: zmk_hid_mouse_movement_set: Mouse movement set to -33/-2[0m
[00:00:18.250,396] [0m<dbg> zmk: zmk_hid_mouse_scroll_set: Mouse scroll set to 0/0[0m
[00:00:18.250,396] [0m<dbg> zmk: zmk_hid_mouse_movement_set: Mouse movement set to 0/0[0m
[00:00:18.259,124] [0m<dbg> zmk: apply_config: LISTENER INDEX: 0[0m
[00:00:18.259,216] [0m<dbg> zmk: scale_val: scaled -21 with 1/1 to -21 with remainder 0[0m
[00:00:18.259,277] [0m<dbg> zmk: apply_config: LISTENER INDEX: 0[0m
[00:00:18.259,277] [0m<dbg> zmk: scale_val: scaled -1 with 1/1 to -1 with remainder 0[0m
[00:00:18.259,307] [0m<dbg> zmk: zmk_hid_mouse_movement_set: Mouse movement set to -21/-1[0m
[00:00:18.259,368] [0m<dbg> zmk: zmk_hid_mouse_scroll_set: Mouse scroll set to 0/0[0m
[00:00:18.259,368] [0m<dbg> zmk: zmk_hid_mouse_movement_set: Mouse movement set to 0/0[0m
[00:00:18.267,089] [0m<dbg> zmk: apply_config: LISTENER INDEX: 0[0m
[00:00:18.267,120] [0m<dbg> zmk: scale_val: scaled -18 with 1/1 to -18 with remainder 0[0m
[00:00:18.267,181] [0m<dbg> zmk: apply_config: LISTENER INDEX: 0[0m
[00:00:18.267,181] [0m<dbg> zmk: scale_val: scaled -2 with 1/1 to -2 with remainder 0[0m
[00:00:18.267,211] [0m<dbg> zmk: zmk_hid_mouse_movement_set: Mouse movement set to -18/-2[0m
[00:00:18.267,272] [0m<dbg> zmk: zmk_hid_mouse_scroll_set: Mouse scroll set to 0/0[0m
[00:00:18.267,272] [0m<dbg> zmk: zmk_hid_mouse_movement_set: Mouse movement set to 0/0[0m
[00:00:18.273,895] [0m<dbg> zmk: apply_config: LISTENER INDEX: 0[0m
[00:00:18.273,925] [0m<dbg> zmk: scale_val: scaled -1 with 1/1 to -1 with remainder 0[0m
[00:00:18.273,986] [0m<dbg> zmk: apply_config: LISTENER INDEX: 0[0m
[00:00:18.273,986] [0m<dbg> zmk: scale_val: scaled 0 with 1/1 to 0 with remainder 0[0m
[00:00:18.274,017] [0m<dbg> zmk: zmk_hid_mouse_movement_set: Mouse movement set to -1/0[0m
[00:00:18.274,078] [0m<dbg> zmk: zmk_hid_mouse_scroll_set: Mouse scroll set to 0/0[0m
[00:00:18.274,078] [0m<dbg> zmk: zmk_hid_mouse_movement_set: Mouse movement set to 0/0[0m
[00:00:18.281,921] [0m<dbg> zmk: apply_config: LISTENER INDEX: 0[0m
[00:00:18.281,951] [0m<dbg> zmk: scale_val: scaled -1 with 1/1 to -1 with remainder 0[0m
[00:00:18.281,982] [0m<dbg> zmk: apply_config: LISTENER INDEX: 0[0m
[00:00:18.282,012] [0m<dbg> zmk: scale_val: scaled 0 with 1/1 to 0 with remainder 0[0m
[00:00:18.282,043] [0m<dbg> zmk: zmk_hid_mouse_movement_set: Mouse movement set to -1/0[0m
[00:00:18.282,257] [0m<dbg> zmk: zmk_hid_mouse_scroll_set: Mouse scroll set to 0/0[0m
[00:00:18.282,379] [0m<dbg> zmk: zmk_hid_mouse_movement_set: Mouse movement set to 0/0[0m
[00:00:18.291,290] [0m<dbg> zmk: apply_config: LISTENER INDEX: 0[0m
[00:00:18.291,290] [0m<dbg> zmk: scale_val: scaled -1 with 1/1 to -1 with remainder 0[0m
[00:00:18.291,351] [0m<dbg> zmk: apply_config: LISTENER INDEX: 0[0m
[00:00:18.291,381] [0m<dbg> zmk: scale_val: scaled 0 with 1/1 to 0 with remainder 0[0m
[00:00:18.291,381] [0m<dbg> zmk: zmk_hid_mouse_movement_set: Mouse movement set to -1/0[0m
[00:00:18.291,442] [0m<dbg> zmk: zmk_hid_mouse_scroll_set: Mouse scroll set to 0/0[0m
[00:00:18.291,442] [0m<dbg> zmk: zmk_hid_mouse_movement_set: Mouse movement set to 0/0[0m
[00:00:18.299,346] [0m<dbg> zmk: apply_config: LISTENER INDEX: 0[0m
[00:00:18.299,346] [0m<dbg> zmk: scale_val: scaled -1 with 1/1 to -1 with remainder 0[0m
[00:00:18.299,407] [0m<dbg> zmk: apply_config: LISTENER INDEX: 0[0m
[00:00:18.299,438] [0m<dbg> zmk: scale_val: scaled 0 with 1/1 to 0 with remainder 0[0m
[00:00:18.299,438] [0m<dbg> zmk: zmk_hid_mouse_movement_set: Mouse movement set to -1/0[0m
[00:00:18.299,499] [0m<dbg> zmk: zmk_hid_mouse_scroll_set: Mouse scroll set to 0/0[0m
[00:00:18.299,499] [0m<dbg> zmk: zmk_hid_mouse_movement_set: Mouse movement set to 0/0[0m
[00:00:18.460,571] [0m<dbg> zmk: apply_config: LISTENER INDEX: 0[0m
[00:00:18.460,601] [0m<dbg> zmk: scale_val: scaled 0 with 1/1 to 0 with remainder 0[0m
[00:00:18.460,662] [0m<dbg> zmk: apply_config: LISTENER INDEX: 0[0m
[00:00:18.460,662] [0m<dbg> zmk: scale_val: scaled 11 with 1/1 to 11 with remainder 0[0m
[00:00:18.460,693] [0m<dbg> zmk: zmk_hid_mouse_movement_set: Mouse movement set to 0/11[0m
[00:00:18.460,754] [0m<dbg> zmk: zmk_hid_mouse_scroll_set: Mouse scroll set to 0/0[0m
[00:00:18.460,754] [0m<dbg> zmk: zmk_hid_mouse_movement_set: Mouse movement set to 0/0[0m
[00:00:18.468,627] [0m<dbg> zmk: apply_config: LISTENER INDEX: 0[0m
[00:00:18.468,627] [0m<dbg> zmk: scale_val: scaled -2 with 1/1 to -2 with remainder 0[0m
[00:00:18.468,688] [0m<dbg> zmk: apply_config: LISTENER INDEX: 0[0m
[00:00:18.468,719] [0m<dbg> zmk: scale_val: scaled 5 with 1/1 to 5 with remainder 0[0m
[00:00:18.468,719] [0m<dbg> zmk: zmk_hid_mouse_movement_set: Mouse movement set to -2/5[0m
[00:00:18.468,780] [0m<dbg> zmk: zmk_hid_mouse_scroll_set: Mouse scroll set to 0/0[0m
[00:00:18.468,811] [0m<dbg> zmk: zmk_hid_mouse_movement_set: Mouse movement set to 0/0[0m
[00:00:18.476,043] [0m<dbg> zmk: apply_config: LISTENER INDEX: 0[0m
[00:00:18.476,074] [0m<dbg> zmk: scale_val: scaled -18 with 1/1 to -18 with remainder 0[0m
[00:00:18.476,104] [0m<dbg> zmk: apply_config: LISTENER INDEX: 0[0m
[00:00:18.476,135] [0m<dbg> zmk: scale_val: scaled 18 with 1/1 to 18 with remainder 0[0m
[00:00:18.476,165] [0m<dbg> zmk: zmk_hid_mouse_movement_set: Mouse movement set to -18/18[0m
[00:00:18.476,196] [0m<dbg> zmk: zmk_hid_mouse_scroll_set: Mouse scroll set to 0/0[0m
[00:00:18.476,226] [0m<dbg> zmk: zmk_hid_mouse_movement_set: Mouse movement set to 0/0[0m
[00:00:18.484,710] [0m<dbg> zmk: apply_config: LISTENER INDEX: 0[0m
[00:00:18.484,741] [0m<dbg> zmk: scale_val: scaled -15 with 1/1 to -15 with remainder 0[0m
[00:00:18.484,771] [0m<dbg> zmk: apply_config: LISTENER INDEX: 0[0m
[00:00:18.484,802] [0m<dbg> zmk: scale_val: scaled 13 with 1/1 to 13 with remainder 0[0m
[00:00:18.484,832] [0m<dbg> zmk: zmk_hid_mouse_movement_set: Mouse movement set to -15/13[0m
[00:00:18.484,863] [0m<dbg> zmk: zmk_hid_mouse_scroll_set: Mouse scroll set to 0/0[0m
[00:00:18.485,015] [0m<dbg> zmk: zmk_hid_mouse_movement_set: Mouse movement set to 0/0[0m
[00:00:18.492,156] [0m<dbg> zmk: apply_config: LISTENER INDEX: 0[0m
[00:00:18.492,218] [0m<dbg> zmk: scale_val: scaled -37 with 1/1 to -37 with remainder 0[0m
[00:00:18.492,340] [0m<dbg> zmk: apply_config: LISTENER INDEX: 0[0m
[00:00:18.492,340] [0m<dbg> zmk: scale_val: scaled 30 with 1/1 to 30 with remainder 0[0m
[00:00:18.492,370] [0m<dbg> zmk: zmk_hid_mouse_movement_set: Mouse movement set to -37/30[0m
[00:00:18.492,431] [0m<dbg> zmk: zmk_hid_mouse_scroll_set: Mouse scroll set to 0/0[0m
[00:00:18.492,431] [0m<dbg> zmk: zmk_hid_mouse_movement_set: Mouse movement set to 0/0[0m
[00:00:18.500,122] [0m<dbg> zmk: apply_config: LISTENER INDEX: 0[0m
[00:00:18.500,122] [0m<dbg> zmk: scale_val: scaled -82 with 1/1 to -82 with remainder 0[0m
[00:00:18.500,183] [0m<dbg> zmk: apply_config: LISTENER INDEX: 0[0m
[00:00:18.500,183] [0m<dbg> zmk: scale_val: scaled 18 with 1/1 to 18 with remainder 0[0m
[00:00:18.500,213] [0m<dbg> zmk: zmk_hid_mouse_movement_set: Mouse movement set to -82/18[0m
[00:00:18.500,274] [0m<dbg> zmk: zmk_hid_mouse_scroll_set: Mouse scroll set to 0/0[0m
[00:00:18.500,274] [0m<dbg> zmk: zmk_hid_mouse_movement_set: Mouse movement set to 0/0[0m
[00:00:18.508,270] [0m<dbg> zmk: apply_config: LISTENER INDEX: 0[0m
[00:00:18.508,300] [0m<dbg> zmk: scale_val: scaled -117 with 1/1 to -117 with remainder 0[0m
[00:00:18.508,361] [0m<dbg> zmk: apply_config: LISTENER INDEX: 0[0m
[00:00:18.508,361] [0m<dbg> zmk: scale_val: scaled 18 with 1/1 to 18 with remainder 0[0m
[00:00:18.508,392] [0m<dbg> zmk: zmk_hid_mouse_movement_set: Mouse movement set to -117/18[0m
[00:00:18.508,453] [0m<dbg> zmk: zmk_hid_mouse_scroll_set: Mouse scroll set to 0/0[0m
[00:00:18.508,453] [0m<dbg> zmk: zmk_hid_mouse_movement_set: Mouse movement set to 0/0[0m
[00:00:18.516,235] [0m<dbg> zmk: apply_config: LISTENER INDEX: 0[0m
[00:00:18.516,265] [0m<dbg> zmk: scale_val: scaled -173 with 1/1 to -173 with remainder 0[0m
[00:00:18.516,326] [0m<dbg> zmk: apply_config: LISTENER INDEX: 0[0m
[00:00:18.516,357] [0m<dbg> zmk: scale_val: scaled 24 with 1/1 to 24 with remainder 0[0m
[00:00:18.516,357] [0m<dbg> zmk: zmk_hid_mouse_movement_set: Mouse movement set to -173/24[0m
[00:00:18.516,418] [0m<dbg> zmk: zmk_hid_mouse_scroll_set: Mouse scroll set to 0/0[0m
[00:00:18.516,418] [0m<dbg> zmk: zmk_hid_mouse_movement_set: Mouse movement set to 0/0[0m
[00:00:18.524,322] [0m<dbg> zmk: apply_config: LISTENER INDEX: 0[0m
[00:00:18.524,322] [0m<dbg> zmk: scale_val: scaled -240 with 1/1 to -240 with remainder 0[0m
[00:00:18.524,383] [0m<dbg> zmk: apply_config: LISTENER INDEX: 0[0m
[00:00:18.524,414] [0m<dbg> zmk: scale_val: scaled 21 with 1/1 to 21 with remainder 0[0m
[00:00:18.524,444] [0m<dbg> zmk: zmk_hid_mouse_movement_set: Mouse movement set to -240/21[0m
[00:00:18.524,475] [0m<dbg> zmk: zmk_hid_mouse_scroll_set: Mouse scroll set to 0/0[0m
[00:00:18.524,505] [0m<dbg> zmk: zmk_hid_mouse_movement_set: Mouse movement set to 0/0[0m
[00:00:18.532,348] [0m<dbg> zmk: apply_config: LISTENER INDEX: 0[0m
[00:00:18.532,379] [0m<dbg> zmk: scale_val: scaled -277 with 1/1 to -277 with remainder 0[0m
[00:00:18.532,409] [0m<dbg> zmk: apply_config: LISTENER INDEX: 0[0m
[00:00:18.532,440] [0m<dbg> zmk: scale_val: scaled 15 with 1/1 to 15 with remainder 0[0m
[00:00:18.532,470] [0m<dbg> zmk: zmk_hid_mouse_movement_set: Mouse movement set to -277/15[0m
[00:00:18.532,836] [0m<dbg> zmk: zmk_hid_mouse_scroll_set: Mouse scroll set to 0/0[0m
[00:00:18.532,867] [0m<dbg> zmk: zmk_hid_mouse_movement_set: Mouse movement set to 0/0[0m
[00:00:18.540,496] [0m<dbg> zmk: apply_config: LISTENER INDEX: 0[0m
[00:00:18.540,496] [0m<dbg> zmk: scale_val: scaled -317 with 1/1 to -317 with remainder 0[0m
[00:00:18.540,557] [0m<dbg> zmk: apply_config: LISTENER INDEX: 0[0m
[00:00:18.540,557] [0m<dbg> zmk: scale_val: scaled 9 with 1/1 to 9 with remainder 0[0m
[00:00:18.540,588] [0m<dbg> zmk: zmk_hid_mouse_movement_set: Mouse movement set to -317/9[0m
[00:00:18.540,649] [0m<dbg> zmk: zmk_hid_mouse_scroll_set: Mouse scroll set to 0/0[0m
[00:00:18.540,649] [0m<dbg> zmk: zmk_hid_mouse_movement_set: Mouse movement set to 0/0[0m
[00:00:18.548,492] [0m<dbg> zmk: apply_config: LISTENER INDEX: 0[0m
[00:00:18.548,492] [0m<dbg> zmk: scale_val: scaled -349 with 1/1 to -349 with remainder 0[0m
[00:00:18.548,553] [0m<dbg> zmk: apply_config: LISTENER INDEX: 0[0m
[00:00:18.548,583] [0m<dbg> zmk: scale_val: scaled 5 with 1/1 to 5 with remainder 0[0m
[00:00:18.548,583] [0m<dbg> zmk: zmk_hid_mouse_movement_set: Mouse movement set to -349/5[0m
[00:00:18.548,675] [0m<dbg> zmk: zmk_hid_mouse_scroll_set: Mouse scroll set to 0/0[0m
[00:00:18.548,675] [0m<dbg> zmk: zmk_hid_mouse_movement_set: Mouse movement set to 0/0[0m
[00:00:18.556,640] [0m<dbg> zmk: apply_config: LISTENER INDEX: 0[0m
[00:00:18.556,671] [0m<dbg> zmk: scale_val: scaled -382 with 1/1 to -382 with remainder 0[0m
[00:00:18.556,732] [0m<dbg> zmk: apply_config: LISTENER INDEX: 0[0m
[00:00:18.556,732] [0m<dbg> zmk: scale_val: scaled 3 with 1/1 to 3 with remainder 0[0m
[00:00:18.556,762] [0m<dbg> zmk: zmk_hid_mouse_movement_set: Mouse movement set to -382/3[0m
[00:00:18.556,823] [0m<dbg> zmk: zmk_hid_mouse_scroll_set: Mouse scroll set to 0/0[0m
[00:00:18.556,823] [0m<dbg> zmk: zmk_hid_mouse_movement_set: Mouse movement set to 0/0[0m
[00:00:18.564,636] [0m<dbg> zmk: apply_config: LISTENER INDEX: 0[0m
[00:00:18.564,666] [0m<dbg> zmk: scale_val: scaled -405 with 1/1 to -405 with remainder 0[0m
[00:00:18.564,697] [0m<dbg> zmk: apply_config: LISTENER INDEX: 0[0m
[00:00:18.564,727] [0m<dbg> zmk: scale_val: scaled 0 with 1/1 to 0 with remainder 0[0m
[00:00:18.564,727] [0m<dbg> zmk: zmk_hid_mouse_movement_set: Mouse movement set to -405/0[0m
[00:00:18.564,788] [0m<dbg> zmk: zmk_hid_mouse_scroll_set: Mouse scroll set to 0/0[0m
[00:00:18.564,819] [0m<dbg> zmk: zmk_hid_mouse_movement_set: Mouse movement set to 0/0[0m
[00:00:18.572,692] [0m<dbg> zmk: apply_config: LISTENER INDEX: 0[0m
[00:00:18.572,692] [0m<dbg> zmk: scale_val: scaled -417 with 1/1 to -417 with remainder 0[0m
[00:00:18.572,753] [0m<dbg> zmk: apply_config: LISTENER INDEX: 0[0m
[00:00:18.572,784] [0m<dbg> zmk: scale_val: scaled -5 with 1/1 to -5 with remainder 0[0m
[00:00:18.572,814] [0m<dbg> zmk: zmk_hid_mouse_movement_set: Mouse movement set to -417/-5[0m
[00:00:18.572,845] [0m<dbg> zmk: zmk_hid_mouse_scroll_set: Mouse scroll set to 0/0[0m
[00:00:18.572,875] [0m<dbg> zmk: zmk_hid_mouse_movement_set: Mouse movement set to 0/0[0m
[00:00:18.580,749] [0m<dbg> zmk: apply_config: LISTENER INDEX: 0[0m
[00:00:18.580,749] [0m<dbg> zmk: scale_val: scaled -405 with 1/1 to -405 with remainder 0[0m
[00:00:18.580,810] [0m<dbg> zmk: apply_config: LISTENER INDEX: 0[0m
[00:00:18.580,810] [0m<dbg> zmk: scale_val: scaled -7 with 1/1 to -7 with remainder 0[0m
[00:00:18.580,841] [0m<dbg> zmk: zmk_hid_mouse_movement_set: Mouse movement set to -405/-7[0m
[00:00:18.580,902] [0m<dbg> zmk: zmk_hid_mouse_scroll_set: Mouse scroll set to 0/0[0m
[00:00:18.580,902] [0m<dbg> zmk: zmk_hid_mouse_movement_set: Mouse movement set to 0/0[0m
[00:00:18.588,775] [0m<dbg> zmk: apply_config: LISTENER INDEX: 0[0m
[00:00:18.588,806] [0m<dbg> zmk: scale_val: scaled -393 with 1/1 to -393 with remainder 0[0m
[00:00:18.588,867] [0m<dbg> zmk: apply_config: LISTENER INDEX: 0[0m
[00:00:18.588,867] [0m<dbg> zmk: scale_val: scaled -7 with 1/1 to -7 with remainder 0[0m
[00:00:18.588,897] [0m<dbg> zmk: zmk_hid_mouse_movement_set: Mouse movement set to -393/-7[0m
[00:00:18.588,958] [0m<dbg> zmk: zmk_hid_mouse_scroll_set: Mouse scroll set to 0/0[0m
[00:00:18.588,958] [0m<dbg> zmk: zmk_hid_mouse_movement_set: Mouse movement set to 0/0[0m
[00:00:18.596,862] [0m<dbg> zmk: apply_config: LISTENER INDEX: 0[0m
[00:00:18.596,862] [0m<dbg> zmk: scale_val: scaled -382 with 1/1 to -382 with remainder 0[0m
[00:00:18.596,923] [0m<dbg> zmk: apply_config: LISTENER INDEX: 0[0m
[00:00:18.596,923] [0m<dbg> zmk: scale_val: scaled -7 with 1/1 to -7 with remainder 0[0m
[00:00:18.596,954] [0m<dbg> zmk: zmk_hid_mouse_movement_set: Mouse movement set to -382/-7[0m
[00:00:18.597,015] [0m<dbg> zmk: zmk_hid_mouse_scroll_set: Mouse scroll set to 0/0[0m
[00:00:18.597,015] [0m<dbg> zmk: zmk_hid_mouse_movement_set: Mouse movement set to 0/0[0m
[00:00:18.604,919] [0m<dbg> zmk: apply_config: LISTENER INDEX: 0[0m
[00:00:18.604,919] [0m<dbg> zmk: scale_val: scaled -349 with 1/1 to -349 with remainder 0[0m
[00:00:18.604,980] [0m<dbg> zmk: apply_config: LISTENER INDEX: 0[0m
[00:00:18.605,010] [0m<dbg> zmk: scale_val: scaled -9 with 1/1 to -9 with remainder 0[0m
[00:00:18.605,010] [0m<dbg> zmk: zmk_hid_mouse_movement_set: Mouse movement set to -349/-9[0m
[00:00:18.605,072] [0m<dbg> zmk: zmk_hid_mouse_scroll_set: Mouse scroll set to 0/0[0m
[00:00:18.605,102] [0m<dbg> zmk: zmk_hid_mouse_movement_set: Mouse movement set to 0/0[0m
[00:00:18.613,281] [0m<dbg> zmk: apply_config: LISTENER INDEX: 0[0m
[00:00:18.613,311] [0m<dbg> zmk: scale_val: scaled -327 with 1/1 to -327 with remainder 0[0m
[00:00:18.613,372] [0m<dbg> zmk: apply_config: LISTENER INDEX: 0[0m
[00:00:18.613,372] [0m<dbg> zmk: scale_val: scaled -7 with 1/1 to -7 with remainder 0[0m
[00:00:18.613,403] [0m<dbg> zmk: zmk_hid_mouse_movement_set: Mouse movement set to -327/-7[0m
[00:00:18.613,464] [0m<dbg> zmk: zmk_hid_mouse_scroll_set: Mouse scroll set to 0/0[0m
[00:00:18.613,464] [0m<dbg> zmk: zmk_hid_mouse_movement_set: Mouse movement set to 0/0[0m
[00:00:18.621,063] [0m<dbg> zmk: apply_config: LISTENER INDEX: 0[0m
[00:00:18.621,093] [0m<dbg> zmk: scale_val: scaled -307 with 1/1 to -307 with remainder 0[0m
[00:00:18.621,124] [0m<dbg> zmk: apply_config: LISTENER INDEX: 0[0m
[00:00:18.621,154] [0m<dbg> zmk: scale_val: scaled -7 with 1/1 to -7 with remainder 0[0m
[00:00:18.621,185] [0m<dbg> zmk: zmk_hid_mouse_movement_set: Mouse movement set to -307/-7[0m
[00:00:18.621,246] [0m<dbg> zmk: zmk_hid_mouse_scroll_set: Mouse scroll set to 0/0[0m
[00:00:18.621,246] [0m<dbg> zmk: zmk_hid_mouse_movement_set: Mouse movement set to 0/0[0m
[00:00:18.629,089] [0m<dbg> zmk: apply_config: LISTENER INDEX: 0[0m
[00:00:18.629,119] [0m<dbg> zmk: scale_val: scaled -267 with 1/1 to -267 with remainder 0[0m
[00:00:18.629,180] [0m<dbg> zmk: apply_config: LISTENER INDEX: 0[0m
[00:00:18.629,180] [0m<dbg> zmk: scale_val: scaled -7 with 1/1 to -7 with remainder 0[0m
[00:00:18.629,211] [0m<dbg> zmk: zmk_hid_mouse_movement_set: Mouse movement set to -267/-7[0m
[00:00:18.629,272] [0m<dbg> zmk: zmk_hid_mouse_scroll_set: Mouse scroll set to 0/0[0m
[00:00:18.629,272] [0m<dbg> zmk: zmk_hid_mouse_movement_set: Mouse movement set to 0/0[0m
[00:00:18.637,145] [0m<dbg> zmk: apply_config: LISTENER INDEX: 0[0m
[00:00:18.637,176] [0m<dbg> zmk: scale_val: scaled -267 with 1/1 to -267 with remainder 0[0m
[00:00:18.637,237] [0m<dbg> zmk: apply_config: LISTENER INDEX: 0[0m
[00:00:18.637,237] [0m<dbg> zmk: scale_val: scaled -9 with 1/1 to -9 with remainder 0[0m
[00:00:18.637,268] [0m<dbg> zmk: zmk_hid_mouse_movement_set: Mouse movement set to -267/-9[0m
[00:00:18.637,329] [0m<dbg> zmk: zmk_hid_mouse_scroll_set: Mouse scroll set to 0/0[0m
[00:00:18.637,329] [0m<dbg> zmk: zmk_hid_mouse_movement_set: Mouse movement set to 0/0[0m
[00:00:18.645,324] [0m<dbg> zmk: apply_config: LISTENER INDEX: 0[0m
[00:00:18.645,324] [0m<dbg> zmk: scale_val: scaled -240 with 1/1 to -240 with remainder 0[0m
[00:00:18.645,385] [0m<dbg> zmk: apply_config: LISTENER INDEX: 0[0m
[00:00:18.645,416] [0m<dbg> zmk: scale_val: scaled -9 with 1/1 to -9 with remainder 0[0m
[00:00:18.645,416] [0m<dbg> zmk: zmk_hid_mouse_movement_set: Mouse movement set to -240/-9[0m
[00:00:18.645,477] [0m<dbg> zmk: zmk_hid_mouse_scroll_set: Mouse scroll set to 0/0[0m
[00:00:18.645,477] [0m<dbg> zmk: zmk_hid_mouse_movement_set: Mouse movement set to 0/0[0m
[00:00:18.653,289] [0m<dbg> zmk: apply_config: LISTENER INDEX: 0[0m
[00:00:18.653,289] [0m<dbg> zmk: scale_val: scaled -222 with 1/1 to -222 with remainder 0[0m
[00:00:18.653,350] [0m<dbg> zmk: apply_config: LISTENER INDEX: 0[0m
[00:00:18.653,381] [0m<dbg> zmk: scale_val: scaled -9 with 1/1 to -9 with remainder 0[0m
[00:00:18.653,381] [0m<dbg> zmk: zmk_hid_mouse_movement_set: Mouse movement set to -222/-9[0m
[00:00:18.653,442] [0m<dbg> zmk: zmk_hid_mouse_scroll_set: Mouse scroll set to 0/0[0m
[00:00:18.653,472] [0m<dbg> zmk: zmk_hid_mouse_movement_set: Mouse movement set to 0/0[0m
[00:00:18.661,346] [0m<dbg> zmk: apply_config: LISTENER INDEX: 0[0m
[00:00:18.661,376] [0m<dbg> zmk: scale_val: scaled -213 with 1/1 to -213 with remainder 0[0m
[00:00:18.661,437] [0m<dbg> zmk: apply_config: LISTENER INDEX: 0[0m
[00:00:18.661,437] [0m<dbg> zmk: scale_val: scaled -7 with 1/1 to -7 with remainder 0[0m
[00:00:18.661,468] [0m<dbg> zmk: zmk_hid_mouse_movement_set: Mouse movement set to -213/-7[0m
[00:00:18.661,499] [0m<dbg> zmk: zmk_hid_mouse_scroll_set: Mouse scroll set to 0/0[0m
[00:00:18.661,529] [0m<dbg> zmk: zmk_hid_mouse_movement_set: Mouse movement set to 0/0[0m
[00:00:18.669,433] [0m<dbg> zmk: apply_config: LISTENER INDEX: 0[0m
[00:00:18.669,464] [0m<dbg> zmk: scale_val: scaled -181 with 1/1 to -181 with remainder 0[0m
[00:00:18.669,525] [0m<dbg> zmk: apply_config: LISTENER INDEX: 0[0m
[00:00:18.669,525] [0m<dbg> zmk: scale_val: scaled -7 with 1/1 to -7 with remainder 0[0m
[00:00:18.669,555] [0m<dbg> zmk: zmk_hid_mouse_movement_set: Mouse movement set to -181/-7[0m
[00:00:18.669,616] [0m<dbg> zmk: zmk_hid_mouse_scroll_set: Mouse scroll set to 0/0[0m
[00:00:18.669,616] [0m<dbg> zmk: zmk_hid_mouse_movement_set: Mouse movement set to 0/0[0m
[00:00:18.677,490] [0m<dbg> zmk: apply_config: LISTENER INDEX: 0[0m
[00:00:18.677,520] [0m<dbg> zmk: scale_val: scaled -181 with 1/1 to -181 with remainder 0[0m
[00:00:18.677,551] [0m<dbg> zmk: apply_config: LISTENER INDEX: 0[0m
[00:00:18.677,581] [0m<dbg> zmk: scale_val: scaled -9 with 1/1 to -9 with remainder 0[0m
[00:00:18.677,612] [0m<dbg> zmk: zmk_hid_mouse_movement_set: Mouse movement set to -181/-9[0m
[00:00:18.677,673] [0m<dbg> zmk: zmk_hid_mouse_scroll_set: Mouse scroll set to 0/0[0m
[00:00:18.677,673] [0m<dbg> zmk: zmk_hid_mouse_movement_set: Mouse movement set to 0/0[0m
[00:00:18.685,546] [0m<dbg> zmk: apply_config: LISTENER INDEX: 0[0m
[00:00:18.685,546] [0m<dbg> zmk: scale_val: scaled -165 with 1/1 to -165 with remainder 0[0m
[00:00:18.685,729] [0m<dbg> zmk: apply_config: LISTENER INDEX: 0[0m
[00:00:18.685,821] [0m<dbg> zmk: scale_val: scaled -7 with 1/1 to -7 with remainder 0[0m
[00:00:18.685,852] [0m<dbg> zmk: zmk_hid_mouse_movement_set: Mouse movement set to -165/-7[0m
[00:00:18.685,913] [0m<dbg> zmk: zmk_hid_mouse_scroll_set: Mouse scroll set to 0/0[0m
[00:00:18.685,913] [0m<dbg> zmk: zmk_hid_mouse_movement_set: Mouse movement set to 0/0[0m
[00:00:18.693,572] [0m<dbg> zmk: apply_config: LISTENER INDEX: 0[0m
[00:00:18.693,572] [0m<dbg> zmk: scale_val: scaled -151 with 1/1 to -151 with remainder 0[0m
[00:00:18.693,634] [0m<dbg> zmk: apply_config: LISTENER INDEX: 0[0m
[00:00:18.693,664] [0m<dbg> zmk: scale_val: scaled -9 with 1/1 to -9 with remainder 0[0m
[00:00:18.693,664] [0m<dbg> zmk: zmk_hid_mouse_movement_set: Mouse movement set to -151/-9[0m
[00:00:18.693,725] [0m<dbg> zmk: zmk_hid_mouse_scroll_set: Mouse scroll set to 0/0[0m
[00:00:18.693,756] [0m<dbg> zmk: zmk_hid_mouse_movement_set: Mouse movement set to 0/0[0m
[00:00:18.701,660] [0m<dbg> zmk: apply_config: LISTENER INDEX: 0[0m
[00:00:18.701,690] [0m<dbg> zmk: scale_val: scaled -130 with 1/1 to -130 with remainder 0[0m
[00:00:18.701,721] [0m<dbg> zmk: apply_config: LISTENER INDEX: 0[0m
[00:00:18.701,751] [0m<dbg> zmk: scale_val: scaled -9 with 1/1 to -9 with remainder 0[0m
[00:00:18.701,782] [0m<dbg> zmk: zmk_hid_mouse_movement_set: Mouse movement set to -130/-9[0m
[00:00:18.701,812] [0m<dbg> zmk: zmk_hid_mouse_scroll_set: Mouse scroll set to 0/0[0m
[00:00:18.701,843] [0m<dbg> zmk: zmk_hid_mouse_movement_set: Mouse movement set to 0/0[0m
[00:00:18.709,716] [0m<dbg> zmk: apply_config: LISTENER INDEX: 0[0m
[00:00:18.709,747] [0m<dbg> zmk: scale_val: scaled -123 with 1/1 to -123 with remainder 0[0m
[00:00:18.709,777] [0m<dbg> zmk: apply_config: LISTENER INDEX: 0[0m
[00:00:18.709,808] [0m<dbg> zmk: scale_val: scaled -7 with 1/1 to -7 with remainder 0[0m
[00:00:18.709,838] [0m<dbg> zmk: zmk_hid_mouse_movement_set: Mouse movement set to -123/-7[0m
[00:00:18.709,869] [0m<dbg> zmk: zmk_hid_mouse_scroll_set: Mouse scroll set to 0/0[0m
[00:00:18.709,899] [0m<dbg> zmk: zmk_hid_mouse_movement_set: Mouse movement set to 0/0[0m
[00:00:18.718,505] [0m<dbg> zmk: apply_config: LISTENER INDEX: 0[0m
[00:00:18.718,536] [0m<dbg> zmk: scale_val: scaled -117 with 1/1 to -117 with remainder 0[0m
[00:00:18.718,597] [0m<dbg> zmk: apply_config: LISTENER INDEX: 0[0m
[00:00:18.718,627] [0m<dbg> zmk: scale_val: scaled -7 with 1/1 to -7 with remainder 0[0m
[00:00:18.718,627] [0m<dbg> zmk: zmk_hid_mouse_movement_set: Mouse movement set to -117/-7[0m
[00:00:18.718,688] [0m<dbg> zmk: zmk_hid_mouse_scroll_set: Mouse scroll set to 0/0[0m
[00:00:18.718,688] [0m<dbg> zmk: zmk_hid_mouse_movement_set: Mouse movement set to 0/0[0m
[00:00:18.725,891] [0m<dbg> zmk: apply_config: LISTENER INDEX: 0[0m
[00:00:18.725,921] [0m<dbg> zmk: scale_val: scaled -99 with 1/1 to -99 with remainder 0[0m
[00:00:18.725,982] [0m<dbg> zmk: apply_config: LISTENER INDEX: 0[0m
[00:00:18.725,982] [0m<dbg> zmk: scale_val: scaled -5 with 1/1 to -5 with remainder 0[0m
[00:00:18.726,013] [0m<dbg> zmk: zmk_hid_mouse_movement_set: Mouse movement set to -99/-5[0m
[00:00:18.726,074] [0m<dbg> zmk: zmk_hid_mouse_scroll_set: Mouse scroll set to 0/0[0m
[00:00:18.726,074] [0m<dbg> zmk: zmk_hid_mouse_movement_set: Mouse movement set to 0/0[0m
[00:00:18.733,886] [0m<dbg> zmk: apply_config: LISTENER INDEX: 0[0m
[00:00:18.733,947] [0m<dbg> zmk: scale_val: scaled -82 with 1/1 to -82 with remainder 0[0m
[00:00:18.734,008] [0m<dbg> zmk: apply_config: LISTENER INDEX: 0[0m
[00:00:18.734,008] [0m<dbg> zmk: scale_val: scaled -3 with 1/1 to -3 with remainder 0[0m
[00:00:18.734,039] [0m<dbg> zmk: zmk_hid_mouse_movement_set: Mouse movement set to -82/-3[0m
[00:00:18.734,344] [0m<dbg> zmk: zmk_hid_mouse_scroll_set: Mouse scroll set to 0/0[0m
[00:00:18.734,344] [0m<dbg> zmk: zmk_hid_mouse_movement_set: Mouse movement set to 0/0[0m
[00:00:18.742,858] [0m<dbg> zmk: apply_config: LISTENER INDEX: 0[0m
[00:00:18.742,889] [0m<dbg> zmk: scale_val: scaled -77 with 1/1 to -77 with remainder 0[0m
[00:00:18.742,919] [0m<dbg> zmk: apply_config: LISTENER INDEX: 0[0m
[00:00:18.742,950] [0m<dbg> zmk: scale_val: scaled -3 with 1/1 to -3 with remainder 0[0m
[00:00:18.742,980] [0m<dbg> zmk: zmk_hid_mouse_movement_set: Mouse movement set to -77/-3[0m
[00:00:18.743,011] [0m<dbg> zmk: zmk_hid_mouse_scroll_set: Mouse scroll set to 0/0[0m
[00:00:18.743,041] [0m<dbg> zmk: zmk_hid_mouse_movement_set: Mouse movement set to 0/0[0m
[00:00:18.750,732] [0m<dbg> zmk: apply_config: LISTENER INDEX: 0[0m
[00:00:18.750,762] [0m<dbg> zmk: scale_val: scaled -45 with 1/1 to -45 with remainder 0[0m
[00:00:18.750,823] [0m<dbg> zmk: apply_config: LISTENER INDEX: 0[0m
[00:00:18.750,823] [0m<dbg> zmk: scale_val: scaled 0 with 1/1 to 0 with remainder 0[0m
[00:00:18.750,854] [0m<dbg> zmk: zmk_hid_mouse_movement_set: Mouse movement set to -45/0[0m
[00:00:18.750,915] [0m<dbg> zmk: zmk_hid_mouse_scroll_set: Mouse scroll set to 0/0[0m
[00:00:18.750,915] [0m<dbg> zmk: zmk_hid_mouse_movement_set: Mouse movement set to 0/0[0m
[00:00:18.758,056] [0m<dbg> zmk: apply_config: LISTENER INDEX: 0[0m
[00:00:18.758,178] [0m<dbg> zmk: scale_val: scaled -21 with 1/1 to -21 with remainder 0[0m
[00:00:18.758,483] [0m<dbg> zmk: apply_config: LISTENER INDEX: 0[0m
[00:00:18.758,483] [0m<dbg> zmk: scale_val: scaled 3 with 1/1 to 3 with remainder 0[0m
[00:00:18.758,514] [0m<dbg> zmk: zmk_hid_mouse_movement_set: Mouse movement set to -21/3[0m
[00:00:18.758,575] [0m<dbg> zmk: zmk_hid_mouse_scroll_set: Mouse scroll set to 0/0[0m
[00:00:18.758,575] [0m<dbg> zmk: zmk_hid_mouse_movement_set: Mouse movement set to 0/0[0m
[00:00:18.766,113] [0m<dbg> zmk: apply_config: LISTENER INDEX: 0[0m
[00:00:18.766,143] [0m<dbg> zmk: scale_val: scaled 0 with 1/1 to 0 with remainder 0[0m
[00:00:18.766,204] [0m<dbg> zmk: apply_config: LISTENER INDEX: 0[0m
[00:00:18.766,204] [0m<dbg> zmk: scale_val: scaled 30 with 1/1 to 30 with remainder 0[0m
[00:00:18.766,235] [0m<dbg> zmk: zmk_hid_mouse_movement_set: Mouse movement set to 0/30[0m
[00:00:18.766,296] [0m<dbg> zmk: zmk_hid_mouse_scroll_set: Mouse scroll set to 0/0[0m
[00:00:18.766,296] [0m<dbg> zmk: zmk_hid_mouse_movement_set: Mouse movement set to 0/0[0m
[00:00:18.774,322] [0m<dbg> zmk: apply_config: LISTENER INDEX: 0[0m
[00:00:18.774,353] [0m<dbg> zmk: scale_val: scaled 7 with 1/1 to 7 with remainder 0[0m
[00:00:18.774,414] [0m<dbg> zmk: apply_config: LISTENER INDEX: 0[0m
[00:00:18.774,414] [0m<dbg> zmk: scale_val: scaled 77 with 1/1 to 77 with remainder 0[0m
[00:00:18.774,444] [0m<dbg> zmk: zmk_hid_mouse_movement_set: Mouse movement set to 7/77[0m
[00:00:18.774,505] [0m<dbg> zmk: zmk_hid_mouse_scroll_set: Mouse scroll set to 0/0[0m
[00:00:18.774,505] [0m<dbg> zmk: zmk_hid_mouse_movement_set: Mouse movement set to 0/0[0m
[00:00:18.782,287] [0m<dbg> zmk: apply_config: LISTENER INDEX: 0[0m
[00:00:18.782,318] [0m<dbg> zmk: scale_val: scaled 11 with 1/1 to 11 with remainder 0[0m
[00:00:18.782,379] [0m<dbg> zmk: apply_config: LISTENER INDEX: 0[0m
[00:00:18.782,379] [0m<dbg> zmk: scale_val: scaled 165 with 1/1 to 165 with remainder 0[0m
[00:00:18.782,409] [0m<dbg> zmk: zmk_hid_mouse_movement_set: Mouse movement set to 11/165[0m
[00:00:18.782,470] [0m<dbg> zmk: zmk_hid_mouse_scroll_set: Mouse scroll set to 0/0[0m
[00:00:18.782,470] [0m<dbg> zmk: zmk_hid_mouse_movement_set: Mouse movement set to 0/0[0m
[00:00:18.790,313] [0m<dbg> zmk: apply_config: LISTENER INDEX: 0[0m
[00:00:18.790,344] [0m<dbg> zmk: scale_val: scaled 11 with 1/1 to 11 with remainder 0[0m
[00:00:18.790,405] [0m<dbg> zmk: apply_config: LISTENER INDEX: 0[0m
[00:00:18.790,405] [0m<dbg> zmk: scale_val: scaled 197 with 1/1 to 197 with remainder 0[0m
[00:00:18.790,435] [0m<dbg> zmk: zmk_hid_mouse_movement_set: Mouse movement set to 11/197[0m
[00:00:18.790,618] [0m<dbg> zmk: zmk_hid_mouse_scroll_set: Mouse scroll set to 0/0[0m
[00:00:18.790,832] [0m<dbg> zmk: zmk_hid_mouse_movement_set: Mouse movement set to 0/0[0m
[00:00:18.798,400] [0m<dbg> zmk: apply_config: LISTENER INDEX: 0[0m
[00:00:18.798,400] [0m<dbg> zmk: scale_val: scaled 3 with 1/1 to 3 with remainder 0[0m
[00:00:18.798,461] [0m<dbg> zmk: apply_config: LISTENER INDEX: 0[0m
[00:00:18.798,492] [0m<dbg> zmk: scale_val: scaled 231 with 1/1 to 231 with remainder 0[0m
[00:00:18.798,492] [0m<dbg> zmk: zmk_hid_mouse_movement_set: Mouse movement set to 3/231[0m
[00:00:18.798,553] [0m<dbg> zmk: zmk_hid_mouse_scroll_set: Mouse scroll set to 0/0[0m
[00:00:18.798,583] [0m<dbg> zmk: zmk_hid_mouse_movement_set: Mouse movement set to 0/0[0m
[00:00:18.806,488] [0m<dbg> zmk: apply_config: LISTENER INDEX: 0[0m
[00:00:18.806,518] [0m<dbg> zmk: scale_val: scaled -2 with 1/1 to -2 with remainder 0[0m
[00:00:18.806,579] [0m<dbg> zmk: apply_config: LISTENER INDEX: 0[0m
[00:00:18.806,579] [0m<dbg> zmk: scale_val: scaled 197 with 1/1 to 197 with remainder 0[0m
[00:00:18.806,610] [0m<dbg> zmk: zmk_hid_mouse_movement_set: Mouse movement set to -2/197[0m
[00:00:18.806,671] [0m<dbg> zmk: zmk_hid_mouse_scroll_set: Mouse scroll set to 0/0[0m
[00:00:18.806,671] [0m<dbg> zmk: zmk_hid_mouse_movement_set: Mouse movement set to 0/0[0m
[00:00:18.814,697] [0m<dbg> zmk: apply_config: LISTENER INDEX: 0[0m
[00:00:18.814,727] [0m<dbg> zmk: scale_val: scaled -7 with 1/1 to -7 with remainder 0[0m
[00:00:18.814,788] [0m<dbg> zmk: apply_config: LISTENER INDEX: 0[0m
[00:00:18.814,819] [0m<dbg> zmk: scale_val: scaled 173 with 1/1 to 173 with remainder 0[0m
[00:00:18.814,819] [0m<dbg> zmk: zmk_hid_mouse_movement_set: Mouse movement set to -7/173[0m
[00:00:18.814,880] [0m<dbg> zmk: zmk_hid_mouse_scroll_set: Mouse scroll set to 0/0[0m
[00:00:18.814,880] [0m<dbg> zmk: zmk_hid_mouse_movement_set: Mouse movement set to 0/0[0m
[00:00:18.822,601] [0m<dbg> zmk: apply_config: LISTENER INDEX: 0[0m
[00:00:18.822,631] [0m<dbg> zmk: scale_val: scaled -11 with 1/1 to -11 with remainder 0[0m
[00:00:18.822,662] [0m<dbg> zmk: apply_config: LISTENER INDEX: 0[0m
[00:00:18.822,692] [0m<dbg> zmk: scale_val: scaled 144 with 1/1 to 144 with remainder 0[0m
[00:00:18.822,723] [0m<dbg> zmk: zmk_hid_mouse_movement_set: Mouse movement set to -11/144[0m
[00:00:18.822,753] [0m<dbg> zmk: zmk_hid_mouse_scroll_set: Mouse scroll set to 0/0[0m
[00:00:18.822,784] [0m<dbg> zmk: zmk_hid_mouse_movement_set: Mouse movement set to 0/0[0m
[00:00:18.831,359] [0m<dbg> zmk: apply_config: LISTENER INDEX: 0[0m
[00:00:18.831,390] [0m<dbg> zmk: scale_val: scaled -15 with 1/1 to -15 with remainder 0[0m
[00:00:18.831,451] [0m<dbg> zmk: apply_config: LISTENER INDEX: 0[0m
[00:00:18.831,481] [0m<dbg> zmk: scale_val: scaled 130 with 1/1 to 130 with remainder 0[0m
[00:00:18.831,481] [0m<dbg> zmk: zmk_hid_mouse_movement_set: Mouse movement set to -15/130[0m
[00:00:18.831,542] [0m<dbg> zmk: zmk_hid_mouse_scroll_set: Mouse scroll set to 0/0[0m
[00:00:18.831,542] [0m<dbg> zmk: zmk_hid_mouse_movement_set: Mouse movement set to 0/0[0m
[00:00:18.839,416] [0m<dbg> zmk: apply_config: LISTENER INDEX: 0[0m
[00:00:18.839,447] [0m<dbg> zmk: scale_val: scaled -24 with 1/1 to -24 with remainder 0[0m
[00:00:18.839,508] [0m<dbg> zmk: apply_config: LISTENER INDEX: 0[0m
[00:00:18.839,508] [0m<dbg> zmk: scale_val: scaled 117 with 1/1 to 117 with remainder 0[0m
[00:00:18.839,538] [0m<dbg> zmk: zmk_hid_mouse_movement_set: Mouse movement set to -24/117[0m
[00:00:18.839,599] [0m<dbg> zmk: zmk_hid_mouse_scroll_set: Mouse scroll set to 0/0[0m
[00:00:18.839,599] [0m<dbg> zmk: zmk_hid_mouse_movement_set: Mouse movement set to 0/0[0m
[00:00:18.847,473] [0m<dbg> zmk: apply_config: LISTENER INDEX: 0[0m
[00:00:18.847,503] [0m<dbg> zmk: scale_val: scaled -24 with 1/1 to -24 with remainder 0[0m
[00:00:18.847,534] [0m<dbg> zmk: apply_config: LISTENER INDEX: 0[0m
[00:00:18.847,564] [0m<dbg> zmk: scale_val: scaled 99 with 1/1 to 99 with remainder 0[0m
[00:00:18.847,595] [0m<dbg> zmk: zmk_hid_mouse_movement_set: Mouse movement set to -24/99[0m
[00:00:18.847,625] [0m<dbg> zmk: zmk_hid_mouse_scroll_set: Mouse scroll set to 0/0[0m
[00:00:18.847,656] [0m<dbg> zmk: zmk_hid_mouse_movement_set: Mouse movement set to 0/0[0m
[00:00:18.855,529] [0m<dbg> zmk: apply_config: LISTENER INDEX: 0[0m
[00:00:18.855,560] [0m<dbg> zmk: scale_val: scaled -24 with 1/1 to -24 with remainder 0[0m
[00:00:18.855,621] [0m<dbg> zmk: apply_config: LISTENER INDEX: 0[0m
[00:00:18.855,621] [0m<dbg> zmk: scale_val: scaled 87 with 1/1 to 87 with remainder 0[0m
[00:00:18.855,651] [0m<dbg> zmk: zmk_hid_mouse_movement_set: Mouse movement set to -24/87[0m
[00:00:18.855,712] [0m<dbg> zmk: zmk_hid_mouse_scroll_set: Mouse scroll set to 0/0[0m
[00:00:18.855,712] [0m<dbg> zmk: zmk_hid_mouse_movement_set: Mouse movement set to 0/0[0m
[00:00:18.862,854] [0m<dbg> zmk: apply_config: LISTENER INDEX: 0[0m
[00:00:18.862,884] [0m<dbg> zmk: scale_val: scaled -18 with 1/1 to -18 with remainder 0[0m
[00:00:18.862,945] [0m<dbg> zmk: apply_config: LISTENER INDEX: 0[0m
[00:00:18.862,945] [0m<dbg> zmk: scale_val: scaled 62 with 1/1 to 62 with remainder 0[0m
[00:00:18.862,976] [0m<dbg> zmk: zmk_hid_mouse_movement_set: Mouse movement set to -18/62[0m
[00:00:18.863,037] [0m<dbg> zmk: zmk_hid_mouse_scroll_set: Mouse scroll set to 0/0[0m
[00:00:18.863,037] [0m<dbg> zmk: zmk_hid_mouse_movement_set: Mouse movement set to 0/0[0m
[00:00:18.870,910] [0m<dbg> zmk: apply_config: LISTENER INDEX: 0[0m
[00:00:18.870,941] [0m<dbg> zmk: scale_val: scaled -15 with 1/1 to -15 with remainder 0[0m
[00:00:18.871,002] [0m<dbg> zmk: apply_config: LISTENER INDEX: 0[0m
[00:00:18.871,032] [0m<dbg> zmk: scale_val: scaled 57 with 1/1 to 57 with remainder 0[0m
[00:00:18.871,032] [0m<dbg> zmk: zmk_hid_mouse_movement_set: Mouse movement set to -15/57[0m
[00:00:18.871,093] [0m<dbg> zmk: zmk_hid_mouse_scroll_set: Mouse scroll set to 0/0[0m
[00:00:18.871,093] [0m<dbg> zmk: zmk_hid_mouse_movement_set: Mouse movement set to 0/0[0m
[00:00:18.879,058] [0m<dbg> zmk: apply_config: LISTENER INDEX: 0[0m
[00:00:18.879,089] [0m<dbg> zmk: scale_val: scaled -13 with 1/1 to -13 with remainder 0[0m
[00:00:18.879,119] [0m<dbg> zmk: apply_config: LISTENER INDEX: 0[0m
[00:00:18.879,150] [0m<dbg> zmk: scale_val: scaled 45 with 1/1 to 45 with remainder 0[0m
[00:00:18.879,180] [0m<dbg> zmk: zmk_hid_mouse_movement_set: Mouse movement set to -13/45[0m
[00:00:18.879,211] [0m<dbg> zmk: zmk_hid_mouse_scroll_set: Mouse scroll set to 0/0[0m
[00:00:18.879,241] [0m<dbg> zmk: zmk_hid_mouse_movement_set: Mouse movement set to 0/0[0m
[00:00:18.887,786] [0m<dbg> zmk: apply_config: LISTENER INDEX: 0[0m
[00:00:18.887,817] [0m<dbg> zmk: scale_val: scaled -13 with 1/1 to -13 with remainder 0[0m
[00:00:18.887,878] [0m<dbg> zmk: apply_config: LISTENER INDEX: 0[0m
[00:00:18.887,908] [0m<dbg> zmk: scale_val: scaled 45 with 1/1 to 45 with remainder 0[0m
[00:00:18.887,908] [0m<dbg> zmk: zmk_hid_mouse_movement_set: Mouse movement set to -13/45[0m
[00:00:18.887,969] [0m<dbg> zmk: zmk_hid_mouse_scroll_set: Mouse scroll set to 0/0[0m
[00:00:18.887,969] [0m<dbg> zmk: zmk_hid_mouse_movement_set: Mouse movement set to 0/0[0m
[00:00:18.895,294] [0m<dbg> zmk: apply_config: LISTENER INDEX: 0[0m
[00:00:18.895,324] [0m<dbg> zmk: scale_val: scaled -11 with 1/1 to -11 with remainder 0[0m
[00:00:18.895,385] [0m<dbg> zmk: apply_config: LISTENER INDEX: 0[0m
[00:00:18.895,385] [0m<dbg> zmk: scale_val: scaled 33 with 1/1 to 33 with remainder 0[0m
[00:00:18.895,416] [0m<dbg> zmk: zmk_hid_mouse_movement_set: Mouse movement set to -11/33[0m
[00:00:18.895,477] [0m<dbg> zmk: zmk_hid_mouse_scroll_set: Mouse scroll set to 0/0[0m
[00:00:18.895,477] [0m<dbg> zmk: zmk_hid_mouse_movement_set: Mouse movement set to 0/0[0m
[00:00:18.903,930] [0m<dbg> zmk: apply_config: LISTENER INDEX: 0[0m
[00:00:18.903,961] [0m<dbg> zmk: scale_val: scaled -11 with 1/1 to -11 with remainder 0[0m
[00:00:18.904,022] [0m<dbg> zmk: apply_config: LISTENER INDEX: 0[0m
[00:00:18.904,022] [0m<dbg> zmk: scale_val: scaled 30 with 1/1 to 30 with remainder 0[0m
[00:00:18.904,052] [0m<dbg> zmk: zmk_hid_mouse_movement_set: Mouse movement set to -11/30[0m
[00:00:18.904,144] [0m<dbg> zmk: zmk_hid_mouse_scroll_set: Mouse scroll set to 0/0[0m
[00:00:18.904,144] [0m<dbg> zmk: zmk_hid_mouse_movement_set: Mouse movement set to 0/0[0m
[00:00:18.912,017] [0m<dbg> zmk: apply_config: LISTENER INDEX: 0[0m
[00:00:18.912,048] [0m<dbg> zmk: scale_val: scaled -5 with 1/1 to -5 with remainder 0[0m
[00:00:18.912,109] [0m<dbg> zmk: apply_config: LISTENER INDEX: 0[0m
[00:00:18.912,109] [0m<dbg> zmk: scale_val: scaled 21 with 1/1 to 21 with remainder 0[0m
[00:00:18.912,139] [0m<dbg> zmk: zmk_hid_mouse_movement_set: Mouse movement set to -5/21[0m
[00:00:18.912,170] [0m<dbg> zmk: zmk_hid_mouse_scroll_set: Mouse scroll set to 0/0[0m
[00:00:18.912,200] [0m<dbg> zmk: zmk_hid_mouse_movement_set: Mouse movement set to 0/0[0m
[00:00:18.920,074] [0m<dbg> zmk: apply_config: LISTENER INDEX: 0[0m
[00:00:18.920,104] [0m<dbg> zmk: scale_val: scaled -7 with 1/1 to -7 with remainder 0[0m
[00:00:18.920,166] [0m<dbg> zmk: apply_config: LISTENER INDEX: 0[0m
[00:00:18.920,166] [0m<dbg> zmk: scale_val: scaled 18 with 1/1 to 18 with remainder 0[0m
[00:00:18.920,196] [0m<dbg> zmk: zmk_hid_mouse_movement_set: Mouse movement set to -7/18[0m
[00:00:18.920,257] [0m<dbg> zmk: zmk_hid_mouse_scroll_set: Mouse scroll set to 0/0[0m
[00:00:18.920,257] [0m<dbg> zmk: zmk_hid_mouse_movement_set: Mouse movement set to 0/0[0m
[00:00:18.928,283] [0m<dbg> zmk: apply_config: LISTENER INDEX: 0[0m
[00:00:18.928,314] [0m<dbg> zmk: scale_val: scaled -3 with 1/1 to -3 with remainder 0[0m
[00:00:18.928,375] [0m<dbg> zmk: apply_config: LISTENER INDEX: 0[0m
[00:00:18.928,405] [0m<dbg> zmk: scale_val: scaled 13 with 1/1 to 13 with remainder 0[0m
[00:00:18.928,405] [0m<dbg> zmk: zmk_hid_mouse_movement_set: Mouse movement set to -3/13[0m
[00:00:18.928,466] [0m<dbg> zmk: zmk_hid_mouse_scroll_set: Mouse scroll set to 0/0[0m
[00:00:18.928,466] [0m<dbg> zmk: zmk_hid_mouse_movement_set: Mouse movement set to 0/0[0m
[00:00:18.935,424] [0m<dbg> zmk: apply_config: LISTENER INDEX: 0[0m
[00:00:18.935,455] [0m<dbg> zmk: scale_val: scaled -2 with 1/1 to -2 with remainder 0[0m
[00:00:18.935,516] [0m<dbg> zmk: apply_config: LISTENER INDEX: 0[0m
[00:00:18.935,546] [0m<dbg> zmk: scale_val: scaled 11 with 1/1 to 11 with remainder 0[0m
[00:00:18.935,546] [0m<dbg> zmk: zmk_hid_mouse_movement_set: Mouse movement set to -2/11[0m
[00:00:18.935,668] [0m<dbg> zmk: zmk_hid_mouse_scroll_set: Mouse scroll set to 0/0[0m
[00:00:18.935,668] [0m<dbg> zmk: zmk_hid_mouse_movement_set: Mouse movement set to 0/0[0m
[00:00:18.944,396] [0m<dbg> zmk: apply_config: LISTENER INDEX: 0[0m
[00:00:18.944,396] [0m<dbg> zmk: scale_val: scaled -1 with 1/1 to -1 with remainder 0[0m
[00:00:18.944,458] [0m<dbg> zmk: apply_config: LISTENER INDEX: 0[0m
[00:00:18.944,488] [0m<dbg> zmk: scale_val: scaled 9 with 1/1 to 9 with remainder 0[0m
[00:00:18.944,488] [0m<dbg> zmk: zmk_hid_mouse_movement_set: Mouse movement set to -1/9[0m
[00:00:18.944,549] [0m<dbg> zmk: zmk_hid_mouse_scroll_set: Mouse scroll set to 0/0[0m
[00:00:18.944,580] [0m<dbg> zmk: zmk_hid_mouse_movement_set: Mouse movement set to 0/0[0m
[00:00:18.951,019] [0m<dbg> zmk: apply_config: LISTENER INDEX: 0[0m
[00:00:18.951,049] [0m<dbg> zmk: scale_val: scaled 0 with 1/1 to 0 with remainder 0[0m
[00:00:18.951,110] [0m<dbg> zmk: apply_config: LISTENER INDEX: 0[0m
[00:00:18.951,110] [0m<dbg> zmk: scale_val: scaled 1 with 1/1 to 1 with remainder 0[0m
[00:00:18.951,141] [0m<dbg> zmk: zmk_hid_mouse_movement_set: Mouse movement set to 0/1[0m
[00:00:18.951,202] [0m<dbg> zmk: zmk_hid_mouse_scroll_set: Mouse scroll set to 0/0[0m
[00:00:18.951,202] [0m<dbg> zmk: zmk_hid_mouse_movement_set: Mouse movement set to 0/0[0m
[00:00:19.136,444] [0m<dbg> zmk: apply_config: LISTENER INDEX: 0[0m
[00:00:19.136,474] [0m<dbg> zmk: scale_val: scaled 1 with 1/1 to 1 with remainder 0[0m
[00:00:19.136,535] [0m<dbg> zmk: apply_config: LISTENER INDEX: 0[0m
[00:00:19.136,535] [0m<dbg> zmk: scale_val: scaled 0 with 1/1 to 0 with remainder 0[0m
[00:00:19.136,566] [0m<dbg> zmk: zmk_hid_mouse_movement_set: Mouse movement set to 1/0[0m
[00:00:19.136,596] [0m<dbg> zmk: zmk_hid_mouse_scroll_set: Mouse scroll set to 0/0[0m
[00:00:19.136,627] [0m<dbg> zmk: zmk_hid_mouse_movement_set: Mouse movement set to 0/0[0m
[00:00:19.153,259] [0m<dbg> zmk: apply_config: LISTENER INDEX: 0[0m
[00:00:19.153,259] [0m<dbg> zmk: scale_val: scaled 21 with 1/1 to 21 with remainder 0[0m
[00:00:19.153,320] [0m<dbg> zmk: apply_config: LISTENER INDEX: 0[0m
[00:00:19.153,350] [0m<dbg> zmk: scale_val: scaled 9 with 1/1 to 9 with remainder 0[0m
[00:00:19.153,350] [0m<dbg> zmk: zmk_hid_mouse_movement_set: Mouse movement set to 21/9[0m
[00:00:19.153,411] [0m<dbg> zmk: zmk_hid_mouse_scroll_set: Mouse scroll set to 0/0[0m
[00:00:19.153,442] [0m<dbg> zmk: zmk_hid_mouse_movement_set: Mouse movement set to 0/0[0m
[00:00:19.161,163] [0m<dbg> zmk: apply_config: LISTENER INDEX: 0[0m
[00:00:19.161,193] [0m<dbg> zmk: scale_val: scaled 62 with 1/1 to 62 with remainder 0[0m
[00:00:19.161,224] [0m<dbg> zmk: apply_config: LISTENER INDEX: 0[0m
[00:00:19.161,254] [0m<dbg> zmk: scale_val: scaled 13 with 1/1 to 13 with remainder 0[0m
[00:00:19.161,285] [0m<dbg> zmk: zmk_hid_mouse_movement_set: Mouse movement set to 62/13[0m
[00:00:19.161,346] [0m<dbg> zmk: zmk_hid_mouse_scroll_set: Mouse scroll set to 0/0[0m
[00:00:19.161,346] [0m<dbg> zmk: zmk_hid_mouse_movement_set: Mouse movement set to 0/0[0m
[00:00:19.169,219] [0m<dbg> zmk: apply_config: LISTENER INDEX: 0[0m
[00:00:19.169,250] [0m<dbg> zmk: scale_val: scaled 87 with 1/1 to 87 with remainder 0[0m
[00:00:19.169,311] [0m<dbg> zmk: apply_config: LISTENER INDEX: 0[0m
[00:00:19.169,311] [0m<dbg> zmk: scale_val: scaled 15 with 1/1 to 15 with remainder 0[0m
[00:00:19.169,342] [0m<dbg> zmk: zmk_hid_mouse_movement_set: Mouse movement set to 87/15[0m
[00:00:19.169,403] [0m<dbg> zmk: zmk_hid_mouse_scroll_set: Mouse scroll set to 0/0[0m
[00:00:19.169,403] [0m<dbg> zmk: zmk_hid_mouse_movement_set: Mouse movement set to 0/0[0m
[00:00:19.177,368] [0m<dbg> zmk: apply_config: LISTENER INDEX: 0[0m
[00:00:19.177,398] [0m<dbg> zmk: scale_val: scaled 93 with 1/1 to 93 with remainder 0[0m
[00:00:19.177,459] [0m<dbg> zmk: apply_config: LISTENER INDEX: 0[0m
[00:00:19.177,459] [0m<dbg> zmk: scale_val: scaled 18 with 1/1 to 18 with remainder 0[0m
[00:00:19.177,490] [0m<dbg> zmk: zmk_hid_mouse_movement_set: Mouse movement set to 93/18[0m
[00:00:19.177,551] [0m<dbg> zmk: zmk_hid_mouse_scroll_set: Mouse scroll set to 0/0[0m
[00:00:19.177,581] [0m<dbg> zmk: zmk_hid_mouse_movement_set: Mouse movement set to 0/0[0m
[00:00:19.185,485] [0m<dbg> zmk: apply_config: LISTENER INDEX: 0[0m
[00:00:19.185,516] [0m<dbg> zmk: scale_val: scaled 93 with 1/1 to 93 with remainder 0[0m
[00:00:19.185,546] [0m<dbg> zmk: apply_config: LISTENER INDEX: 0[0m
[00:00:19.185,577] [0m<dbg> zmk: scale_val: scaled 18 with 1/1 to 18 with remainder 0[0m
[00:00:19.185,577] [0m<dbg> zmk: zmk_hid_mouse_movement_set: Mouse movement set to 93/18[0m
[00:00:19.185,638] [0m<dbg> zmk: zmk_hid_mouse_scroll_set: Mouse scroll set to 0/0[0m
[00:00:19.185,668] [0m<dbg> zmk: zmk_hid_mouse_movement_set: Mouse movement set to 0/0[0m
[00:00:19.193,603] [0m<dbg> zmk: apply_config: LISTENER INDEX: 0[0m
[00:00:19.193,634] [0m<dbg> zmk: scale_val: scaled 87 with 1/1 to 87 with remainder 0[0m
[00:00:19.193,695] [0m<dbg> zmk: apply_config: LISTENER INDEX: 0[0m
[00:00:19.193,725] [0m<dbg> zmk: scale_val: scaled 18 with 1/1 to 18 with remainder 0[0m
[00:00:19.193,756] [0m<dbg> zmk: zmk_hid_mouse_movement_set: Mouse movement set to 87/18[0m
[00:00:19.193,817] [0m<dbg> zmk: zmk_hid_mouse_scroll_set: Mouse scroll set to 0/0[0m
[00:00:19.193,817] [0m<dbg> zmk: zmk_hid_mouse_movement_set: Mouse movement set to 0/0[0m
[00:00:19.201,477] [0m<dbg> zmk: apply_config: LISTENER INDEX: 0[0m
[00:00:19.201,507] [0m<dbg> zmk: scale_val: scaled 77 with 1/1 to 77 with remainder 0[0m
[00:00:19.201,568] [0m<dbg> zmk: apply_config: LISTENER INDEX: 0[0m
[00:00:19.201,599] [0m<dbg> zmk: scale_val: scaled 15 with 1/1 to 15 with remainder 0[0m
[00:00:19.201,599] [0m<dbg> zmk: zmk_hid_mouse_movement_set: Mouse movement set to 77/15[0m
[00:00:19.201,660] [0m<dbg> zmk: zmk_hid_mouse_scroll_set: Mouse scroll set to 0/0[0m
[00:00:19.201,690] [0m<dbg> zmk: zmk_hid_mouse_movement_set: Mouse movement set to 0/0[0m
[00:00:19.209,533] [0m<dbg> zmk: apply_config: LISTENER INDEX: 0[0m
[00:00:19.209,533] [0m<dbg> zmk: scale_val: scaled 77 with 1/1 to 77 with remainder 0[0m
[00:00:19.209,594] [0m<dbg> zmk: apply_config: LISTENER INDEX: 0[0m
[00:00:19.209,625] [0m<dbg> zmk: scale_val: scaled 15 with 1/1 to 15 with remainder 0[0m
[00:00:19.209,625] [0m<dbg> zmk: zmk_hid_mouse_movement_set: Mouse movement set to 77/15[0m
[00:00:19.209,838] [0m<dbg> zmk: zmk_hid_mouse_scroll_set: Mouse scroll set to 0/0[0m
[00:00:19.209,869] [0m<dbg> zmk: zmk_hid_mouse_movement_set: Mouse movement set to 0/0[0m
[00:00:19.217,590] [0m<dbg> zmk: apply_config: LISTENER INDEX: 0[0m
[00:00:19.217,590] [0m<dbg> zmk: scale_val: scaled 77 with 1/1 to 77 with remainder 0[0m
[00:00:19.217,651] [0m<dbg> zmk: apply_config: LISTENER INDEX: 0[0m
[00:00:19.217,681] [0m<dbg> zmk: scale_val: scaled 15 with 1/1 to 15 with remainder 0[0m
[00:00:19.217,681] [0m<dbg> zmk: zmk_hid_mouse_movement_set: Mouse movement set to 77/15[0m
[00:00:19.217,742] [0m<dbg> zmk: zmk_hid_mouse_scroll_set: Mouse scroll set to 0/0[0m
[00:00:19.217,742] [0m<dbg> zmk: zmk_hid_mouse_movement_set: Mouse movement set to 0/0[0m
[00:00:19.225,646] [0m<dbg> zmk: apply_config: LISTENER INDEX: 0[0m
[00:00:19.225,646] [0m<dbg> zmk: scale_val: scaled 77 with 1/1 to 77 with remainder 0[0m
[00:00:19.225,708] [0m<dbg> zmk: apply_config: LISTENER INDEX: 0[0m
[00:00:19.225,738] [0m<dbg> zmk: scale_val: scaled 11 with 1/1 to 11 with remainder 0[0m
[00:00:19.225,738] [0m<dbg> zmk: zmk_hid_mouse_movement_set: Mouse movement set to 77/11[0m
[00:00:19.225,799] [0m<dbg> zmk: zmk_hid_mouse_scroll_set: Mouse scroll set to 0/0[0m
[00:00:19.225,830] [0m<dbg> zmk: zmk_hid_mouse_movement_set: Mouse movement set to 0/0[0m
[00:00:19.234,680] [0m<dbg> zmk: apply_config: LISTENER INDEX: 0[0m
[00:00:19.234,680] [0m<dbg> zmk: scale_val: scaled 72 with 1/1 to 72 with remainder 0[0m
[00:00:19.234,741] [0m<dbg> zmk: apply_config: LISTENER INDEX: 0[0m
[00:00:19.234,771] [0m<dbg> zmk: scale_val: scaled 11 with 1/1 to 11 with remainder 0[0m
[00:00:19.234,771] [0m<dbg> zmk: zmk_hid_mouse_movement_set: Mouse movement set to 72/11[0m
[00:00:19.234,832] [0m<dbg> zmk: zmk_hid_mouse_scroll_set: Mouse scroll set to 0/0[0m
[00:00:19.234,863] [0m<dbg> zmk: zmk_hid_mouse_movement_set: Mouse movement set to 0/0[0m
[00:00:19.242,492] [0m<dbg> zmk: apply_config: LISTENER INDEX: 0[0m
[00:00:19.242,523] [0m<dbg> zmk: scale_val: scaled 62 with 1/1 to 62 with remainder 0[0m
[00:00:19.242,584] [0m<dbg> zmk: apply_config: LISTENER INDEX: 0[0m
[00:00:19.242,614] [0m<dbg> zmk: scale_val: scaled 7 with 1/1 to 7 with remainder 0[0m
[00:00:19.242,614] [0m<dbg> zmk: zmk_hid_mouse_movement_set: Mouse movement set to 62/7[0m
[00:00:19.242,675] [0m<dbg> zmk: zmk_hid_mouse_scroll_set: Mouse scroll set to 0/0[0m
[00:00:19.242,675] [0m<dbg> zmk: zmk_hid_mouse_movement_set: Mouse movement set to 0/0[0m
[00:00:19.249,816] [0m<dbg> zmk: apply_config: LISTENER INDEX: 0[0m
[00:00:19.249,847] [0m<dbg> zmk: scale_val: scaled 57 with 1/1 to 57 with remainder 0[0m
[00:00:19.249,877] [0m<dbg> zmk: apply_config: LISTENER INDEX: 0[0m
[00:00:19.249,908] [0m<dbg> zmk: scale_val: scaled 5 with 1/1 to 5 with remainder 0[0m
[00:00:19.249,938] [0m<dbg> zmk: zmk_hid_mouse_movement_set: Mouse movement set to 57/5[0m
[00:00:19.250,000] [0m<dbg> zmk: zmk_hid_mouse_scroll_set: Mouse scroll set to 0/0[0m
[00:00:19.250,000] [0m<dbg> zmk: zmk_hid_mouse_movement_set: Mouse movement set to 0/0[0m
[00:00:19.257,843] [0m<dbg> zmk: apply_config: LISTENER INDEX: 0[0m
[00:00:19.257,873] [0m<dbg> zmk: scale_val: scaled 41 with 1/1 to 41 with remainder 0[0m
[00:00:19.257,934] [0m<dbg> zmk: apply_config: LISTENER INDEX: 0[0m
[00:00:19.257,934] [0m<dbg> zmk: scale_val: scaled 5 with 1/1 to 5 with remainder 0[0m
[00:00:19.257,965] [0m<dbg> zmk: zmk_hid_mouse_movement_set: Mouse movement set to 41/5[0m
[00:00:19.258,392] [0m<dbg> zmk: zmk_hid_mouse_scroll_set: Mouse scroll set to 0/0[0m
[00:00:19.258,422] [0m<dbg> zmk: zmk_hid_mouse_movement_set: Mouse movement set to 0/0[0m
[00:00:19.266,937] [0m<dbg> zmk: apply_config: LISTENER INDEX: 0[0m
[00:00:19.266,967] [0m<dbg> zmk: scale_val: scaled 33 with 1/1 to 33 with remainder 0[0m
[00:00:19.266,998] [0m<dbg> zmk: apply_config: LISTENER INDEX: 0[0m
[00:00:19.267,028] [0m<dbg> zmk: scale_val: scaled 5 with 1/1 to 5 with remainder 0[0m
[00:00:19.267,059] [0m<dbg> zmk: zmk_hid_mouse_movement_set: Mouse movement set to 33/5[0m
[00:00:19.267,089] [0m<dbg> zmk: zmk_hid_mouse_scroll_set: Mouse scroll set to 0/0[0m
[00:00:19.267,120] [0m<dbg> zmk: zmk_hid_mouse_movement_set: Mouse movement set to 0/0[0m
[00:00:19.274,719] [0m<dbg> zmk: apply_config: LISTENER INDEX: 0[0m
[00:00:19.274,749] [0m<dbg> zmk: scale_val: scaled 33 with 1/1 to 33 with remainder 0[0m
[00:00:19.274,780] [0m<dbg> zmk: apply_config: LISTENER INDEX: 0[0m
[00:00:19.274,810] [0m<dbg> zmk: scale_val: scaled 3 with 1/1 to 3 with remainder 0[0m
[00:00:19.274,841] [0m<dbg> zmk: zmk_hid_mouse_movement_set: Mouse movement set to 33/3[0m
[00:00:19.274,871] [0m<dbg> zmk: zmk_hid_mouse_scroll_set: Mouse scroll set to 0/0[0m
[00:00:19.274,902] [0m<dbg> zmk: zmk_hid_mouse_movement_set: Mouse movement set to 0/0[0m
[00:00:19.282,745] [0m<dbg> zmk: apply_config: LISTENER INDEX: 0[0m
[00:00:19.282,775] [0m<dbg> zmk: scale_val: scaled 21 with 1/1 to 21 with remainder 0[0m
[00:00:19.282,836] [0m<dbg> zmk: apply_config: LISTENER INDEX: 0[0m
[00:00:19.282,867] [0m<dbg> zmk: scale_val: scaled 3 with 1/1 to 3 with remainder 0[0m
[00:00:19.282,867] [0m<dbg> zmk: zmk_hid_mouse_movement_set: Mouse movement set to 21/3[0m
[00:00:19.282,928] [0m<dbg> zmk: zmk_hid_mouse_scroll_set: Mouse scroll set to 0/0[0m
[00:00:19.282,928] [0m<dbg> zmk: zmk_hid_mouse_movement_set: Mouse movement set to 0/0[0m
[00:00:19.290,863] [0m<dbg> zmk: apply_config: LISTENER INDEX: 0[0m
[00:00:19.290,893] [0m<dbg> zmk: scale_val: scaled 15 with 1/1 to 15 with remainder 0[0m
[00:00:19.290,954] [0m<dbg> zmk: apply_config: LISTENER INDEX: 0[0m
[00:00:19.290,954] [0m<dbg> zmk: scale_val: scaled 2 with 1/1 to 2 with remainder 0[0m
[00:00:19.290,985] [0m<dbg> zmk: zmk_hid_mouse_movement_set: Mouse movement set to 15/2[0m
[00:00:19.291,046] [0m<dbg> zmk: zmk_hid_mouse_scroll_set: Mouse scroll set to 0/0[0m
[00:00:19.291,046] [0m<dbg> zmk: zmk_hid_mouse_movement_set: Mouse movement set to 0/0[0m
[00:00:19.297,668] [0m<dbg> zmk: apply_config: LISTENER INDEX: 0[0m
[00:00:19.297,790] [0m<dbg> zmk: scale_val: scaled 1 with 1/1 to 1 with remainder 0[0m
[00:00:19.297,821] [0m<dbg> zmk: apply_config: LISTENER INDEX: 0[0m
[00:00:19.297,851] [0m<dbg> zmk: scale_val: scaled 0 with 1/1 to 0 with remainder 0[0m
[00:00:19.297,882] [0m<dbg> zmk: zmk_hid_mouse_movement_set: Mouse movement set to 1/0[0m
[00:00:19.297,943] [0m<dbg> zmk: zmk_hid_mouse_scroll_set: Mouse scroll set to 0/0[0m
[00:00:19.297,943] [0m<dbg> zmk: zmk_hid_mouse_movement_set: Mouse movement set to 0/0[0m
[00:00:19.329,895] [0m<dbg> zmk: apply_config: LISTENER INDEX: 0[0m
[00:00:19.329,925] [0m<dbg> zmk: scale_val: scaled 1 with 1/1 to 1 with remainder 0[0m
[00:00:19.329,986] [0m<dbg> zmk: apply_config: LISTENER INDEX: 0[0m
[00:00:19.329,986] [0m<dbg> zmk: scale_val: scaled 1 with 1/1 to 1 with remainder 0[0m
[00:00:19.330,017] [0m<dbg> zmk: zmk_hid_mouse_movement_set: Mouse movement set to 1/1[0m
[00:00:19.330,047] [0m<dbg> zmk: zmk_hid_mouse_scroll_set: Mouse scroll set to 0/0[0m
[00:00:19.330,078] [0m<dbg> zmk: zmk_hid_mouse_movement_set: Mouse movement set to 0/0[0m
[00:00:19.337,951] [0m<dbg> zmk: apply_config: LISTENER INDEX: 0[0m
[00:00:19.337,951] [0m<dbg> zmk: scale_val: scaled 1 with 1/1 to 1 with remainder 0[0m
[00:00:19.338,012] [0m<dbg> zmk: apply_config: LISTENER INDEX: 0[0m
[00:00:19.338,043] [0m<dbg> zmk: scale_val: scaled 0 with 1/1 to 0 with remainder 0[0m
[00:00:19.338,073] [0m<dbg> zmk: zmk_hid_mouse_movement_set: Mouse movement set to 1/0[0m
[00:00:19.338,104] [0m<dbg> zmk: zmk_hid_mouse_scroll_set: Mouse scroll set to 0/0[0m
[00:00:19.338,134] [0m<dbg> zmk: zmk_hid_mouse_movement_set: Mouse movement set to 0/0[0m
[00:00:19.354,095] [0m<dbg> zmk: apply_config: LISTENER INDEX: 0[0m
[00:00:19.354,095] [0m<dbg> zmk: scale_val: scaled 0 with 1/1 to 0 with remainder 0[0m
[00:00:19.354,156] [0m<dbg> zmk: apply_config: LISTENER INDEX: 0[0m
[00:00:19.354,187] [0m<dbg> zmk: scale_val: scaled 1 with 1/1 to 1 with remainder 0[0m
[00:00:19.354,187] [0m<dbg> zmk: zmk_hid_mouse_movement_set: Mouse movement set to 0/1[0m
[00:00:19.354,248] [0m<dbg> zmk: zmk_hid_mouse_scroll_set: Mouse scroll set to 0/0[0m
[00:00:19.354,278] [0m<dbg> zmk: zmk_hid_mouse_movement_set: Mouse movement set to 0/0[0m
[00:00:19.378,387] [0m<dbg> zmk: apply_config: LISTENER INDEX: 0[0m
[00:00:19.378,387] [0m<dbg> zmk: scale_val: scaled 1 with 1/1 to 1 with remainder 0[0m
[00:00:19.378,448] [0m<dbg> zmk: apply_config: LISTENER INDEX: 0[0m
[00:00:19.378,479] [0m<dbg> zmk: scale_val: scaled 0 with 1/1 to 0 with remainder 0[0m
[00:00:19.378,479] [0m<dbg> zmk: zmk_hid_mouse_movement_set: Mouse movement set to 1/0[0m
[00:00:19.378,540] [0m<dbg> zmk: zmk_hid_mouse_scroll_set: Mouse scroll set to 0/0[0m
[00:00:19.378,570] [0m<dbg> zmk: zmk_hid_mouse_movement_set: Mouse movement set to 0/0[0m
[00:00:19.468,322] [0m<dbg> zmk: apply_config: LISTENER INDEX: 0[0m
[00:00:19.468,353] [0m<dbg> zmk: scale_val: scaled 3 with 1/1 to 3 with remainder 0[0m
[00:00:19.468,414] [0m<dbg> zmk: apply_config: LISTENER INDEX: 0[0m
[00:00:19.468,414] [0m<dbg> zmk: scale_val: scaled 1 with 1/1 to 1 with remainder 0[0m
[00:00:19.468,444] [0m<dbg> zmk: zmk_hid_mouse_movement_set: Mouse movement set to 3/1[0m
[00:00:19.468,505] [0m<dbg> zmk: zmk_hid_mouse_scroll_set: Mouse scroll set to 0/0[0m
[00:00:19.468,505] [0m<dbg> zmk: zmk_hid_mouse_movement_set: Mouse movement set to 0/0[0m
[00:00:19.476,287] [0m<dbg> zmk: apply_config: LISTENER INDEX: 0[0m
[00:00:19.476,318] [0m<dbg> zmk: scale_val: scaled 11 with 1/1 to 11 with remainder 0[0m
[00:00:19.476,348] [0m<dbg> zmk: apply_config: LISTENER INDEX: 0[0m
[00:00:19.476,379] [0m<dbg> zmk: scale_val: scaled 2 with 1/1 to 2 with remainder 0[0m
[00:00:19.476,409] [0m<dbg> zmk: zmk_hid_mouse_movement_set: Mouse movement set to 11/2[0m
[00:00:19.476,470] [0m<dbg> zmk: zmk_hid_mouse_scroll_set: Mouse scroll set to 0/0[0m
[00:00:19.476,470] [0m<dbg> zmk: zmk_hid_mouse_movement_set: Mouse movement set to 0/0[0m
[00:00:19.483,581] [0m<dbg> zmk: apply_config: LISTENER INDEX: 0[0m
[00:00:19.483,734] [0m<dbg> zmk: scale_val: scaled 9 with 1/1 to 9 with remainder 0[0m
[00:00:19.483,856] [0m<dbg> zmk: apply_config: LISTENER INDEX: 0[0m
[00:00:19.483,886] [0m<dbg> zmk: scale_val: scaled 3 with 1/1 to 3 with remainder 0[0m
[00:00:19.483,917] [0m<dbg> zmk: zmk_hid_mouse_movement_set: Mouse movement set to 9/3[0m
[00:00:19.483,947] [0m<dbg> zmk: zmk_hid_mouse_scroll_set: Mouse scroll set to 0/0[0m
[00:00:19.483,978] [0m<dbg> zmk: zmk_hid_mouse_movement_set: Mouse movement set to 0/0[0m
[00:00:19.492,431] [0m<dbg> zmk: apply_config: LISTENER INDEX: 0[0m
[00:00:19.492,462] [0m<dbg> zmk: scale_val: scaled 13 with 1/1 to 13 with remainder 0[0m
[00:00:19.492,523] [0m<dbg> zmk: apply_config: LISTENER INDEX: 0[0m
[00:00:19.492,553] [0m<dbg> zmk: scale_val: scaled 5 with 1/1 to 5 with remainder 0[0m
[00:00:19.492,553] [0m<dbg> zmk: zmk_hid_mouse_movement_set: Mouse movement set to 13/5[0m
[00:00:19.492,614] [0m<dbg> zmk: zmk_hid_mouse_scroll_set: Mouse scroll set to 0/0[0m
[00:00:19.492,614] [0m<dbg> zmk: zmk_hid_mouse_movement_set: Mouse movement set to 0/0[0m
[00:00:19.500,793] [0m<dbg> zmk: apply_config: LISTENER INDEX: 0[0m
[00:00:19.500,793] [0m<dbg> zmk: scale_val: scaled 9 with 1/1 to 9 with remainder 0[0m
[00:00:19.500,854] [0m<dbg> zmk: apply_config: LISTENER INDEX: 0[0m
[00:00:19.500,885] [0m<dbg> zmk: scale_val: scaled 3 with 1/1 to 3 with remainder 0[0m
[00:00:19.500,885] [0m<dbg> zmk: zmk_hid_mouse_movement_set: Mouse movement set to 9/3[0m
[00:00:19.500,946] [0m<dbg> zmk: zmk_hid_mouse_scroll_set: Mouse scroll set to 0/0[0m
[00:00:19.500,946] [0m<dbg> zmk: zmk_hid_mouse_movement_set: Mouse movement set to 0/0[0m
[00:00:19.508,544] [0m<dbg> zmk: apply_config: LISTENER INDEX: 0[0m
[00:00:19.508,575] [0m<dbg> zmk: scale_val: scaled 7 with 1/1 to 7 with remainder 0[0m
[00:00:19.508,636] [0m<dbg> zmk: apply_config: LISTENER INDEX: 0[0m
[00:00:19.508,636] [0m<dbg> zmk: scale_val: scaled 2 with 1/1 to 2 with remainder 0[0m
[00:00:19.508,666] [0m<dbg> zmk: zmk_hid_mouse_movement_set: Mouse movement set to 7/2[0m
[00:00:19.508,728] [0m<dbg> zmk: zmk_hid_mouse_scroll_set: Mouse scroll set to 0/0[0m
[00:00:19.508,728] [0m<dbg> zmk: zmk_hid_mouse_movement_set: Mouse movement set to 0/0[0m
[00:00:19.516,601] [0m<dbg> zmk: apply_config: LISTENER INDEX: 0[0m
[00:00:19.516,632] [0m<dbg> zmk: scale_val: scaled 3 with 1/1 to 3 with remainder 0[0m
[00:00:19.516,693] [0m<dbg> zmk: apply_config: LISTENER INDEX: 0[0m
[00:00:19.516,693] [0m<dbg> zmk: scale_val: scaled 2 with 1/1 to 2 with remainder 0[0m
[00:00:19.516,723] [0m<dbg> zmk: zmk_hid_mouse_movement_set: Mouse movement set to 3/2[0m
[00:00:19.516,784] [0m<dbg> zmk: zmk_hid_mouse_scroll_set: Mouse scroll set to 0/0[0m
[00:00:19.516,784] [0m<dbg> zmk: zmk_hid_mouse_movement_set: Mouse movement set to 0/0[0m
[00:00:19.644,317] [0m<dbg> zmk: apply_config: LISTENER INDEX: 0[0m
[00:00:19.644,348] [0m<dbg> zmk: scale_val: scaled 1 with 1/1 to 1 with remainder 0[0m
[00:00:19.644,409] [0m<dbg> zmk: apply_config: LISTENER INDEX: 0[0m
[00:00:19.644,439] [0m<dbg> zmk: scale_val: scaled 0 with 1/1 to 0 with remainder 0[0m
[00:00:19.644,439] [0m<dbg> zmk: zmk_hid_mouse_movement_set: Mouse movement set to 1/0[0m
[00:00:19.644,500] [0m<dbg> zmk: zmk_hid_mouse_scroll_set: Mouse scroll set to 0/0[0m
[00:00:19.644,500] [0m<dbg> zmk: zmk_hid_mouse_movement_set: Mouse movement set to 0/0[0m
[00:00:19.708,770] [0m<dbg> zmk: apply_config: LISTENER INDEX: 0[0m
[00:00:19.708,801] [0m<dbg> zmk: scale_val: scaled -2 with 1/1 to -2 with remainder 0[0m
[00:00:19.708,862] [0m<dbg> zmk: apply_config: LISTENER INDEX: 0[0m
[00:00:19.708,892] [0m<dbg> zmk: scale_val: scaled 2 with 1/1 to 2 with remainder 0[0m
[00:00:19.708,892] [0m<dbg> zmk: zmk_hid_mouse_movement_set: Mouse movement set to -2/2[0m
[00:00:19.708,953] [0m<dbg> zmk: zmk_hid_mouse_scroll_set: Mouse scroll set to 0/0[0m
[00:00:19.708,984] [0m<dbg> zmk: zmk_hid_mouse_movement_set: Mouse movement set to 0/0[0m
[00:00:19.716,796] [0m<dbg> zmk: apply_config: LISTENER INDEX: 0[0m
[00:00:19.716,827] [0m<dbg> zmk: scale_val: scaled -1 with 1/1 to -1 with remainder 0[0m
[00:00:19.716,857] [0m<dbg> zmk: apply_config: LISTENER INDEX: 0[0m
[00:00:19.717,102] [0m<dbg> zmk: scale_val: scaled 0 with 1/1 to 0 with remainder 0[0m
[00:00:19.717,163] [0m<dbg> zmk: zmk_hid_mouse_movement_set: Mouse movement set to -1/0[0m
[00:00:19.717,285] [0m<dbg> zmk: zmk_hid_mouse_scroll_set: Mouse scroll set to 0/0[0m
[00:00:19.717,315] [0m<dbg> zmk: zmk_hid_mouse_movement_set: Mouse movement set to 0/0[0m
[00:00:19.725,463] [0m<dbg> zmk: apply_config: LISTENER INDEX: 0[0m
[00:00:19.725,616] [0m<dbg> zmk: scale_val: scaled 21 with 1/1 to 21 with remainder 0[0m
[00:00:19.725,769] [0m<dbg> zmk: apply_config: LISTENER INDEX: 0[0m
[00:00:19.725,769] [0m<dbg> zmk: scale_val: scaled 13 with 1/1 to 13 with remainder 0[0m
[00:00:19.725,799] [0m<dbg> zmk: zmk_hid_mouse_movement_set: Mouse movement set to 21/13[0m
[00:00:19.725,860] [0m<dbg> zmk: zmk_hid_mouse_scroll_set: Mouse scroll set to 0/0[0m
[00:00:19.725,860] [0m<dbg> zmk: zmk_hid_mouse_movement_set: Mouse movement set to 0/0[0m
[00:00:19.733,520] [0m<dbg> zmk: apply_config: LISTENER INDEX: 0[0m
[00:00:19.733,551] [0m<dbg> zmk: scale_val: scaled 67 with 1/1 to 67 with remainder 0[0m
[00:00:19.733,581] [0m<dbg> zmk: apply_config: LISTENER INDEX: 0[0m
[00:00:19.733,612] [0m<dbg> zmk: scale_val: scaled 33 with 1/1 to 33 with remainder 0[0m
[00:00:19.733,642] [0m<dbg> zmk: zmk_hid_mouse_movement_set: Mouse movement set to 67/33[0m
[00:00:19.733,673] [0m<dbg> zmk: zmk_hid_mouse_scroll_set: Mouse scroll set to 0/0[0m
[00:00:19.733,703] [0m<dbg> zmk: zmk_hid_mouse_movement_set: Mouse movement set to 0/0[0m
[00:00:19.741,577] [0m<dbg> zmk: apply_config: LISTENER INDEX: 0[0m
[00:00:19.741,577] [0m<dbg> zmk: scale_val: scaled 117 with 1/1 to 117 with remainder 0[0m
[00:00:19.741,638] [0m<dbg> zmk: apply_config: LISTENER INDEX: 0[0m
[00:00:19.741,668] [0m<dbg> zmk: scale_val: scaled 49 with 1/1 to 49 with remainder 0[0m
[00:00:19.741,668] [0m<dbg> zmk: zmk_hid_mouse_movement_set: Mouse movement set to 117/49[0m
[00:00:19.741,729] [0m<dbg> zmk: zmk_hid_mouse_scroll_set: Mouse scroll set to 0/0[0m
[00:00:19.741,760] [0m<dbg> zmk: zmk_hid_mouse_movement_set: Mouse movement set to 0/0[0m
[00:00:19.749,725] [0m<dbg> zmk: apply_config: LISTENER INDEX: 0[0m
[00:00:19.749,725] [0m<dbg> zmk: scale_val: scaled 111 with 1/1 to 111 with remainder 0[0m
[00:00:19.749,786] [0m<dbg> zmk: apply_config: LISTENER INDEX: 0[0m
[00:00:19.749,816] [0m<dbg> zmk: scale_val: scaled 53 with 1/1 to 53 with remainder 0[0m
[00:00:19.749,816] [0m<dbg> zmk: zmk_hid_mouse_movement_set: Mouse movement set to 111/53[0m
[00:00:19.749,877] [0m<dbg> zmk: zmk_hid_mouse_scroll_set: Mouse scroll set to 0/0[0m
[00:00:19.749,908] [0m<dbg> zmk: zmk_hid_mouse_movement_set: Mouse movement set to 0/0[0m
[00:00:19.757,690] [0m<dbg> zmk: apply_config: LISTENER INDEX: 0[0m
[00:00:19.757,720] [0m<dbg> zmk: scale_val: scaled 111 with 1/1 to 111 with remainder 0[0m
[00:00:19.757,781] [0m<dbg> zmk: apply_config: LISTENER INDEX: 0[0m
[00:00:19.757,812] [0m<dbg> zmk: scale_val: scaled 49 with 1/1 to 49 with remainder 0[0m
[00:00:19.757,812] [0m<dbg> zmk: zmk_hid_mouse_movement_set: Mouse movement set to 111/49[0m
[00:00:19.757,873] [0m<dbg> zmk: zmk_hid_mouse_scroll_set: Mouse scroll set to 0/0[0m
[00:00:19.757,873] [0m<dbg> zmk: zmk_hid_mouse_movement_set: Mouse movement set to 0/0[0m
[00:00:19.765,747] [0m<dbg> zmk: apply_config: LISTENER INDEX: 0[0m
[00:00:19.765,747] [0m<dbg> zmk: scale_val: scaled 111 with 1/1 to 111 with remainder 0[0m
[00:00:19.765,808] [0m<dbg> zmk: apply_config: LISTENER INDEX: 0[0m
[00:00:19.765,838] [0m<dbg> zmk: scale_val: scaled 45 with 1/1 to 45 with remainder 0[0m
[00:00:19.765,838] [0m<dbg> zmk: zmk_hid_mouse_movement_set: Mouse movement set to 111/45[0m
[00:00:19.765,899] [0m<dbg> zmk: zmk_hid_mouse_scroll_set: Mouse scroll set to 0/0[0m
[00:00:19.765,930] [0m<dbg> zmk: zmk_hid_mouse_movement_set: Mouse movement set to 0/0[0m
[00:00:19.773,803] [0m<dbg> zmk: apply_config: LISTENER INDEX: 0[0m
[00:00:19.773,834] [0m<dbg> zmk: scale_val: scaled 105 with 1/1 to 105 with remainder 0[0m
[00:00:19.773,864] [0m<dbg> zmk: apply_config: LISTENER INDEX: 0[0m
[00:00:19.773,895] [0m<dbg> zmk: scale_val: scaled 33 with 1/1 to 33 with remainder 0[0m
[00:00:19.773,925] [0m<dbg> zmk: zmk_hid_mouse_movement_set: Mouse movement set to 105/33[0m
[00:00:19.773,956] [0m<dbg> zmk: zmk_hid_mouse_scroll_set: Mouse scroll set to 0/0[0m
[00:00:19.773,986] [0m<dbg> zmk: zmk_hid_mouse_movement_set: Mouse movement set to 0/0[0m
[00:00:19.781,951] [0m<dbg> zmk: apply_config: LISTENER INDEX: 0[0m
[00:00:19.781,982] [0m<dbg> zmk: scale_val: scaled 99 with 1/1 to 99 with remainder 0[0m
[00:00:19.782,043] [0m<dbg> zmk: apply_config: LISTENER INDEX: 0[0m
[00:00:19.782,043] [0m<dbg> zmk: scale_val: scaled 30 with 1/1 to 30 with remainder 0[0m
[00:00:19.782,073] [0m<dbg> zmk: zmk_hid_mouse_movement_set: Mouse movement set to 99/30[0m
[00:00:19.782,135] [0m<dbg> zmk: zmk_hid_mouse_scroll_set: Mouse scroll set to 0/0[0m
[00:00:19.782,135] [0m<dbg> zmk: zmk_hid_mouse_movement_set: Mouse movement set to 0/0[0m
[00:00:19.789,916] [0m<dbg> zmk: apply_config: LISTENER INDEX: 0[0m
[00:00:19.789,947] [0m<dbg> zmk: scale_val: scaled 93 with 1/1 to 93 with remainder 0[0m
[00:00:19.790,008] [0m<dbg> zmk: apply_config: LISTENER INDEX: 0[0m
[00:00:19.790,008] [0m<dbg> zmk: scale_val: scaled 21 with 1/1 to 21 with remainder 0[0m
[00:00:19.790,039] [0m<dbg> zmk: zmk_hid_mouse_movement_set: Mouse movement set to 93/21[0m
[00:00:19.790,100] [0m<dbg> zmk: zmk_hid_mouse_scroll_set: Mouse scroll set to 0/0[0m
[00:00:19.790,100] [0m<dbg> zmk: zmk_hid_mouse_movement_set: Mouse movement set to 0/0[0m
[00:00:19.797,973] [0m<dbg> zmk: apply_config: LISTENER INDEX: 0[0m
[00:00:19.798,004] [0m<dbg> zmk: scale_val: scaled 99 with 1/1 to 99 with remainder 0[0m
[00:00:19.798,065] [0m<dbg> zmk: apply_config: LISTENER INDEX: 0[0m
[00:00:19.798,187] [0m<dbg> zmk: scale_val: scaled 13 with 1/1 to 13 with remainder 0[0m
[00:00:19.798,217] [0m<dbg> zmk: zmk_hid_mouse_movement_set: Mouse movement set to 99/13[0m
[00:00:19.798,248] [0m<dbg> zmk: zmk_hid_mouse_scroll_set: Mouse scroll set to 0/0[0m
[00:00:19.798,278] [0m<dbg> zmk: zmk_hid_mouse_movement_set: Mouse movement set to 0/0[0m
[00:00:19.806,060] [0m<dbg> zmk: apply_config: LISTENER INDEX: 0[0m
[00:00:19.806,091] [0m<dbg> zmk: scale_val: scaled 87 with 1/1 to 87 with remainder 0[0m
[00:00:19.806,152] [0m<dbg> zmk: apply_config: LISTENER INDEX: 0[0m
[00:00:19.806,152] [0m<dbg> zmk: scale_val: scaled 11 with 1/1 to 11 with remainder 0[0m
[00:00:19.806,182] [0m<dbg> zmk: zmk_hid_mouse_movement_set: Mouse movement set to 87/11[0m
[00:00:19.806,243] [0m<dbg> zmk: zmk_hid_mouse_scroll_set: Mouse scroll set to 0/0[0m
[00:00:19.806,243] [0m<dbg> zmk: zmk_hid_mouse_movement_set: Mouse movement set to 0/0[0m
[00:00:19.814,117] [0m<dbg> zmk: apply_config: LISTENER INDEX: 0[0m
[00:00:19.814,147] [0m<dbg> zmk: scale_val: scaled 77 with 1/1 to 77 with remainder 0[0m
[00:00:19.814,208] [0m<dbg> zmk: apply_config: LISTENER INDEX: 0[0m
[00:00:19.814,239] [0m<dbg> zmk: scale_val: scaled 11 with 1/1 to 11 with remainder 0[0m
[00:00:19.814,239] [0m<dbg> zmk: zmk_hid_mouse_movement_set: Mouse movement set to 77/11[0m
[00:00:19.814,300] [0m<dbg> zmk: zmk_hid_mouse_scroll_set: Mouse scroll set to 0/0[0m
[00:00:19.814,300] [0m<dbg> zmk: zmk_hid_mouse_movement_set: Mouse movement set to 0/0[0m
[00:00:19.822,998] [0m<dbg> zmk: apply_config: LISTENER INDEX: 0[0m
[00:00:19.822,998] [0m<dbg> zmk: scale_val: scaled 72 with 1/1 to 72 with remainder 0[0m
[00:00:19.823,059] [0m<dbg> zmk: apply_config: LISTENER INDEX: 0[0m
[00:00:19.823,089] [0m<dbg> zmk: scale_val: scaled 7 with 1/1 to 7 with remainder 0[0m
[00:00:19.823,089] [0m<dbg> zmk: zmk_hid_mouse_movement_set: Mouse movement set to 72/7[0m
[00:00:19.823,150] [0m<dbg> zmk: zmk_hid_mouse_scroll_set: Mouse scroll set to 0/0[0m
[00:00:19.823,181] [0m<dbg> zmk: zmk_hid_mouse_movement_set: Mouse movement set to 0/0[0m
[00:00:19.831,024] [0m<dbg> zmk: apply_config: LISTENER INDEX: 0[0m
[00:00:19.831,024] [0m<dbg> zmk: scale_val: scaled 62 with 1/1 to 62 with remainder 0[0m
[00:00:19.831,085] [0m<dbg> zmk: apply_config: LISTENER INDEX: 0[0m
[00:00:19.831,115] [0m<dbg> zmk: scale_val: scaled 7 with 1/1 to 7 with remainder 0[0m
[00:00:19.831,115] [0m<dbg> zmk: zmk_hid_mouse_movement_set: Mouse movement set to 62/7[0m
[00:00:19.831,176] [0m<dbg> zmk: zmk_hid_mouse_scroll_set: Mouse scroll set to 0/0[0m
[00:00:19.831,176] [0m<dbg> zmk: zmk_hid_mouse_movement_set: Mouse movement set to 0/0[0m
[00:00:19.838,256] [0m<dbg> zmk: apply_config: LISTENER INDEX: 0[0m
[00:00:19.838,287] [0m<dbg> zmk: scale_val: scaled 45 with 1/1 to 45 with remainder 0[0m
[00:00:19.838,348] [0m<dbg> zmk: apply_config: LISTENER INDEX: 0[0m
[00:00:19.838,348] [0m<dbg> zmk: scale_val: scaled 7 with 1/1 to 7 with remainder 0[0m
[00:00:19.838,378] [0m<dbg> zmk: zmk_hid_mouse_movement_set: Mouse movement set to 45/7[0m
[00:00:19.838,500] [0m<dbg> zmk: zmk_hid_mouse_scroll_set: Mouse scroll set to 0/0[0m
[00:00:19.838,500] [0m<dbg> zmk: zmk_hid_mouse_movement_set: Mouse movement set to 0/0[0m
[00:00:19.847,198] [0m<dbg> zmk: apply_config: LISTENER INDEX: 0[0m
[00:00:19.847,229] [0m<dbg> zmk: scale_val: scaled 41 with 1/1 to 41 with remainder 0[0m
[00:00:19.847,320] [0m<dbg> zmk: apply_config: LISTENER INDEX: 0[0m
[00:00:19.847,351] [0m<dbg> zmk: scale_val: scaled 5 with 1/1 to 5 with remainder 0[0m
[00:00:19.847,381] [0m<dbg> zmk: zmk_hid_mouse_movement_set: Mouse movement set to 41/5[0m
[00:00:19.847,412] [0m<dbg> zmk: zmk_hid_mouse_scroll_set: Mouse scroll set to 0/0[0m
[00:00:19.847,442] [0m<dbg> zmk: zmk_hid_mouse_movement_set: Mouse movement set to 0/0[0m
[00:00:19.854,614] [0m<dbg> zmk: apply_config: LISTENER INDEX: 0[0m
[00:00:19.854,614] [0m<dbg> zmk: scale_val: scaled 30 with 1/1 to 30 with remainder 0[0m
[00:00:19.854,675] [0m<dbg> zmk: apply_config: LISTENER INDEX: 0[0m
[00:00:19.854,705] [0m<dbg> zmk: scale_val: scaled 3 with 1/1 to 3 with remainder 0[0m
[00:00:19.854,705] [0m<dbg> zmk: zmk_hid_mouse_movement_set: Mouse movement set to 30/3[0m
[00:00:19.854,766] [0m<dbg> zmk: zmk_hid_mouse_scroll_set: Mouse scroll set to 0/0[0m
[00:00:19.854,797] [0m<dbg> zmk: zmk_hid_mouse_movement_set: Mouse movement set to 0/0[0m
[00:00:19.863,189] [0m<dbg> zmk: apply_config: LISTENER INDEX: 0[0m
[00:00:19.863,220] [0m<dbg> zmk: scale_val: scaled 18 with 1/1 to 18 with remainder 0[0m
[00:00:19.863,281] [0m<dbg> zmk: apply_config: LISTENER INDEX: 0[0m
[00:00:19.863,311] [0m<dbg> zmk: scale_val: scaled 3 with 1/1 to 3 with remainder 0[0m
[00:00:19.863,311] [0m<dbg> zmk: zmk_hid_mouse_movement_set: Mouse movement set to 18/3[0m
[00:00:19.863,372] [0m<dbg> zmk: zmk_hid_mouse_scroll_set: Mouse scroll set to 0/0[0m
[00:00:19.863,372] [0m<dbg> zmk: zmk_hid_mouse_movement_set: Mouse movement set to 0/0[0m
[00:00:19.871,276] [0m<dbg> zmk: apply_config: LISTENER INDEX: 0[0m
[00:00:19.871,307] [0m<dbg> zmk: scale_val: scaled 9 with 1/1 to 9 with remainder 0[0m
[00:00:19.871,368] [0m<dbg> zmk: apply_config: LISTENER INDEX: 0[0m
[00:00:19.871,368] [0m<dbg> zmk: scale_val: scaled 1 with 1/1 to 1 with remainder 0[0m
[00:00:19.871,398] [0m<dbg> zmk: zmk_hid_mouse_movement_set: Mouse movement set to 9/1[0m
[00:00:19.871,459] [0m<dbg> zmk: zmk_hid_mouse_scroll_set: Mouse scroll set to 0/0[0m
[00:00:19.871,459] [0m<dbg> zmk: zmk_hid_mouse_movement_set: Mouse movement set to 0/0[0m
[00:00:19.879,333] [0m<dbg> zmk: apply_config: LISTENER INDEX: 0[0m
[00:00:19.879,333] [0m<dbg> zmk: scale_val: scaled 2 with 1/1 to 2 with remainder 0[0m
[00:00:19.879,394] [0m<dbg> zmk: apply_config: LISTENER INDEX: 0[0m
[00:00:19.879,425] [0m<dbg> zmk: scale_val: scaled 2 with 1/1 to 2 with remainder 0[0m
[00:00:19.879,425] [0m<dbg> zmk: zmk_hid_mouse_movement_set: Mouse movement set to 2/2[0m
[00:00:19.879,699] [0m<dbg> zmk: zmk_hid_mouse_scroll_set: Mouse scroll set to 0/0[0m
[00:00:19.879,699] [0m<dbg> zmk: zmk_hid_mouse_movement_set: Mouse movement set to 0/0[0m
[00:00:19.886,840] [0m<dbg> zmk: apply_config: LISTENER INDEX: 0[0m
[00:00:19.886,840] [0m<dbg> zmk: scale_val: scaled 15 with 1/1 to 15 with remainder 0[0m
[00:00:19.886,993] [0m<dbg> zmk: apply_config: LISTENER INDEX: 0[0m
[00:00:19.887,023] [0m<dbg> zmk: scale_val: scaled 11 with 1/1 to 11 with remainder 0[0m
[00:00:19.887,023] [0m<dbg> zmk: zmk_hid_mouse_movement_set: Mouse movement set to 15/11[0m
[00:00:19.887,084] [0m<dbg> zmk: zmk_hid_mouse_scroll_set: Mouse scroll set to 0/0[0m
[00:00:19.887,115] [0m<dbg> zmk: zmk_hid_mouse_movement_set: Mouse movement set to 0/0[0m
[00:00:19.894,744] [0m<dbg> zmk: apply_config: LISTENER INDEX: 0[0m
[00:00:19.894,744] [0m<dbg> zmk: scale_val: scaled 45 with 1/1 to 45 with remainder 0[0m
[00:00:19.894,805] [0m<dbg> zmk: apply_config: LISTENER INDEX: 0[0m
[00:00:19.894,836] [0m<dbg> zmk: scale_val: scaled 41 with 1/1 to 41 with remainder 0[0m
[00:00:19.894,836] [0m<dbg> zmk: zmk_hid_mouse_movement_set: Mouse movement set to 45/41[0m
[00:00:19.894,897] [0m<dbg> zmk: zmk_hid_mouse_scroll_set: Mouse scroll set to 0/0[0m
[00:00:19.894,897] [0m<dbg> zmk: zmk_hid_mouse_movement_set: Mouse movement set to 0/0[0m
[00:00:19.902,832] [0m<dbg> zmk: apply_config: LISTENER INDEX: 0[0m
[00:00:19.902,862] [0m<dbg> zmk: scale_val: scaled 93 with 1/1 to 93 with remainder 0[0m
[00:00:19.902,923] [0m<dbg> zmk: apply_config: LISTENER INDEX: 0[0m
[00:00:19.902,923] [0m<dbg> zmk: scale_val: scaled 67 with 1/1 to 67 with remainder 0[0m
[00:00:19.902,954] [0m<dbg> zmk: zmk_hid_mouse_movement_set: Mouse movement set to 93/67[0m
[00:00:19.903,015] [0m<dbg> zmk: zmk_hid_mouse_scroll_set: Mouse scroll set to 0/0[0m
[00:00:19.903,015] [0m<dbg> zmk: zmk_hid_mouse_movement_set: Mouse movement set to 0/0[0m
[00:00:19.911,132] [0m<dbg> zmk: apply_config: LISTENER INDEX: 0[0m
[00:00:19.911,163] [0m<dbg> zmk: scale_val: scaled 173 with 1/1 to 173 with remainder 0[0m
[00:00:19.911,193] [0m<dbg> zmk: apply_config: LISTENER INDEX: 0[0m
[00:00:19.911,224] [0m<dbg> zmk: scale_val: scaled 93 with 1/1 to 93 with remainder 0[0m
[00:00:19.911,254] [0m<dbg> zmk: zmk_hid_mouse_movement_set: Mouse movement set to 173/93[0m
[00:00:19.911,285] [0m<dbg> zmk: zmk_hid_mouse_scroll_set: Mouse scroll set to 0/0[0m
[00:00:19.911,315] [0m<dbg> zmk: zmk_hid_mouse_movement_set: Mouse movement set to 0/0[0m
[00:00:19.918,945] [0m<dbg> zmk: apply_config: LISTENER INDEX: 0[0m
[00:00:19.918,975] [0m<dbg> zmk: scale_val: scaled 277 with 1/1 to 277 with remainder 0[0m
[00:00:19.919,006] [0m<dbg> zmk: apply_config: LISTENER INDEX: 0[0m
[00:00:19.919,036] [0m<dbg> zmk: scale_val: scaled 130 with 1/1 to 130 with remainder 0[0m
[00:00:19.919,067] [0m<dbg> zmk: zmk_hid_mouse_movement_set: Mouse movement set to 277/130[0m
[00:00:19.919,097] [0m<dbg> zmk: zmk_hid_mouse_scroll_set: Mouse scroll set to 0/0[0m
[00:00:19.919,128] [0m<dbg> zmk: zmk_hid_mouse_movement_set: Mouse movement set to 0/0[0m
[00:00:19.927,093] [0m<dbg> zmk: apply_config: LISTENER INDEX: 0[0m
[00:00:19.927,124] [0m<dbg> zmk: scale_val: scaled 382 with 1/1 to 382 with remainder 0[0m
[00:00:19.927,185] [0m<dbg> zmk: apply_config: LISTENER INDEX: 0[0m
[00:00:19.927,185] [0m<dbg> zmk: scale_val: scaled 144 with 1/1 to 144 with remainder 0[0m
[00:00:19.927,215] [0m<dbg> zmk: zmk_hid_mouse_movement_set: Mouse movement set to 382/144[0m
[00:00:19.927,276] [0m<dbg> zmk: zmk_hid_mouse_scroll_set: Mouse scroll set to 0/0[0m
[00:00:19.927,276] [0m<dbg> zmk: zmk_hid_mouse_movement_set: Mouse movement set to 0/0[0m
[00:00:19.935,058] [0m<dbg> zmk: apply_config: LISTENER INDEX: 0[0m
[00:00:19.935,119] [0m<dbg> zmk: scale_val: scaled 417 with 1/1 to 417 with remainder 0[0m
[00:00:19.935,180] [0m<dbg> zmk: apply_config: LISTENER INDEX: 0[0m
[00:00:19.935,241] [0m<dbg> zmk: scale_val: scaled 137 with 1/1 to 137 with remainder 0[0m
[00:00:19.935,241] [0m<dbg> zmk: zmk_hid_mouse_movement_set: Mouse movement set to 417/137[0m
[00:00:19.935,302] [0m<dbg> zmk: zmk_hid_mouse_scroll_set: Mouse scroll set to 0/0[0m
[00:00:19.935,333] [0m<dbg> zmk: zmk_hid_mouse_movement_set: Mouse movement set to 0/0[0m
[00:00:19.943,115] [0m<dbg> zmk: apply_config: LISTENER INDEX: 0[0m
[00:00:19.943,145] [0m<dbg> zmk: scale_val: scaled 417 with 1/1 to 417 with remainder 0[0m
[00:00:19.943,176] [0m<dbg> zmk: apply_config: LISTENER INDEX: 0[0m
[00:00:19.943,206] [0m<dbg> zmk: scale_val: scaled 130 with 1/1 to 130 with remainder 0[0m
[00:00:19.943,206] [0m<dbg> zmk: zmk_hid_mouse_movement_set: Mouse movement set to 417/130[0m
[00:00:19.943,267] [0m<dbg> zmk: zmk_hid_mouse_scroll_set: Mouse scroll set to 0/0[0m
[00:00:19.943,298] [0m<dbg> zmk: zmk_hid_mouse_movement_set: Mouse movement set to 0/0[0m
[00:00:19.951,171] [0m<dbg> zmk: apply_config: LISTENER INDEX: 0[0m
[00:00:19.951,202] [0m<dbg> zmk: scale_val: scaled 405 with 1/1 to 405 with remainder 0[0m
[00:00:19.951,232] [0m<dbg> zmk: apply_config: LISTENER INDEX: 0[0m
[00:00:19.951,263] [0m<dbg> zmk: scale_val: scaled 105 with 1/1 to 105 with remainder 0[0m
[00:00:19.951,293] [0m<dbg> zmk: zmk_hid_mouse_movement_set: Mouse movement set to 405/105[0m
[00:00:19.951,324] [0m<dbg> zmk: zmk_hid_mouse_scroll_set: Mouse scroll set to 0/0[0m
[00:00:19.951,354] [0m<dbg> zmk: zmk_hid_mouse_movement_set: Mouse movement set to 0/0[0m
[00:00:19.959,411] [0m<dbg> zmk: apply_config: LISTENER INDEX: 0[0m
[00:00:19.959,442] [0m<dbg> zmk: scale_val: scaled 307 with 1/1 to 307 with remainder 0[0m
[00:00:19.959,503] [0m<dbg> zmk: apply_config: LISTENER INDEX: 0[0m
[00:00:19.959,503] [0m<dbg> zmk: scale_val: scaled 77 with 1/1 to 77 with remainder 0[0m
[00:00:19.959,533] [0m<dbg> zmk: zmk_hid_mouse_movement_set: Mouse movement set to 307/77[0m
[00:00:19.959,564] [0m<dbg> zmk: zmk_hid_mouse_scroll_set: Mouse scroll set to 0/0[0m
[00:00:19.959,594] [0m<dbg> zmk: zmk_hid_mouse_movement_set: Mouse movement set to 0/0[0m
[00:00:19.967,285] [0m<dbg> zmk: apply_config: LISTENER INDEX: 0[0m
[00:00:19.967,315] [0m<dbg> zmk: scale_val: scaled 240 with 1/1 to 240 with remainder 0[0m
[00:00:19.967,376] [0m<dbg> zmk: apply_config: LISTENER INDEX: 0[0m
[00:00:19.967,407] [0m<dbg> zmk: scale_val: scaled 53 with 1/1 to 53 with remainder 0[0m
[00:00:19.967,407] [0m<dbg> zmk: zmk_hid_mouse_movement_set: Mouse movement set to 240/53[0m
[00:00:19.967,468] [0m<dbg> zmk: zmk_hid_mouse_scroll_set: Mouse scroll set to 0/0[0m
[00:00:19.967,468] [0m<dbg> zmk: zmk_hid_mouse_movement_set: Mouse movement set to 0/0[0m
[00:00:19.976,104] [0m<dbg> zmk: apply_config: LISTENER INDEX: 0[0m
[00:00:19.976,135] [0m<dbg> zmk: scale_val: scaled 173 with 1/1 to 173 with remainder 0[0m
[00:00:19.976,196] [0m<dbg> zmk: apply_config: LISTENER INDEX: 0[0m
[00:00:19.976,196] [0m<dbg> zmk: scale_val: scaled 37 with 1/1 to 37 with remainder 0[0m
[00:00:19.976,226] [0m<dbg> zmk: zmk_hid_mouse_movement_set: Mouse movement set to 173/37[0m
[00:00:19.976,287] [0m<dbg> zmk: zmk_hid_mouse_scroll_set: Mouse scroll set to 0/0[0m
[00:00:19.976,287] [0m<dbg> zmk: zmk_hid_mouse_movement_set: Mouse movement set to 0/0[0m
[00:00:19.984,161] [0m<dbg> zmk: apply_config: LISTENER INDEX: 0[0m
[00:00:19.984,191] [0m<dbg> zmk: scale_val: scaled 117 with 1/1 to 117 with remainder 0[0m
[00:00:19.984,222] [0m<dbg> zmk: apply_config: LISTENER INDEX: 0[0m
[00:00:19.984,252] [0m<dbg> zmk: scale_val: scaled 24 with 1/1 to 24 with remainder 0[0m
[00:00:19.984,283] [0m<dbg> zmk: zmk_hid_mouse_movement_set: Mouse movement set to 117/24[0m
[00:00:19.984,344] [0m<dbg> zmk: zmk_hid_mouse_scroll_set: Mouse scroll set to 0/0[0m
[00:00:19.984,344] [0m<dbg> zmk: zmk_hid_mouse_movement_set: Mouse movement set to 0/0[0m
[00:00:19.991,577] [0m<dbg> zmk: apply_config: LISTENER INDEX: 0[0m
[00:00:19.991,668] [0m<dbg> zmk: scale_val: scaled 82 with 1/1 to 82 with remainder 0[0m
[00:00:19.991,729] [0m<dbg> zmk: apply_config: LISTENER INDEX: 0[0m
[00:00:19.991,729] [0m<dbg> zmk: scale_val: scaled 18 with 1/1 to 18 with remainder 0[0m
[00:00:19.991,760] [0m<dbg> zmk: zmk_hid_mouse_movement_set: Mouse movement set to 82/18[0m
[00:00:19.991,821] [0m<dbg> zmk: zmk_hid_mouse_scroll_set: Mouse scroll set to 0/0[0m
[00:00:19.991,821] [0m<dbg> zmk: zmk_hid_mouse_movement_set: Mouse movement set to 0/0[0m
[00:00:20.000,335] [0m<dbg> zmk: apply_config: LISTENER INDEX: 0[0m
[00:00:20.000,366] [0m<dbg> zmk: scale_val: scaled 57 with 1/1 to 57 with remainder 0[0m
[00:00:20.000,396] [0m<dbg> zmk: apply_config: LISTENER INDEX: 0[0m
[00:00:20.000,427] [0m<dbg> zmk: scale_val: scaled 11 with 1/1 to 11 with remainder 0[0m
[00:00:20.000,457] [0m<dbg> zmk: zmk_hid_mouse_movement_set: Mouse movement set to 57/11[0m
[00:00:20.000,488] [0m<dbg> zmk: zmk_hid_mouse_scroll_set: Mouse scroll set to 0/0[0m
[00:00:20.000,518] [0m<dbg> zmk: zmk_hid_mouse_movement_set: Mouse movement set to 0/0[0m
[00:00:20.008,605] [0m<dbg> zmk: apply_config: LISTENER INDEX: 0[0m
[00:00:20.008,636] [0m<dbg> zmk: scale_val: scaled 37 with 1/1 to 37 with remainder 0[0m
[00:00:20.008,697] [0m<dbg> zmk: apply_config: LISTENER INDEX: 0[0m
[00:00:20.008,697] [0m<dbg> zmk: scale_val: scaled 9 with 1/1 to 9 with remainder 0[0m
[00:00:20.008,728] [0m<dbg> zmk: zmk_hid_mouse_movement_set: Mouse movement set to 37/9[0m
[00:00:20.008,789] [0m<dbg> zmk: zmk_hid_mouse_scroll_set: Mouse scroll set to 0/0[0m
[00:00:20.008,789] [0m<dbg> zmk: zmk_hid_mouse_movement_set: Mouse movement set to 0/0[0m
[00:00:20.015,136] [0m<dbg> zmk: apply_config: LISTENER INDEX: 0[0m
[00:00:20.015,136] [0m<dbg> zmk: scale_val: scaled 1 with 1/1 to 1 with remainder 0[0m
[00:00:20.015,228] [0m<dbg> zmk: apply_config: LISTENER INDEX: 0[0m
[00:00:20.015,258] [0m<dbg> zmk: scale_val: scaled 0 with 1/1 to 0 with remainder 0[0m
[00:00:20.015,258] [0m<dbg> zmk: zmk_hid_mouse_movement_set: Mouse movement set to 1/0[0m
[00:00:20.015,319] [0m<dbg> zmk: zmk_hid_mouse_scroll_set: Mouse scroll set to 0/0[0m
[00:00:20.015,350] [0m<dbg> zmk: zmk_hid_mouse_movement_set: Mouse movement set to 0/0[0m
[00:00:20.023,254] [0m<dbg> zmk: apply_config: LISTENER INDEX: 0[0m
[00:00:20.023,284] [0m<dbg> zmk: scale_val: scaled 1 with 1/1 to 1 with remainder 0[0m
[00:00:20.023,345] [0m<dbg> zmk: apply_config: LISTENER INDEX: 0[0m
[00:00:20.023,345] [0m<dbg> zmk: scale_val: scaled 0 with 1/1 to 0 with remainder 0[0m
[00:00:20.023,376] [0m<dbg> zmk: zmk_hid_mouse_movement_set: Mouse movement set to 1/0[0m
[00:00:20.023,437] [0m<dbg> zmk: zmk_hid_mouse_scroll_set: Mouse scroll set to 0/0[0m
[00:00:20.023,437] [0m<dbg> zmk: zmk_hid_mouse_movement_set: Mouse movement set to 0/0[0m
[00:00:20.032,531] [0m<dbg> zmk: apply_config: LISTENER INDEX: 0[0m
[00:00:20.032,562] [0m<dbg> zmk: scale_val: scaled 1 with 1/1 to 1 with remainder 0[0m
[00:00:20.032,623] [0m<dbg> zmk: apply_config: LISTENER INDEX: 0[0m
[00:00:20.032,623] [0m<dbg> zmk: scale_val: scaled 1 with 1/1 to 1 with remainder 0[0m
[00:00:20.032,653] [0m<dbg> zmk: zmk_hid_mouse_movement_set: Mouse movement set to 1/1[0m
[00:00:20.032,775] [0m<dbg> zmk: zmk_hid_mouse_scroll_set: Mouse scroll set to 0/0[0m
[00:00:20.032,806] [0m<dbg> zmk: zmk_hid_mouse_movement_set: Mouse movement set to 0/0[0m
[00:00:20.040,557] [0m<dbg> zmk: apply_config: LISTENER INDEX: 0[0m
[00:00:20.040,588] [0m<dbg> zmk: scale_val: scaled 1 with 1/1 to 1 with remainder 0[0m
[00:00:20.040,649] [0m<dbg> zmk: apply_config: LISTENER INDEX: 0[0m
[00:00:20.040,679] [0m<dbg> zmk: scale_val: scaled 0 with 1/1 to 0 with remainder 0[0m
[00:00:20.040,679] [0m<dbg> zmk: zmk_hid_mouse_movement_set: Mouse movement set to 1/0[0m
[00:00:20.040,740] [0m<dbg> zmk: zmk_hid_mouse_scroll_set: Mouse scroll set to 0/0[0m
[00:00:20.040,771] [0m<dbg> zmk: zmk_hid_mouse_movement_set: Mouse movement set to 0/0[0m
[00:00:20.119,903] [0m<dbg> zmk: apply_config: LISTENER INDEX: 0[0m
[00:00:20.119,934] [0m<dbg> zmk: scale_val: scaled 1 with 1/1 to 1 with remainder 0[0m
[00:00:20.119,964] [0m<dbg> zmk: apply_config: LISTENER INDEX: 0[0m
[00:00:20.119,995] [0m<dbg> zmk: scale_val: scaled 0 with 1/1 to 0 with remainder 0[0m
[00:00:20.120,025] [0m<dbg> zmk: zmk_hid_mouse_movement_set: Mouse movement set to 1/0[0m
[00:00:20.120,056] [0m<dbg> zmk: zmk_hid_mouse_scroll_set: Mouse scroll set to 0/0[0m
[00:00:20.120,086] [0m<dbg> zmk: zmk_hid_mouse_movement_set: Mouse movement set to 0/0[0m
[00:00:20.144,073] [0m<dbg> zmk: apply_config: LISTENER INDEX: 0[0m
[00:00:20.144,104] [0m<dbg> zmk: scale_val: scaled 1 with 1/1 to 1 with remainder 0[0m
[00:00:20.144,165] [0m<dbg> zmk: apply_config: LISTENER INDEX: 0[0m
[00:00:20.144,195] [0m<dbg> zmk: scale_val: scaled 1 with 1/1 to 1 with remainder 0[0m
[00:00:20.144,195] [0m<dbg> zmk: zmk_hid_mouse_movement_set: Mouse movement set to 1/1[0m
[00:00:20.144,256] [0m<dbg> zmk: zmk_hid_mouse_scroll_set: Mouse scroll set to 0/0[0m
[00:00:20.144,256] [0m<dbg> zmk: zmk_hid_mouse_movement_set: Mouse movement set to 0/0[0m
[00:00:20.160,766] [0m<dbg> zmk: apply_config: LISTENER INDEX: 0[0m
[00:00:20.160,797] [0m<dbg> zmk: scale_val: scaled 37 with 1/1 to 37 with remainder 0[0m
[00:00:20.160,827] [0m<dbg> zmk: apply_config: LISTENER INDEX: 0[0m
[00:00:20.160,858] [0m<dbg> zmk: scale_val: scaled 27 with 1/1 to 27 with remainder 0[0m
[00:00:20.160,888] [0m<dbg> zmk: zmk_hid_mouse_movement_set: Mouse movement set to 37/27[0m
[00:00:20.160,919] [0m<dbg> zmk: zmk_hid_mouse_scroll_set: Mouse scroll set to 0/0[0m
[00:00:20.160,949] [0m<dbg> zmk: zmk_hid_mouse_movement_set: Mouse movement set to 0/0[0m
[00:00:20.168,823] [0m<dbg> zmk: apply_config: LISTENER INDEX: 0[0m
[00:00:20.168,823] [0m<dbg> zmk: scale_val: scaled 45 with 1/1 to 45 with remainder 0[0m
[00:00:20.168,914] [0m<dbg> zmk: apply_config: LISTENER INDEX: 0[0m
[00:00:20.168,945] [0m<dbg> zmk: scale_val: scaled 37 with 1/1 to 37 with remainder 0[0m
[00:00:20.168,945] [0m<dbg> zmk: zmk_hid_mouse_movement_set: Mouse movement set to 45/37[0m
[00:00:20.169,006] [0m<dbg> zmk: zmk_hid_mouse_scroll_set: Mouse scroll set to 0/0[0m
[00:00:20.169,036] [0m<dbg> zmk: zmk_hid_mouse_movement_set: Mouse movement set to 0/0[0m
[00:00:20.176,849] [0m<dbg> zmk: apply_config: LISTENER INDEX: 0[0m
[00:00:20.176,879] [0m<dbg> zmk: scale_val: scaled 45 with 1/1 to 45 with remainder 0[0m
[00:00:20.176,910] [0m<dbg> zmk: apply_config: LISTENER INDEX: 0[0m
[00:00:20.176,940] [0m<dbg> zmk: scale_val: scaled 45 with 1/1 to 45 with remainder 0[0m
[00:00:20.176,971] [0m<dbg> zmk: zmk_hid_mouse_movement_set: Mouse movement set to 45/45[0m
[00:00:20.177,001] [0m<dbg> zmk: zmk_hid_mouse_scroll_set: Mouse scroll set to 0/0[0m
[00:00:20.177,032] [0m<dbg> zmk: zmk_hid_mouse_movement_set: Mouse movement set to 0/0[0m
[00:00:20.185,668] [0m<dbg> zmk: apply_config: LISTENER INDEX: 0[0m
[00:00:20.185,668] [0m<dbg> zmk: scale_val: scaled 49 with 1/1 to 49 with remainder 0[0m
[00:00:20.185,729] [0m<dbg> zmk: apply_config: LISTENER INDEX: 0[0m
[00:00:20.185,760] [0m<dbg> zmk: scale_val: scaled 45 with 1/1 to 45 with remainder 0[0m
[00:00:20.185,760] [0m<dbg> zmk: zmk_hid_mouse_movement_set: Mouse movement set to 49/45[0m
[00:00:20.185,821] [0m<dbg> zmk: zmk_hid_mouse_scroll_set: Mouse scroll set to 0/0[0m
[00:00:20.185,852] [0m<dbg> zmk: zmk_hid_mouse_movement_set: Mouse movement set to 0/0[0m
[00:00:20.193,878] [0m<dbg> zmk: apply_config: LISTENER INDEX: 0[0m
[00:00:20.193,908] [0m<dbg> zmk: scale_val: scaled 41 with 1/1 to 41 with remainder 0[0m
[00:00:20.193,969] [0m<dbg> zmk: apply_config: LISTENER INDEX: 0[0m
[00:00:20.193,969] [0m<dbg> zmk: scale_val: scaled 49 with 1/1 to 49 with remainder 0[0m
[00:00:20.194,000] [0m<dbg> zmk: zmk_hid_mouse_movement_set: Mouse movement set to 41/49[0m
[00:00:20.194,061] [0m<dbg> zmk: zmk_hid_mouse_scroll_set: Mouse scroll set to 0/0[0m
[00:00:20.194,061] [0m<dbg> zmk: zmk_hid_mouse_movement_set: Mouse movement set to 0/0[0m
[00:00:20.201,751] [0m<dbg> zmk: apply_config: LISTENER INDEX: 0[0m
[00:00:20.201,782] [0m<dbg> zmk: scale_val: scaled 37 with 1/1 to 37 with remainder 0[0m
[00:00:20.201,843] [0m<dbg> zmk: apply_config: LISTENER INDEX: 0[0m
[00:00:20.201,843] [0m<dbg> zmk: scale_val: scaled 49 with 1/1 to 49 with remainder 0[0m
[00:00:20.201,873] [0m<dbg> zmk: zmk_hid_mouse_movement_set: Mouse movement set to 37/49[0m
[00:00:20.201,934] [0m<dbg> zmk: zmk_hid_mouse_scroll_set: Mouse scroll set to 0/0[0m
[00:00:20.201,934] [0m<dbg> zmk: zmk_hid_mouse_movement_set: Mouse movement set to 0/0[0m
[00:00:20.209,838] [0m<dbg> zmk: apply_config: LISTENER INDEX: 0[0m
[00:00:20.209,838] [0m<dbg> zmk: scale_val: scaled 27 with 1/1 to 27 with remainder 0[0m
[00:00:20.209,899] [0m<dbg> zmk: apply_config: LISTENER INDEX: 0[0m
[00:00:20.209,930] [0m<dbg> zmk: scale_val: scaled 49 with 1/1 to 49 with remainder 0[0m
[00:00:20.209,930] [0m<dbg> zmk: zmk_hid_mouse_movement_set: Mouse movement set to 27/49[0m
[00:00:20.209,991] [0m<dbg> zmk: zmk_hid_mouse_scroll_set: Mouse scroll set to 0/0[0m
[00:00:20.210,021] [0m<dbg> zmk: zmk_hid_mouse_movement_set: Mouse movement set to 0/0[0m
[00:00:20.217,132] [0m<dbg> zmk: apply_config: LISTENER INDEX: 0[0m
[00:00:20.217,163] [0m<dbg> zmk: scale_val: scaled 24 with 1/1 to 24 with remainder 0[0m
[00:00:20.217,224] [0m<dbg> zmk: apply_config: LISTENER INDEX: 0[0m
[00:00:20.217,224] [0m<dbg> zmk: scale_val: scaled 37 with 1/1 to 37 with remainder 0[0m
[00:00:20.217,254] [0m<dbg> zmk: zmk_hid_mouse_movement_set: Mouse movement set to 24/37[0m
[00:00:20.217,315] [0m<dbg> zmk: zmk_hid_mouse_scroll_set: Mouse scroll set to 0/0[0m
[00:00:20.217,315] [0m<dbg> zmk: zmk_hid_mouse_movement_set: Mouse movement set to 0/0[0m
[00:00:20.225,158] [0m<dbg> zmk: apply_config: LISTENER INDEX: 0[0m
[00:00:20.225,189] [0m<dbg> zmk: scale_val: scaled 18 with 1/1 to 18 with remainder 0[0m
[00:00:20.225,250] [0m<dbg> zmk: apply_config: LISTENER INDEX: 0[0m
[00:00:20.225,250] [0m<dbg> zmk: scale_val: scaled 33 with 1/1 to 33 with remainder 0[0m
[00:00:20.225,524] [0m<dbg> zmk: zmk_hid_mouse_movement_set: Mouse movement set to 18/33[0m
[00:00:20.225,677] [0m<dbg> zmk: zmk_hid_mouse_scroll_set: Mouse scroll set to 0/0[0m
[00:00:20.225,708] [0m<dbg> zmk: zmk_hid_mouse_movement_set: Mouse movement set to 0/0[0m
[00:00:20.234,161] [0m<dbg> zmk: apply_config: LISTENER INDEX: 0[0m
[00:00:20.234,161] [0m<dbg> zmk: scale_val: scaled 11 with 1/1 to 11 with remainder 0[0m
[00:00:20.234,222] [0m<dbg> zmk: apply_config: LISTENER INDEX: 0[0m
[00:00:20.234,252] [0m<dbg> zmk: scale_val: scaled 27 with 1/1 to 27 with remainder 0[0m
[00:00:20.234,252] [0m<dbg> zmk: zmk_hid_mouse_movement_set: Mouse movement set to 11/27[0m
[00:00:20.234,313] [0m<dbg> zmk: zmk_hid_mouse_scroll_set: Mouse scroll set to 0/0[0m
[00:00:20.234,344] [0m<dbg> zmk: zmk_hid_mouse_movement_set: Mouse movement set to 0/0[0m
[00:00:20.242,126] [0m<dbg> zmk: apply_config: LISTENER INDEX: 0[0m
[00:00:20.242,126] [0m<dbg> zmk: scale_val: scaled 7 with 1/1 to 7 with remainder 0[0m
[00:00:20.242,187] [0m<dbg> zmk: apply_config: LISTENER INDEX: 0[0m
[00:00:20.242,218] [0m<dbg> zmk: scale_val: scaled 24 with 1/1 to 24 with remainder 0[0m
[00:00:20.242,218] [0m<dbg> zmk: zmk_hid_mouse_movement_set: Mouse movement set to 7/24[0m
[00:00:20.242,279] [0m<dbg> zmk: zmk_hid_mouse_scroll_set: Mouse scroll set to 0/0[0m
[00:00:20.242,279] [0m<dbg> zmk: zmk_hid_mouse_movement_set: Mouse movement set to 0/0[0m
[00:00:20.250,091] [0m<dbg> zmk: apply_config: LISTENER INDEX: 0[0m
[00:00:20.250,122] [0m<dbg> zmk: scale_val: scaled 5 with 1/1 to 5 with remainder 0[0m
[00:00:20.250,183] [0m<dbg> zmk: apply_config: LISTENER INDEX: 0[0m
[00:00:20.250,244] [0m<dbg> zmk: scale_val: scaled 21 with 1/1 to 21 with remainder 0[0m
[00:00:20.250,244] [0m<dbg> zmk: zmk_hid_mouse_movement_set: Mouse movement set to 5/21[0m
[00:00:20.250,305] [0m<dbg> zmk: zmk_hid_mouse_scroll_set: Mouse scroll set to 0/0[0m
[00:00:20.250,335] [0m<dbg> zmk: zmk_hid_mouse_movement_set: Mouse movement set to 0/0[0m
[00:00:20.258,148] [0m<dbg> zmk: apply_config: LISTENER INDEX: 0[0m
[00:00:20.258,178] [0m<dbg> zmk: scale_val: scaled 3 with 1/1 to 3 with remainder 0[0m
[00:00:20.258,239] [0m<dbg> zmk: apply_config: LISTENER INDEX: 0[0m
[00:00:20.258,270] [0m<dbg> zmk: scale_val: scaled 15 with 1/1 to 15 with remainder 0[0m
[00:00:20.258,270] [0m<dbg> zmk: zmk_hid_mouse_movement_set: Mouse movement set to 3/15[0m
[00:00:20.258,331] [0m<dbg> zmk: zmk_hid_mouse_scroll_set: Mouse scroll set to 0/0[0m
[00:00:20.258,331] [0m<dbg> zmk: zmk_hid_mouse_movement_set: Mouse movement set to 0/0[0m
[00:00:20.266,204] [0m<dbg> zmk: apply_config: LISTENER INDEX: 0[0m
[00:00:20.266,235] [0m<dbg> zmk: scale_val: scaled 2 with 1/1 to 2 with remainder 0[0m
[00:00:20.266,296] [0m<dbg> zmk: apply_config: LISTENER INDEX: 0[0m
[00:00:20.266,326] [0m<dbg> zmk: scale_val: scaled 13 with 1/1 to 13 with remainder 0[0m
[00:00:20.266,326] [0m<dbg> zmk: zmk_hid_mouse_movement_set: Mouse movement set to 2/13[0m
[00:00:20.266,387] [0m<dbg> zmk: zmk_hid_mouse_scroll_set: Mouse scroll set to 0/0[0m
[00:00:20.266,387] [0m<dbg> zmk: zmk_hid_mouse_movement_set: Mouse movement set to 0/0[0m
[00:00:20.274,291] [0m<dbg> zmk: apply_config: LISTENER INDEX: 0[0m
[00:00:20.274,322] [0m<dbg> zmk: scale_val: scaled 2 with 1/1 to 2 with remainder 0[0m
[00:00:20.274,383] [0m<dbg> zmk: apply_config: LISTENER INDEX: 0[0m
[00:00:20.274,383] [0m<dbg> zmk: scale_val: scaled 9 with 1/1 to 9 with remainder 0[0m
[00:00:20.274,536] [0m<dbg> zmk: zmk_hid_mouse_movement_set: Mouse movement set to 2/9[0m
[00:00:20.274,627] [0m<dbg> zmk: zmk_hid_mouse_scroll_set: Mouse scroll set to 0/0[0m
[00:00:20.274,658] [0m<dbg> zmk: zmk_hid_mouse_movement_set: Mouse movement set to 0/0[0m
[00:00:20.281,066] [0m<dbg> zmk: apply_config: LISTENER INDEX: 0[0m
[00:00:20.281,097] [0m<dbg> zmk: scale_val: scaled 0 with 1/1 to 0 with remainder 0[0m
[00:00:20.281,127] [0m<dbg> zmk: apply_config: LISTENER INDEX: 0[0m
[00:00:20.281,158] [0m<dbg> zmk: scale_val: scaled 3 with 1/1 to 3 with remainder 0[0m
[00:00:20.281,188] [0m<dbg> zmk: zmk_hid_mouse_movement_set: Mouse movement set to 0/3[0m
[00:00:20.281,280] [0m<dbg> zmk: zmk_hid_mouse_scroll_set: Mouse scroll set to 0/0[0m
[00:00:20.281,311] [0m<dbg> zmk: zmk_hid_mouse_movement_set: Mouse movement set to 0/0[0m
[00:00:20.289,215] [0m<dbg> zmk: apply_config: LISTENER INDEX: 0[0m
[00:00:20.289,215] [0m<dbg> zmk: scale_val: scaled 0 with 1/1 to 0 with remainder 0[0m
[00:00:20.289,276] [0m<dbg> zmk: apply_config: LISTENER INDEX: 0[0m
[00:00:20.289,306] [0m<dbg> zmk: scale_val: scaled 3 with 1/1 to 3 with remainder 0[0m
[00:00:20.289,306] [0m<dbg> zmk: zmk_hid_mouse_movement_set: Mouse movement set to 0/3[0m
[00:00:20.289,367] [0m<dbg> zmk: zmk_hid_mouse_scroll_set: Mouse scroll set to 0/0[0m
[00:00:20.289,367] [0m<dbg> zmk: zmk_hid_mouse_movement_set: Mouse movement set to 0/0[0m
[00:00:20.298,461] [0m<dbg> zmk: apply_config: LISTENER INDEX: 0[0m
[00:00:20.298,461] [0m<dbg> zmk: scale_val: scaled 0 with 1/1 to 0 with remainder 0[0m
[00:00:20.298,522] [0m<dbg> zmk: apply_config: LISTENER INDEX: 0[0m
[00:00:20.298,553] [0m<dbg> zmk: scale_val: scaled 2 with 1/1 to 2 with remainder 0[0m
[00:00:20.298,553] [0m<dbg> zmk: zmk_hid_mouse_movement_set: Mouse movement set to 0/2[0m
[00:00:20.298,614] [0m<dbg> zmk: zmk_hid_mouse_scroll_set: Mouse scroll set to 0/0[0m
[00:00:20.298,645] [0m<dbg> zmk: zmk_hid_mouse_movement_set: Mouse movement set to 0/0[0m
[00:00:20.306,579] [0m<dbg> zmk: apply_config: LISTENER INDEX: 0[0m
[00:00:20.306,610] [0m<dbg> zmk: scale_val: scaled 0 with 1/1 to 0 with remainder 0[0m
[00:00:20.306,671] [0m<dbg> zmk: apply_config: LISTENER INDEX: 0[0m
[00:00:20.306,701] [0m<dbg> zmk: scale_val: scaled 2 with 1/1 to 2 with remainder 0[0m
[00:00:20.306,701] [0m<dbg> zmk: zmk_hid_mouse_movement_set: Mouse movement set to 0/2[0m
[00:00:20.306,762] [0m<dbg> zmk: zmk_hid_mouse_scroll_set: Mouse scroll set to 0/0[0m
[00:00:20.306,762] [0m<dbg> zmk: zmk_hid_mouse_movement_set: Mouse movement set to 0/0[0m
[00:00:20.377,899] [0m<dbg> zmk: apply_config: LISTENER INDEX: 0[0m
[00:00:20.377,899] [0m<dbg> zmk: scale_val: scaled -1 with 1/1 to -1 with remainder 0[0m
[00:00:20.377,960] [0m<dbg> zmk: apply_config: LISTENER INDEX: 0[0m
[00:00:20.377,990] [0m<dbg> zmk: scale_val: scaled 0 with 1/1 to 0 with remainder 0[0m
[00:00:20.377,990] [0m<dbg> zmk: zmk_hid_mouse_movement_set: Mouse movement set to -1/0[0m
[00:00:20.378,051] [0m<dbg> zmk: zmk_hid_mouse_scroll_set: Mouse scroll set to 0/0[0m
[00:00:20.378,082] [0m<dbg> zmk: zmk_hid_mouse_movement_set: Mouse movement set to 0/0[0m
[00:00:20.387,176] [0m<dbg> zmk: apply_config: LISTENER INDEX: 0[0m
[00:00:20.387,176] [0m<dbg> zmk: scale_val: scaled -1 with 1/1 to -1 with remainder 0[0m
[00:00:20.387,237] [0m<dbg> zmk: apply_config: LISTENER INDEX: 0[0m
[00:00:20.387,268] [0m<dbg> zmk: scale_val: scaled -2 with 1/1 to -2 with remainder 0[0m
[00:00:20.387,268] [0m<dbg> zmk: zmk_hid_mouse_movement_set: Mouse movement set to -1/-2[0m
[00:00:20.387,329] [0m<dbg> zmk: zmk_hid_mouse_scroll_set: Mouse scroll set to 0/0[0m
[00:00:20.387,359] [0m<dbg> zmk: zmk_hid_mouse_movement_set: Mouse movement set to 0/0[0m
[00:00:20.395,202] [0m<dbg> zmk: apply_config: LISTENER INDEX: 0[0m
[00:00:20.395,233] [0m<dbg> zmk: scale_val: scaled -3 with 1/1 to -3 with remainder 0[0m
[00:00:20.395,263] [0m<dbg> zmk: apply_config: LISTENER INDEX: 0[0m
[00:00:20.395,294] [0m<dbg> zmk: scale_val: scaled -5 with 1/1 to -5 with remainder 0[0m
[00:00:20.395,294] [0m<dbg> zmk: zmk_hid_mouse_movement_set: Mouse movement set to -3/-5[0m
[00:00:20.395,355] [0m<dbg> zmk: zmk_hid_mouse_scroll_set: Mouse scroll set to 0/0[0m
[00:00:20.395,385] [0m<dbg> zmk: zmk_hid_mouse_movement_set: Mouse movement set to 0/0[0m
[00:00:20.402,526] [0m<dbg> zmk: apply_config: LISTENER INDEX: 0[0m
[00:00:20.402,526] [0m<dbg> zmk: scale_val: scaled -3 with 1/1 to -3 with remainder 0[0m
[00:00:20.402,587] [0m<dbg> zmk: apply_config: LISTENER INDEX: 0[0m
[00:00:20.402,618] [0m<dbg> zmk: scale_val: scaled -5 with 1/1 to -5 with remainder 0[0m
[00:00:20.402,618] [0m<dbg> zmk: zmk_hid_mouse_movement_set: Mouse movement set to -3/-5[0m
[00:00:20.402,679] [0m<dbg> zmk: zmk_hid_mouse_scroll_set: Mouse scroll set to 0/0[0m
[00:00:20.402,832] [0m<dbg> zmk: zmk_hid_mouse_movement_set: Mouse movement set to 0/0[0m
[00:00:20.411,376] [0m<dbg> zmk: apply_config: LISTENER INDEX: 0[0m
[00:00:20.411,407] [0m<dbg> zmk: scale_val: scaled -3 with 1/1 to -3 with remainder 0[0m
[00:00:20.411,437] [0m<dbg> zmk: apply_config: LISTENER INDEX: 0[0m
[00:00:20.411,468] [0m<dbg> zmk: scale_val: scaled -5 with 1/1 to -5 with remainder 0[0m
[00:00:20.411,499] [0m<dbg> zmk: zmk_hid_mouse_movement_set: Mouse movement set to -3/-5[0m
[00:00:20.411,529] [0m<dbg> zmk: zmk_hid_mouse_scroll_set: Mouse scroll set to 0/0[0m
[00:00:20.411,560] [0m<dbg> zmk: zmk_hid_mouse_movement_set: Mouse movement set to 0/0[0m
[00:00:20.419,555] [0m<dbg> zmk: apply_config: LISTENER INDEX: 0[0m
[00:00:20.419,586] [0m<dbg> zmk: scale_val: scaled -3 with 1/1 to -3 with remainder 0[0m
[00:00:20.419,616] [0m<dbg> zmk: apply_config: LISTENER INDEX: 0[0m
[00:00:20.419,647] [0m<dbg> zmk: scale_val: scaled -5 with 1/1 to -5 with remainder 0[0m
[00:00:20.419,647] [0m<dbg> zmk: zmk_hid_mouse_movement_set: Mouse movement set to -3/-5[0m
[00:00:20.419,708] [0m<dbg> zmk: zmk_hid_mouse_scroll_set: Mouse scroll set to 0/0[0m
[00:00:20.419,738] [0m<dbg> zmk: zmk_hid_mouse_movement_set: Mouse movement set to 0/0[0m
[00:00:20.490,661] [0m<dbg> zmk: apply_config: LISTENER INDEX: 0[0m
[00:00:20.490,692] [0m<dbg> zmk: scale_val: scaled 0 with 1/1 to 0 with remainder 0[0m
[00:00:20.490,753] [0m<dbg> zmk: apply_config: LISTENER INDEX: 0[0m
[00:00:20.490,753] [0m<dbg> zmk: scale_val: scaled 1 with 1/1 to 1 with remainder 0[0m
[00:00:20.490,783] [0m<dbg> zmk: zmk_hid_mouse_movement_set: Mouse movement set to 0/1[0m
[00:00:20.490,844] [0m<dbg> zmk: zmk_hid_mouse_scroll_set: Mouse scroll set to 0/0[0m
[00:00:20.490,844] [0m<dbg> zmk: zmk_hid_mouse_movement_set: Mouse movement set to 0/0[0m
[00:00:20.499,359] [0m<dbg> zmk: apply_config: LISTENER INDEX: 0[0m
[00:00:20.499,389] [0m<dbg> zmk: scale_val: scaled -15 with 1/1 to -15 with remainder 0[0m
[00:00:20.499,450] [0m<dbg> zmk: apply_config: LISTENER INDEX: 0[0m
[00:00:20.499,481] [0m<dbg> zmk: scale_val: scaled -13 with 1/1 to -13 with remainder 0[0m
[00:00:20.499,481] [0m<dbg> zmk: zmk_hid_mouse_movement_set: Mouse movement set to -15/-13[0m
[00:00:20.499,542] [0m<dbg> zmk: zmk_hid_mouse_scroll_set: Mouse scroll set to 0/0[0m
[00:00:20.499,572] [0m<dbg> zmk: zmk_hid_mouse_movement_set: Mouse movement set to 0/0[0m
[00:00:20.507,324] [0m<dbg> zmk: apply_config: LISTENER INDEX: 0[0m
[00:00:20.507,354] [0m<dbg> zmk: scale_val: scaled -41 with 1/1 to -41 with remainder 0[0m
[00:00:20.507,415] [0m<dbg> zmk: apply_config: LISTENER INDEX: 0[0m
[00:00:20.507,415] [0m<dbg> zmk: scale_val: scaled -37 with 1/1 to -37 with remainder 0[0m
[00:00:20.507,446] [0m<dbg> zmk: zmk_hid_mouse_movement_set: Mouse movement set to -41/-37[0m
[00:00:20.507,507] [0m<dbg> zmk: zmk_hid_mouse_scroll_set: Mouse scroll set to 0/0[0m
[00:00:20.507,507] [0m<dbg> zmk: zmk_hid_mouse_movement_set: Mouse movement set to 0/0[0m
[00:00:20.515,380] [0m<dbg> zmk: apply_config: LISTENER INDEX: 0[0m
[00:00:20.515,411] [0m<dbg> zmk: scale_val: scaled -62 with 1/1 to -62 with remainder 0[0m
[00:00:20.515,472] [0m<dbg> zmk: apply_config: LISTENER INDEX: 0[0m
[00:00:20.515,472] [0m<dbg> zmk: scale_val: scaled -62 with 1/1 to -62 with remainder 0[0m
[00:00:20.515,502] [0m<dbg> zmk: zmk_hid_mouse_movement_set: Mouse movement set to -62/-62[0m
[00:00:20.515,563] [0m<dbg> zmk: zmk_hid_mouse_scroll_set: Mouse scroll set to 0/0[0m
[00:00:20.515,563] [0m<dbg> zmk: zmk_hid_mouse_movement_set: Mouse movement set to 0/0[0m
[00:00:20.523,468] [0m<dbg> zmk: apply_config: LISTENER INDEX: 0[0m
[00:00:20.523,468] [0m<dbg> zmk: scale_val: scaled -72 with 1/1 to -72 with remainder 0[0m
[00:00:20.523,529] [0m<dbg> zmk: apply_config: LISTENER INDEX: 0[0m
[00:00:20.523,559] [0m<dbg> zmk: scale_val: scaled -57 with 1/1 to -57 with remainder 0[0m
[00:00:20.523,559] [0m<dbg> zmk: zmk_hid_mouse_movement_set: Mouse movement set to -72/-57[0m
[00:00:20.523,620] [0m<dbg> zmk: zmk_hid_mouse_scroll_set: Mouse scroll set to 0/0[0m
[00:00:20.523,620] [0m<dbg> zmk: zmk_hid_mouse_movement_set: Mouse movement set to 0/0[0m
[00:00:20.532,562] [0m<dbg> zmk: apply_config: LISTENER INDEX: 0[0m
[00:00:20.532,592] [0m<dbg> zmk: scale_val: scaled -72 with 1/1 to -72 with remainder 0[0m
[00:00:20.532,653] [0m<dbg> zmk: apply_config: LISTENER INDEX: 0[0m
[00:00:20.532,653] [0m<dbg> zmk: scale_val: scaled -49 with 1/1 to -49 with remainder 0[0m
[00:00:20.532,684] [0m<dbg> zmk: zmk_hid_mouse_movement_set: Mouse movement set to -72/-49[0m
[00:00:20.532,745] [0m<dbg> zmk: zmk_hid_mouse_scroll_set: Mouse scroll set to 0/0[0m
[00:00:20.532,745] [0m<dbg> zmk: zmk_hid_mouse_movement_set: Mouse movement set to 0/0[0m
[00:00:20.540,313] [0m<dbg> zmk: apply_config: LISTENER INDEX: 0[0m
[00:00:20.540,344] [0m<dbg> zmk: scale_val: scaled -72 with 1/1 to -72 with remainder 0[0m
[00:00:20.540,374] [0m<dbg> zmk: apply_config: LISTENER INDEX: 0[0m
[00:00:20.540,405] [0m<dbg> zmk: scale_val: scaled -45 with 1/1 to -45 with remainder 0[0m
[00:00:20.540,405] [0m<dbg> zmk: zmk_hid_mouse_movement_set: Mouse movement set to -72/-45[0m
[00:00:20.540,466] [0m<dbg> zmk: zmk_hid_mouse_scroll_set: Mouse scroll set to 0/0[0m
[00:00:20.540,496] [0m<dbg> zmk: zmk_hid_mouse_movement_set: Mouse movement set to 0/0[0m
[00:00:20.548,461] [0m<dbg> zmk: apply_config: LISTENER INDEX: 0[0m
[00:00:20.548,492] [0m<dbg> zmk: scale_val: scaled -57 with 1/1 to -57 with remainder 0[0m
[00:00:20.548,522] [0m<dbg> zmk: apply_config: LISTENER INDEX: 0[0m
[00:00:20.548,553] [0m<dbg> zmk: scale_val: scaled -33 with 1/1 to -33 with remainder 0[0m
[00:00:20.548,583] [0m<dbg> zmk: zmk_hid_mouse_movement_set: Mouse movement set to -57/-33[0m
[00:00:20.548,645] [0m<dbg> zmk: zmk_hid_mouse_scroll_set: Mouse scroll set to 0/0[0m
[00:00:20.548,645] [0m<dbg> zmk: zmk_hid_mouse_movement_set: Mouse movement set to 0/0[0m
[00:00:20.556,030] [0m<dbg> zmk: apply_config: LISTENER INDEX: 0[0m
[00:00:20.556,030] [0m<dbg> zmk: scale_val: scaled -53 with 1/1 to -53 with remainder 0[0m
[00:00:20.556,091] [0m<dbg> zmk: apply_config: LISTENER INDEX: 0[0m
[00:00:20.556,121] [0m<dbg> zmk: scale_val: scaled -30 with 1/1 to -30 with remainder 0[0m
[00:00:20.556,121] [0m<dbg> zmk: zmk_hid_mouse_movement_set: Mouse movement set to -53/-30[0m
[00:00:20.556,182] [0m<dbg> zmk: zmk_hid_mouse_scroll_set: Mouse scroll set to 0/0[0m
[00:00:20.556,213] [0m<dbg> zmk: zmk_hid_mouse_movement_set: Mouse movement set to 0/0[0m
[00:00:20.563,812] [0m<dbg> zmk: apply_config: LISTENER INDEX: 0[0m
[00:00:20.563,842] [0m<dbg> zmk: scale_val: scaled -41 with 1/1 to -41 with remainder 0[0m
[00:00:20.563,903] [0m<dbg> zmk: apply_config: LISTENER INDEX: 0[0m
[00:00:20.563,903] [0m<dbg> zmk: scale_val: scaled -21 with 1/1 to -21 with remainder 0[0m
[00:00:20.563,934] [0m<dbg> zmk: zmk_hid_mouse_movement_set: Mouse movement set to -41/-21[0m
[00:00:20.563,995] [0m<dbg> zmk: zmk_hid_mouse_scroll_set: Mouse scroll set to 0/0[0m
[00:00:20.563,995] [0m<dbg> zmk: zmk_hid_mouse_movement_set: Mouse movement set to 0/0[0m
[00:00:20.572,540] [0m<dbg> zmk: apply_config: LISTENER INDEX: 0[0m
[00:00:20.572,570] [0m<dbg> zmk: scale_val: scaled -33 with 1/1 to -33 with remainder 0[0m
[00:00:20.572,631] [0m<dbg> zmk: apply_config: LISTENER INDEX: 0[0m
[00:00:20.572,631] [0m<dbg> zmk: scale_val: scaled -21 with 1/1 to -21 with remainder 0[0m
[00:00:20.572,662] [0m<dbg> zmk: zmk_hid_mouse_movement_set: Mouse movement set to -33/-21[0m
[00:00:20.572,998] [0m<dbg> zmk: zmk_hid_mouse_scroll_set: Mouse scroll set to 0/0[0m
[00:00:20.572,998] [0m<dbg> zmk: zmk_hid_mouse_movement_set: Mouse movement set to 0/0[0m
[00:00:20.580,596] [0m<dbg> zmk: apply_config: LISTENER INDEX: 0[0m
[00:00:20.580,627] [0m<dbg> zmk: scale_val: scaled -27 with 1/1 to -27 with remainder 0[0m
[00:00:20.580,688] [0m<dbg> zmk: apply_config: LISTENER INDEX: 0[0m
[00:00:20.580,688] [0m<dbg> zmk: scale_val: scaled -15 with 1/1 to -15 with remainder 0[0m
[00:00:20.580,718] [0m<dbg> zmk: zmk_hid_mouse_movement_set: Mouse movement set to -27/-15[0m
[00:00:20.580,780] [0m<dbg> zmk: zmk_hid_mouse_scroll_set: Mouse scroll set to 0/0[0m
[00:00:20.580,780] [0m<dbg> zmk: zmk_hid_mouse_movement_set: Mouse movement set to 0/0[0m
[00:00:20.588,745] [0m<dbg> zmk: apply_config: LISTENER INDEX: 0[0m
[00:00:20.588,775] [0m<dbg> zmk: scale_val: scaled -24 with 1/1 to -24 with remainder 0[0m
[00:00:20.588,836] [0m<dbg> zmk: apply_config: LISTENER INDEX: 0[0m
[00:00:20.588,836] [0m<dbg> zmk: scale_val: scaled -15 with 1/1 to -15 with remainder 0[0m
[00:00:20.588,867] [0m<dbg> zmk: zmk_hid_mouse_movement_set: Mouse movement set to -24/-15[0m
[00:00:20.588,958] [0m<dbg> zmk: zmk_hid_mouse_scroll_set: Mouse scroll set to 0/0[0m
[00:00:20.588,958] [0m<dbg> zmk: zmk_hid_mouse_movement_set: Mouse movement set to 0/0[0m
[00:00:20.596,771] [0m<dbg> zmk: apply_config: LISTENER INDEX: 0[0m
[00:00:20.596,801] [0m<dbg> zmk: scale_val: scaled -18 with 1/1 to -18 with remainder 0[0m
[00:00:20.596,862] [0m<dbg> zmk: apply_config: LISTENER INDEX: 0[0m
[00:00:20.596,893] [0m<dbg> zmk: scale_val: scaled -15 with 1/1 to -15 with remainder 0[0m
[00:00:20.596,893] [0m<dbg> zmk: zmk_hid_mouse_movement_set: Mouse movement set to -18/-15[0m
[00:00:20.596,954] [0m<dbg> zmk: zmk_hid_mouse_scroll_set: Mouse scroll set to 0/0[0m
[00:00:20.596,954] [0m<dbg> zmk: zmk_hid_mouse_movement_set: Mouse movement set to 0/0[0m
[00:00:20.604,797] [0m<dbg> zmk: apply_config: LISTENER INDEX: 0[0m
[00:00:20.604,797] [0m<dbg> zmk: scale_val: scaled -18 with 1/1 to -18 with remainder 0[0m
[00:00:20.604,858] [0m<dbg> zmk: apply_config: LISTENER INDEX: 0[0m
[00:00:20.604,888] [0m<dbg> zmk: scale_val: scaled -18 with 1/1 to -18 with remainder 0[0m
[00:00:20.604,888] [0m<dbg> zmk: zmk_hid_mouse_movement_set: Mouse movement set to -18/-18[0m
[00:00:20.604,949] [0m<dbg> zmk: zmk_hid_mouse_scroll_set: Mouse scroll set to 0/0[0m
[00:00:20.604,980] [0m<dbg> zmk: zmk_hid_mouse_movement_set: Mouse movement set to 0/0[0m
[00:00:20.612,823] [0m<dbg> zmk: apply_config: LISTENER INDEX: 0[0m
[00:00:20.612,854] [0m<dbg> zmk: scale_val: scaled -15 with 1/1 to -15 with remainder 0[0m
[00:00:20.612,915] [0m<dbg> zmk: apply_config: LISTENER INDEX: 0[0m
[00:00:20.612,915] [0m<dbg> zmk: scale_val: scaled -24 with 1/1 to -24 with remainder 0[0m
[00:00:20.613,067] [0m<dbg> zmk: zmk_hid_mouse_movement_set: Mouse movement set to -15/-24[0m
[00:00:20.613,220] [0m<dbg> zmk: zmk_hid_mouse_scroll_set: Mouse scroll set to 0/0[0m
[00:00:20.613,220] [0m<dbg> zmk: zmk_hid_mouse_movement_set: Mouse movement set to 0/0[0m
[00:00:20.620,147] [0m<dbg> zmk: apply_config: LISTENER INDEX: 0[0m
[00:00:20.620,178] [0m<dbg> zmk: scale_val: scaled -13 with 1/1 to -13 with remainder 0[0m
[00:00:20.620,361] [0m<dbg> zmk: apply_config: LISTENER INDEX: 0[0m
[00:00:20.620,452] [0m<dbg> zmk: scale_val: scaled -21 with 1/1 to -21 with remainder 0[0m
[00:00:20.620,483] [0m<dbg> zmk: zmk_hid_mouse_movement_set: Mouse movement set to -13/-21[0m
[00:00:20.620,544] [0m<dbg> zmk: zmk_hid_mouse_scroll_set: Mouse scroll set to 0/0[0m
[00:00:20.620,544] [0m<dbg> zmk: zmk_hid_mouse_movement_set: Mouse movement set to 0/0[0m
[00:00:20.628,204] [0m<dbg> zmk: apply_config: LISTENER INDEX: 0[0m
[00:00:20.628,234] [0m<dbg> zmk: scale_val: scaled -9 with 1/1 to -9 with remainder 0[0m
[00:00:20.628,295] [0m<dbg> zmk: apply_config: LISTENER INDEX: 0[0m
[00:00:20.628,295] [0m<dbg> zmk: scale_val: scaled -21 with 1/1 to -21 with remainder 0[0m
[00:00:20.628,326] [0m<dbg> zmk: zmk_hid_mouse_movement_set: Mouse movement set to -9/-21[0m
[00:00:20.628,387] [0m<dbg> zmk: zmk_hid_mouse_scroll_set: Mouse scroll set to 0/0[0m
[00:00:20.628,387] [0m<dbg> zmk: zmk_hid_mouse_movement_set: Mouse movement set to 0/0[0m
[00:00:20.637,084] [0m<dbg> zmk: apply_config: LISTENER INDEX: 0[0m
[00:00:20.637,084] [0m<dbg> zmk: scale_val: scaled -5 with 1/1 to -5 with remainder 0[0m
[00:00:20.637,145] [0m<dbg> zmk: apply_config: LISTENER INDEX: 0[0m
[00:00:20.637,176] [0m<dbg> zmk: scale_val: scaled -11 with 1/1 to -11 with remainder 0[0m
[00:00:20.637,176] [0m<dbg> zmk: zmk_hid_mouse_movement_set: Mouse movement set to -5/-11[0m
[00:00:20.637,237] [0m<dbg> zmk: zmk_hid_mouse_scroll_set: Mouse scroll set to 0/0[0m
[00:00:20.637,237] [0m<dbg> zmk: zmk_hid_mouse_movement_set: Mouse movement set to 0/0[0m
[00:00:20.643,829] [0m<dbg> zmk: apply_config: LISTENER INDEX: 0[0m
[00:00:20.643,829] [0m<dbg> zmk: scale_val: scaled 0 with 1/1 to 0 with remainder 0[0m
[00:00:20.643,890] [0m<dbg> zmk: apply_config: LISTENER INDEX: 0[0m
[00:00:20.643,920] [0m<dbg> zmk: scale_val: scaled -2 with 1/1 to -2 with remainder 0[0m
[00:00:20.643,920] [0m<dbg> zmk: zmk_hid_mouse_movement_set: Mouse movement set to 0/-2[0m
[00:00:20.643,981] [0m<dbg> zmk: zmk_hid_mouse_scroll_set: Mouse scroll set to 0/0[0m
[00:00:20.644,012] [0m<dbg> zmk: zmk_hid_mouse_movement_set: Mouse movement set to 0/0[0m
[00:00:20.651,885] [0m<dbg> zmk: apply_config: LISTENER INDEX: 0[0m
[00:00:20.651,916] [0m<dbg> zmk: scale_val: scaled 0 with 1/1 to 0 with remainder 0[0m
[00:00:20.651,977] [0m<dbg> zmk: apply_config: LISTENER INDEX: 0[0m
[00:00:20.651,977] [0m<dbg> zmk: scale_val: scaled -2 with 1/1 to -2 with remainder 0[0m
[00:00:20.652,008] [0m<dbg> zmk: zmk_hid_mouse_movement_set: Mouse movement set to 0/-2[0m
[00:00:20.652,069] [0m<dbg> zmk: zmk_hid_mouse_scroll_set: Mouse scroll set to 0/0[0m
[00:00:20.652,069] [0m<dbg> zmk: zmk_hid_mouse_movement_set: Mouse movement set to 0/0[0m
[00:00:20.659,942] [0m<dbg> zmk: apply_config: LISTENER INDEX: 0[0m
[00:00:20.659,973] [0m<dbg> zmk: scale_val: scaled 1 with 1/1 to 1 with remainder 0[0m
[00:00:20.660,034] [0m<dbg> zmk: apply_config: LISTENER INDEX: 0[0m
[00:00:20.660,034] [0m<dbg> zmk: scale_val: scaled -2 with 1/1 to -2 with remainder 0[0m
[00:00:20.660,064] [0m<dbg> zmk: zmk_hid_mouse_movement_set: Mouse movement set to 1/-2[0m
[00:00:20.660,125] [0m<dbg> zmk: zmk_hid_mouse_scroll_set: Mouse scroll set to 0/0[0m
[00:00:20.660,125] [0m<dbg> zmk: zmk_hid_mouse_movement_set: Mouse movement set to 0/0[0m
[00:00:20.669,311] [0m<dbg> zmk: apply_config: LISTENER INDEX: 0[0m
[00:00:20.669,311] [0m<dbg> zmk: scale_val: scaled 3 with 1/1 to 3 with remainder 0[0m
[00:00:20.669,372] [0m<dbg> zmk: apply_config: LISTENER INDEX: 0[0m
[00:00:20.669,403] [0m<dbg> zmk: scale_val: scaled -1 with 1/1 to -1 with remainder 0[0m
[00:00:20.669,403] [0m<dbg> zmk: zmk_hid_mouse_movement_set: Mouse movement set to 3/-1[0m
[00:00:20.669,464] [0m<dbg> zmk: zmk_hid_mouse_scroll_set: Mouse scroll set to 0/0[0m
[00:00:20.669,494] [0m<dbg> zmk: zmk_hid_mouse_movement_set: Mouse movement set to 0/0[0m
[00:00:20.677,337] [0m<dbg> zmk: apply_config: LISTENER INDEX: 0[0m
[00:00:20.677,368] [0m<dbg> zmk: scale_val: scaled 7 with 1/1 to 7 with remainder 0[0m
[00:00:20.677,429] [0m<dbg> zmk: apply_config: LISTENER INDEX: 0[0m
[00:00:20.677,429] [0m<dbg> zmk: scale_val: scaled 0 with 1/1 to 0 with remainder 0[0m
[00:00:20.677,459] [0m<dbg> zmk: zmk_hid_mouse_movement_set: Mouse movement set to 7/0[0m
[00:00:20.677,520] [0m<dbg> zmk: zmk_hid_mouse_scroll_set: Mouse scroll set to 0/0[0m
[00:00:20.677,551] [0m<dbg> zmk: zmk_hid_mouse_movement_set: Mouse movement set to 0/0[0m
[00:00:20.684,783] [0m<dbg> zmk: apply_config: LISTENER INDEX: 0[0m
[00:00:20.684,814] [0m<dbg> zmk: scale_val: scaled 9 with 1/1 to 9 with remainder 0[0m
[00:00:20.684,936] [0m<dbg> zmk: apply_config: LISTENER INDEX: 0[0m
[00:00:20.684,967] [0m<dbg> zmk: scale_val: scaled 0 with 1/1 to 0 with remainder 0[0m
[00:00:20.684,967] [0m<dbg> zmk: zmk_hid_mouse_movement_set: Mouse movement set to 9/0[0m
[00:00:20.685,058] [0m<dbg> zmk: zmk_hid_mouse_scroll_set: Mouse scroll set to 0/0[0m
[00:00:20.685,058] [0m<dbg> zmk: zmk_hid_mouse_movement_set: Mouse movement set to 0/0[0m
[00:00:20.693,664] [0m<dbg> zmk: apply_config: LISTENER INDEX: 0[0m
[00:00:20.693,695] [0m<dbg> zmk: scale_val: scaled 15 with 1/1 to 15 with remainder 0[0m
[00:00:20.693,756] [0m<dbg> zmk: apply_config: LISTENER INDEX: 0[0m
[00:00:20.693,756] [0m<dbg> zmk: scale_val: scaled 0 with 1/1 to 0 with remainder 0[0m
[00:00:20.693,786] [0m<dbg> zmk: zmk_hid_mouse_movement_set: Mouse movement set to 15/0[0m
[00:00:20.693,847] [0m<dbg> zmk: zmk_hid_mouse_scroll_set: Mouse scroll set to 0/0[0m
[00:00:20.693,847] [0m<dbg> zmk: zmk_hid_mouse_movement_set: Mouse movement set to 0/0[0m
[00:00:20.701,019] [0m<dbg> zmk: apply_config: LISTENER INDEX: 0[0m
[00:00:20.701,019] [0m<dbg> zmk: scale_val: scaled 24 with 1/1 to 24 with remainder 0[0m
[00:00:20.701,080] [0m<dbg> zmk: apply_config: LISTENER INDEX: 0[0m
[00:00:20.701,110] [0m<dbg> zmk: scale_val: scaled 5 with 1/1 to 5 with remainder 0[0m
[00:00:20.701,110] [0m<dbg> zmk: zmk_hid_mouse_movement_set: Mouse movement set to 24/5[0m
[00:00:20.701,171] [0m<dbg> zmk: zmk_hid_mouse_scroll_set: Mouse scroll set to 0/0[0m
[00:00:20.701,202] [0m<dbg> zmk: zmk_hid_mouse_movement_set: Mouse movement set to 0/0[0m
[00:00:20.708,862] [0m<dbg> zmk: apply_config: LISTENER INDEX: 0[0m
[00:00:20.708,892] [0m<dbg> zmk: scale_val: scaled 37 with 1/1 to 37 with remainder 0[0m
[00:00:20.708,953] [0m<dbg> zmk: apply_config: LISTENER INDEX: 0[0m
[00:00:20.708,984] [0m<dbg> zmk: scale_val: scaled 9 with 1/1 to 9 with remainder 0[0m
[00:00:20.708,984] [0m<dbg> zmk: zmk_hid_mouse_movement_set: Mouse movement set to 37/9[0m
[00:00:20.709,045] [0m<dbg> zmk: zmk_hid_mouse_scroll_set: Mouse scroll set to 0/0[0m
[00:00:20.709,075] [0m<dbg> zmk: zmk_hid_mouse_movement_set: Mouse movement set to 0/0[0m
[00:00:20.716,949] [0m<dbg> zmk: apply_config: LISTENER INDEX: 0[0m
[00:00:20.716,979] [0m<dbg> zmk: scale_val: scaled 45 with 1/1 to 45 with remainder 0[0m
[00:00:20.717,010] [0m<dbg> zmk: apply_config: LISTENER INDEX: 0[0m
[00:00:20.717,041] [0m<dbg> zmk: scale_val: scaled 11 with 1/1 to 11 with remainder 0[0m
[00:00:20.717,041] [0m<dbg> zmk: zmk_hid_mouse_movement_set: Mouse movement set to 45/11[0m
[00:00:20.717,102] [0m<dbg> zmk: zmk_hid_mouse_scroll_set: Mouse scroll set to 0/0[0m
[00:00:20.717,132] [0m<dbg> zmk: zmk_hid_mouse_movement_set: Mouse movement set to 0/0[0m
[00:00:20.725,006] [0m<dbg> zmk: apply_config: LISTENER INDEX: 0[0m
[00:00:20.725,006] [0m<dbg> zmk: scale_val: scaled 53 with 1/1 to 53 with remainder 0[0m
[00:00:20.725,067] [0m<dbg> zmk: apply_config: LISTENER INDEX: 0[0m
[00:00:20.725,097] [0m<dbg> zmk: scale_val: scaled 15 with 1/1 to 15 with remainder 0[0m
[00:00:20.725,128] [0m<dbg> zmk: zmk_hid_mouse_movement_set: Mouse movement set to 53/15[0m
[00:00:20.725,158] [0m<dbg> zmk: zmk_hid_mouse_scroll_set: Mouse scroll set to 0/0[0m
[00:00:20.725,189] [0m<dbg> zmk: zmk_hid_mouse_movement_set: Mouse movement set to 0/0[0m
[00:00:20.733,032] [0m<dbg> zmk: apply_config: LISTENER INDEX: 0[0m
[00:00:20.733,062] [0m<dbg> zmk: scale_val: scaled 62 with 1/1 to 62 with remainder 0[0m
[00:00:20.733,245] [0m<dbg> zmk: apply_config: LISTENER INDEX: 0[0m
[00:00:20.733,245] [0m<dbg> zmk: scale_val: scaled 21 with 1/1 to 21 with remainder 0[0m
[00:00:20.733,276] [0m<dbg> zmk: zmk_hid_mouse_movement_set: Mouse movement set to 62/21[0m
[00:00:20.733,398] [0m<dbg> zmk: zmk_hid_mouse_scroll_set: Mouse scroll set to 0/0[0m
[00:00:20.733,428] [0m<dbg> zmk: zmk_hid_mouse_movement_set: Mouse movement set to 0/0[0m
[00:00:20.741,119] [0m<dbg> zmk: apply_config: LISTENER INDEX: 0[0m
[00:00:20.741,119] [0m<dbg> zmk: scale_val: scaled 57 with 1/1 to 57 with remainder 0[0m
[00:00:20.741,180] [0m<dbg> zmk: apply_config: LISTENER INDEX: 0[0m
[00:00:20.741,210] [0m<dbg> zmk: scale_val: scaled 21 with 1/1 to 21 with remainder 0[0m
[00:00:20.741,210] [0m<dbg> zmk: zmk_hid_mouse_movement_set: Mouse movement set to 57/21[0m
[00:00:20.741,333] [0m<dbg> zmk: zmk_hid_mouse_scroll_set: Mouse scroll set to 0/0[0m
[00:00:20.741,333] [0m<dbg> zmk: zmk_hid_mouse_movement_set: Mouse movement set to 0/0[0m
[00:00:20.749,145] [0m<dbg> zmk: apply_config: LISTENER INDEX: 0[0m
[00:00:20.749,176] [0m<dbg> zmk: scale_val: scaled 62 with 1/1 to 62 with remainder 0[0m
[00:00:20.749,237] [0m<dbg> zmk: apply_config: LISTENER INDEX: 0[0m
[00:00:20.749,237] [0m<dbg> zmk: scale_val: scaled 24 with 1/1 to 24 with remainder 0[0m
[00:00:20.749,267] [0m<dbg> zmk: zmk_hid_mouse_movement_set: Mouse movement set to 62/24[0m
[00:00:20.749,328] [0m<dbg> zmk: zmk_hid_mouse_scroll_set: Mouse scroll set to 0/0[0m
[00:00:20.749,328] [0m<dbg> zmk: zmk_hid_mouse_movement_set: Mouse movement set to 0/0[0m
[00:00:20.757,232] [0m<dbg> zmk: apply_config: LISTENER INDEX: 0[0m
[00:00:20.757,232] [0m<dbg> zmk: scale_val: scaled 62 with 1/1 to 62 with remainder 0[0m
[00:00:20.757,293] [0m<dbg> zmk: apply_config: LISTENER INDEX: 0[0m
[00:00:20.757,324] [0m<dbg> zmk: scale_val: scaled 24 with 1/1 to 24 with remainder 0[0m
[00:00:20.757,324] [0m<dbg> zmk: zmk_hid_mouse_movement_set: Mouse movement set to 62/24[0m
[00:00:20.757,385] [0m<dbg> zmk: zmk_hid_mouse_scroll_set: Mouse scroll set to 0/0[0m
[00:00:20.757,385] [0m<dbg> zmk: zmk_hid_mouse_movement_set: Mouse movement set to 0/0[0m
[00:00:20.766,082] [0m<dbg> zmk: apply_config: LISTENER INDEX: 0[0m
[00:00:20.766,082] [0m<dbg> zmk: scale_val: scaled 53 with 1/1 to 53 with remainder 0[0m
[00:00:20.766,143] [0m<dbg> zmk: apply_config: LISTENER INDEX: 0[0m
[00:00:20.766,174] [0m<dbg> zmk: scale_val: scaled 27 with 1/1 to 27 with remainder 0[0m
[00:00:20.766,174] [0m<dbg> zmk: zmk_hid_mouse_movement_set: Mouse movement set to 53/27[0m
[00:00:20.766,235] [0m<dbg> zmk: zmk_hid_mouse_scroll_set: Mouse scroll set to 0/0[0m
[00:00:20.766,265] [0m<dbg> zmk: zmk_hid_mouse_movement_set: Mouse movement set to 0/0[0m
[00:00:20.774,108] [0m<dbg> zmk: apply_config: LISTENER INDEX: 0[0m
[00:00:20.774,108] [0m<dbg> zmk: scale_val: scaled 49 with 1/1 to 49 with remainder 0[0m
[00:00:20.774,169] [0m<dbg> zmk: apply_config: LISTENER INDEX: 0[0m
[00:00:20.774,200] [0m<dbg> zmk: scale_val: scaled 27 with 1/1 to 27 with remainder 0[0m
[00:00:20.774,200] [0m<dbg> zmk: zmk_hid_mouse_movement_set: Mouse movement set to 49/27[0m
[00:00:20.774,322] [0m<dbg> zmk: zmk_hid_mouse_scroll_set: Mouse scroll set to 0/0[0m
[00:00:20.774,353] [0m<dbg> zmk: zmk_hid_mouse_movement_set: Mouse movement set to 0/0[0m
[00:00:20.781,585] [0m<dbg> zmk: apply_config: LISTENER INDEX: 0[0m
[00:00:20.781,616] [0m<dbg> zmk: scale_val: scaled 33 with 1/1 to 33 with remainder 0[0m
[00:00:20.781,677] [0m<dbg> zmk: apply_config: LISTENER INDEX: 0[0m
[00:00:20.781,677] [0m<dbg> zmk: scale_val: scaled 21 with 1/1 to 21 with remainder 0[0m
[00:00:20.781,707] [0m<dbg> zmk: zmk_hid_mouse_movement_set: Mouse movement set to 33/21[0m
[00:00:20.781,768] [0m<dbg> zmk: zmk_hid_mouse_scroll_set: Mouse scroll set to 0/0[0m
[00:00:20.781,768] [0m<dbg> zmk: zmk_hid_mouse_movement_set: Mouse movement set to 0/0[0m
[00:00:20.790,435] [0m<dbg> zmk: apply_config: LISTENER INDEX: 0[0m
[00:00:20.790,466] [0m<dbg> zmk: scale_val: scaled 33 with 1/1 to 33 with remainder 0[0m
[00:00:20.790,496] [0m<dbg> zmk: apply_config: LISTENER INDEX: 0[0m
[00:00:20.790,527] [0m<dbg> zmk: scale_val: scaled 24 with 1/1 to 24 with remainder 0[0m
[00:00:20.790,527] [0m<dbg> zmk: zmk_hid_mouse_movement_set: Mouse movement set to 33/24[0m
[00:00:20.790,588] [0m<dbg> zmk: zmk_hid_mouse_scroll_set: Mouse scroll set to 0/0[0m
[00:00:20.790,618] [0m<dbg> zmk: zmk_hid_mouse_movement_set: Mouse movement set to 0/0[0m
[00:00:20.797,821] [0m<dbg> zmk: apply_config: LISTENER INDEX: 0[0m
[00:00:20.797,821] [0m<dbg> zmk: scale_val: scaled 24 with 1/1 to 24 with remainder 0[0m
[00:00:20.797,882] [0m<dbg> zmk: apply_config: LISTENER INDEX: 0[0m
[00:00:20.797,912] [0m<dbg> zmk: scale_val: scaled 24 with 1/1 to 24 with remainder 0[0m
[00:00:20.797,912] [0m<dbg> zmk: zmk_hid_mouse_movement_set: Mouse movement set to 24/24[0m
[00:00:20.797,973] [0m<dbg> zmk: zmk_hid_mouse_scroll_set: Mouse scroll set to 0/0[0m
[00:00:20.797,973] [0m<dbg> zmk: zmk_hid_mouse_movement_set: Mouse movement set to 0/0[0m
[00:00:20.805,572] [0m<dbg> zmk: apply_config: LISTENER INDEX: 0[0m
[00:00:20.805,572] [0m<dbg> zmk: scale_val: scaled 21 with 1/1 to 21 with remainder 0[0m
[00:00:20.805,633] [0m<dbg> zmk: apply_config: LISTENER INDEX: 0[0m
[00:00:20.805,633] [0m<dbg> zmk: scale_val: scaled 21 with 1/1 to 21 with remainder 0[0m
[00:00:20.805,664] [0m<dbg> zmk: zmk_hid_mouse_movement_set: Mouse movement set to 21/21[0m
[00:00:20.805,725] [0m<dbg> zmk: zmk_hid_mouse_scroll_set: Mouse scroll set to 0/0[0m
[00:00:20.805,725] [0m<dbg> zmk: zmk_hid_mouse_movement_set: Mouse movement set to 0/0[0m
[00:00:20.813,751] [0m<dbg> zmk: apply_config: LISTENER INDEX: 0[0m
[00:00:20.813,781] [0m<dbg> zmk: scale_val: scaled 18 with 1/1 to 18 with remainder 0[0m
[00:00:20.813,842] [0m<dbg> zmk: apply_config: LISTENER INDEX: 0[0m
[00:00:20.813,842] [0m<dbg> zmk: scale_val: scaled 21 with 1/1 to 21 with remainder 0[0m
[00:00:20.813,873] [0m<dbg> zmk: zmk_hid_mouse_movement_set: Mouse movement set to 18/21[0m
[00:00:20.813,934] [0m<dbg> zmk: zmk_hid_mouse_scroll_set: Mouse scroll set to 0/0[0m
[00:00:20.813,964] [0m<dbg> zmk: zmk_hid_mouse_movement_set: Mouse movement set to 0/0[0m
[00:00:20.821,685] [0m<dbg> zmk: apply_config: LISTENER INDEX: 0[0m
[00:00:20.821,716] [0m<dbg> zmk: scale_val: scaled 15 with 1/1 to 15 with remainder 0[0m
[00:00:20.821,777] [0m<dbg> zmk: apply_config: LISTENER INDEX: 0[0m
[00:00:20.821,807] [0m<dbg> zmk: scale_val: scaled 21 with 1/1 to 21 with remainder 0[0m
[00:00:20.821,807] [0m<dbg> zmk: zmk_hid_mouse_movement_set: Mouse movement set to 15/21[0m
[00:00:20.821,868] [0m<dbg> zmk: zmk_hid_mouse_scroll_set: Mouse scroll set to 0/0[0m
[00:00:20.821,868] [0m<dbg> zmk: zmk_hid_mouse_movement_set: Mouse movement set to 0/0[0m
[00:00:20.829,772] [0m<dbg> zmk: apply_config: LISTENER INDEX: 0[0m
[00:00:20.829,772] [0m<dbg> zmk: scale_val: scaled 13 with 1/1 to 13 with remainder 0[0m
[00:00:20.829,833] [0m<dbg> zmk: apply_config: LISTENER INDEX: 0[0m
[00:00:20.829,864] [0m<dbg> zmk: scale_val: scaled 21 with 1/1 to 21 with remainder 0[0m
[00:00:20.829,895] [0m<dbg> zmk: zmk_hid_mouse_movement_set: Mouse movement set to 13/21[0m
[00:00:20.829,925] [0m<dbg> zmk: zmk_hid_mouse_scroll_set: Mouse scroll set to 0/0[0m
[00:00:20.829,956] [0m<dbg> zmk: zmk_hid_mouse_movement_set: Mouse movement set to 0/0[0m
[00:00:20.838,592] [0m<dbg> zmk: apply_config: LISTENER INDEX: 0[0m
[00:00:20.838,592] [0m<dbg> zmk: scale_val: scaled 11 with 1/1 to 11 with remainder 0[0m
[00:00:20.838,653] [0m<dbg> zmk: apply_config: LISTENER INDEX: 0[0m
[00:00:20.838,684] [0m<dbg> zmk: scale_val: scaled 15 with 1/1 to 15 with remainder 0[0m
[00:00:20.838,684] [0m<dbg> zmk: zmk_hid_mouse_movement_set: Mouse movement set to 11/15[0m
[00:00:20.838,745] [0m<dbg> zmk: zmk_hid_mouse_scroll_set: Mouse scroll set to 0/0[0m
[00:00:20.838,775] [0m<dbg> zmk: zmk_hid_mouse_movement_set: Mouse movement set to 0/0[0m
[00:00:20.846,588] [0m<dbg> zmk: apply_config: LISTENER INDEX: 0[0m
[00:00:20.846,618] [0m<dbg> zmk: scale_val: scaled 9 with 1/1 to 9 with remainder 0[0m
[00:00:20.846,649] [0m<dbg> zmk: apply_config: LISTENER INDEX: 0[0m
[00:00:20.846,679] [0m<dbg> zmk: scale_val: scaled 11 with 1/1 to 11 with remainder 0[0m
[00:00:20.846,710] [0m<dbg> zmk: zmk_hid_mouse_movement_set: Mouse movement set to 9/11[0m
[00:00:20.846,740] [0m<dbg> zmk: zmk_hid_mouse_scroll_set: Mouse scroll set to 0/0[0m
[00:00:20.846,771] [0m<dbg> zmk: zmk_hid_mouse_movement_set: Mouse movement set to 0/0[0m
[00:00:20.854,675] [0m<dbg> zmk: apply_config: LISTENER INDEX: 0[0m
[00:00:20.854,705] [0m<dbg> zmk: scale_val: scaled 7 with 1/1 to 7 with remainder 0[0m
[00:00:20.854,766] [0m<dbg> zmk: apply_config: LISTENER INDEX: 0[0m
[00:00:20.854,766] [0m<dbg> zmk: scale_val: scaled 13 with 1/1 to 13 with remainder 0[0m
[00:00:20.854,797] [0m<dbg> zmk: zmk_hid_mouse_movement_set: Mouse movement set to 7/13[0m
[00:00:20.854,858] [0m<dbg> zmk: zmk_hid_mouse_scroll_set: Mouse scroll set to 0/0[0m
[00:00:20.854,858] [0m<dbg> zmk: zmk_hid_mouse_movement_set: Mouse movement set to 0/0[0m
[00:00:20.862,823] [0m<dbg> zmk: apply_config: LISTENER INDEX: 0[0m
[00:00:20.862,854] [0m<dbg> zmk: scale_val: scaled 3 with 1/1 to 3 with remainder 0[0m
[00:00:20.862,915] [0m<dbg> zmk: apply_config: LISTENER INDEX: 0[0m
[00:00:20.862,915] [0m<dbg> zmk: scale_val: scaled 9 with 1/1 to 9 with remainder 0[0m
[00:00:20.862,945] [0m<dbg> zmk: zmk_hid_mouse_movement_set: Mouse movement set to 3/9[0m
[00:00:20.863,006] [0m<dbg> zmk: zmk_hid_mouse_scroll_set: Mouse scroll set to 0/0[0m
[00:00:20.863,006] [0m<dbg> zmk: zmk_hid_mouse_movement_set: Mouse movement set to 0/0[0m
[00:00:20.870,910] [0m<dbg> zmk: apply_config: LISTENER INDEX: 0[0m
[00:00:20.870,941] [0m<dbg> zmk: scale_val: scaled 0 with 1/1 to 0 with remainder 0[0m
[00:00:20.871,002] [0m<dbg> zmk: apply_config: LISTENER INDEX: 0[0m
[00:00:20.871,002] [0m<dbg> zmk: scale_val: scaled 9 with 1/1 to 9 with remainder 0[0m
[00:00:20.871,032] [0m<dbg> zmk: zmk_hid_mouse_movement_set: Mouse movement set to 0/9[0m
[00:00:20.871,063] [0m<dbg> zmk: zmk_hid_mouse_scroll_set: Mouse scroll set to 0/0[0m
[00:00:20.871,093] [0m<dbg> zmk: zmk_hid_mouse_movement_set: Mouse movement set to 0/0[0m
[00:00:20.878,875] [0m<dbg> zmk: apply_config: LISTENER INDEX: 0[0m
[00:00:20.878,875] [0m<dbg> zmk: scale_val: scaled -3 with 1/1 to -3 with remainder 0[0m
[00:00:20.878,936] [0m<dbg> zmk: apply_config: LISTENER INDEX: 0[0m
[00:00:20.878,967] [0m<dbg> zmk: scale_val: scaled 3 with 1/1 to 3 with remainder 0[0m
[00:00:20.878,967] [0m<dbg> zmk: zmk_hid_mouse_movement_set: Mouse movement set to -3/3[0m
[00:00:20.879,028] [0m<dbg> zmk: zmk_hid_mouse_scroll_set: Mouse scroll set to 0/0[0m
[00:00:20.879,058] [0m<dbg> zmk: zmk_hid_mouse_movement_set: Mouse movement set to 0/0[0m
[00:00:20.886,413] [0m<dbg> zmk: apply_config: LISTENER INDEX: 0[0m
[00:00:20.886,413] [0m<dbg> zmk: scale_val: scaled -11 with 1/1 to -11 with remainder 0[0m
[00:00:20.886,474] [0m<dbg> zmk: apply_config: LISTENER INDEX: 0[0m
[00:00:20.886,505] [0m<dbg> zmk: scale_val: scaled 2 with 1/1 to 2 with remainder 0[0m
[00:00:20.886,505] [0m<dbg> zmk: zmk_hid_mouse_movement_set: Mouse movement set to -11/2[0m
[00:00:20.886,566] [0m<dbg> zmk: zmk_hid_mouse_scroll_set: Mouse scroll set to 0/0[0m
[00:00:20.886,596] [0m<dbg> zmk: zmk_hid_mouse_movement_set: Mouse movement set to 0/0[0m
[00:00:20.894,226] [0m<dbg> zmk: apply_config: LISTENER INDEX: 0[0m
[00:00:20.894,256] [0m<dbg> zmk: scale_val: scaled -24 with 1/1 to -24 with remainder 0[0m
[00:00:20.894,287] [0m<dbg> zmk: apply_config: LISTENER INDEX: 0[0m
[00:00:20.894,317] [0m<dbg> zmk: scale_val: scaled 1 with 1/1 to 1 with remainder 0[0m
[00:00:20.894,348] [0m<dbg> zmk: zmk_hid_mouse_movement_set: Mouse movement set to -24/1[0m
[00:00:20.894,378] [0m<dbg> zmk: zmk_hid_mouse_scroll_set: Mouse scroll set to 0/0[0m
[00:00:20.894,409] [0m<dbg> zmk: zmk_hid_mouse_movement_set: Mouse movement set to 0/0[0m
[00:00:20.902,343] [0m<dbg> zmk: apply_config: LISTENER INDEX: 0[0m
[00:00:20.902,374] [0m<dbg> zmk: scale_val: scaled -33 with 1/1 to -33 with remainder 0[0m
[00:00:20.902,404] [0m<dbg> zmk: apply_config: LISTENER INDEX: 0[0m
[00:00:20.902,435] [0m<dbg> zmk: scale_val: scaled 1 with 1/1 to 1 with remainder 0[0m
[00:00:20.902,465] [0m<dbg> zmk: zmk_hid_mouse_movement_set: Mouse movement set to -33/1[0m
[00:00:20.902,526] [0m<dbg> zmk: zmk_hid_mouse_scroll_set: Mouse scroll set to 0/0[0m
[00:00:20.902,526] [0m<dbg> zmk: zmk_hid_mouse_movement_set: Mouse movement set to 0/0[0m
[00:00:20.910,461] [0m<dbg> zmk: apply_config: LISTENER INDEX: 0[0m
[00:00:20.910,491] [0m<dbg> zmk: scale_val: scaled -41 with 1/1 to -41 with remainder 0[0m
[00:00:20.910,552] [0m<dbg> zmk: apply_config: LISTENER INDEX: 0[0m
[00:00:20.910,552] [0m<dbg> zmk: scale_val: scaled 0 with 1/1 to 0 with remainder 0[0m
[00:00:20.910,583] [0m<dbg> zmk: zmk_hid_mouse_movement_set: Mouse movement set to -41/0[0m
[00:00:20.910,644] [0m<dbg> zmk: zmk_hid_mouse_scroll_set: Mouse scroll set to 0/0[0m
[00:00:20.910,644] [0m<dbg> zmk: zmk_hid_mouse_movement_set: Mouse movement set to 0/0[0m
[00:00:20.918,487] [0m<dbg> zmk: apply_config: LISTENER INDEX: 0[0m
[00:00:20.918,579] [0m<dbg> zmk: scale_val: scaled -49 with 1/1 to -49 with remainder 0[0m
[00:00:20.918,640] [0m<dbg> zmk: apply_config: LISTENER INDEX: 0[0m
[00:00:20.918,640] [0m<dbg> zmk: scale_val: scaled -1 with 1/1 to -1 with remainder 0[0m
[00:00:20.918,670] [0m<dbg> zmk: zmk_hid_mouse_movement_set: Mouse movement set to -49/-1[0m
[00:00:20.918,731] [0m<dbg> zmk: zmk_hid_mouse_scroll_set: Mouse scroll set to 0/0[0m
[00:00:20.918,731] [0m<dbg> zmk: zmk_hid_mouse_movement_set: Mouse movement set to 0/0[0m
[00:00:20.926,788] [0m<dbg> zmk: apply_config: LISTENER INDEX: 0[0m
[00:00:20.926,818] [0m<dbg> zmk: scale_val: scaled -49 with 1/1 to -49 with remainder 0[0m
[00:00:20.926,879] [0m<dbg> zmk: apply_config: LISTENER INDEX: 0[0m
[00:00:20.926,879] [0m<dbg> zmk: scale_val: scaled -1 with 1/1 to -1 with remainder 0[0m
[00:00:20.926,910] [0m<dbg> zmk: zmk_hid_mouse_movement_set: Mouse movement set to -49/-1[0m
[00:00:20.926,971] [0m<dbg> zmk: zmk_hid_mouse_scroll_set: Mouse scroll set to 0/0[0m
[00:00:20.926,971] [0m<dbg> zmk: zmk_hid_mouse_movement_set: Mouse movement set to 0/0[0m
[00:00:20.935,302] [0m<dbg> zmk: apply_config: LISTENER INDEX: 0[0m
[00:00:20.935,333] [0m<dbg> zmk: scale_val: scaled -49 with 1/1 to -49 with remainder 0[0m
[00:00:20.935,363] [0m<dbg> zmk: apply_config: LISTENER INDEX: 0[0m
[00:00:20.935,394] [0m<dbg> zmk: scale_val: scaled -1 with 1/1 to -1 with remainder 0[0m
[00:00:20.935,424] [0m<dbg> zmk: zmk_hid_mouse_movement_set: Mouse movement set to -49/-1[0m
[00:00:20.935,485] [0m<dbg> zmk: zmk_hid_mouse_scroll_set: Mouse scroll set to 0/0[0m
[00:00:20.935,485] [0m<dbg> zmk: zmk_hid_mouse_movement_set: Mouse movement set to 0/0[0m
[00:00:20.943,359] [0m<dbg> zmk: apply_config: LISTENER INDEX: 0[0m
[00:00:20.943,359] [0m<dbg> zmk: scale_val: scaled -53 with 1/1 to -53 with remainder 0[0m
[00:00:20.943,420] [0m<dbg> zmk: apply_config: LISTENER INDEX: 0[0m
[00:00:20.943,450] [0m<dbg> zmk: scale_val: scaled -3 with 1/1 to -3 with remainder 0[0m
[00:00:20.943,450] [0m<dbg> zmk: zmk_hid_mouse_movement_set: Mouse movement set to -53/-3[0m
[00:00:20.943,725] [0m<dbg> zmk: zmk_hid_mouse_scroll_set: Mouse scroll set to 0/0[0m
[00:00:20.943,725] [0m<dbg> zmk: zmk_hid_mouse_movement_set: Mouse movement set to 0/0[0m
[00:00:20.950,683] [0m<dbg> zmk: apply_config: LISTENER INDEX: 0[0m
[00:00:20.950,683] [0m<dbg> zmk: scale_val: scaled -41 with 1/1 to -41 with remainder 0[0m
[00:00:20.950,744] [0m<dbg> zmk: apply_config: LISTENER INDEX: 0[0m
[00:00:20.950,775] [0m<dbg> zmk: scale_val: scaled -5 with 1/1 to -5 with remainder 0[0m
[00:00:20.950,775] [0m<dbg> zmk: zmk_hid_mouse_movement_set: Mouse movement set to -41/-5[0m
[00:00:20.950,836] [0m<dbg> zmk: zmk_hid_mouse_scroll_set: Mouse scroll set to 0/0[0m
[00:00:20.950,866] [0m<dbg> zmk: zmk_hid_mouse_movement_set: Mouse movement set to 0/0[0m
[00:00:20.958,709] [0m<dbg> zmk: apply_config: LISTENER INDEX: 0[0m
[00:00:20.958,740] [0m<dbg> zmk: scale_val: scaled -41 with 1/1 to -41 with remainder 0[0m
[00:00:20.958,801] [0m<dbg> zmk: apply_config: LISTENER INDEX: 0[0m
[00:00:20.958,801] [0m<dbg> zmk: scale_val: scaled -9 with 1/1 to -9 with remainder 0[0m
[00:00:20.958,831] [0m<dbg> zmk: zmk_hid_mouse_movement_set: Mouse movement set to -41/-9[0m
[00:00:20.958,892] [0m<dbg> zmk: zmk_hid_mouse_scroll_set: Mouse scroll set to 0/0[0m
[00:00:20.958,892] [0m<dbg> zmk: zmk_hid_mouse_movement_set: Mouse movement set to 0/0[0m
[00:00:20.966,796] [0m<dbg> zmk: apply_config: LISTENER INDEX: 0[0m
[00:00:20.966,796] [0m<dbg> zmk: scale_val: scaled -33 with 1/1 to -33 with remainder 0[0m
[00:00:20.966,857] [0m<dbg> zmk: apply_config: LISTENER INDEX: 0[0m
[00:00:20.966,888] [0m<dbg> zmk: scale_val: scaled -18 with 1/1 to -18 with remainder 0[0m
[00:00:20.966,888] [0m<dbg> zmk: zmk_hid_mouse_movement_set: Mouse movement set to -33/-18[0m
[00:00:20.966,949] [0m<dbg> zmk: zmk_hid_mouse_scroll_set: Mouse scroll set to 0/0[0m
[00:00:20.966,979] [0m<dbg> zmk: zmk_hid_mouse_movement_set: Mouse movement set to 0/0[0m
[00:00:20.974,853] [0m<dbg> zmk: apply_config: LISTENER INDEX: 0[0m
[00:00:20.974,853] [0m<dbg> zmk: scale_val: scaled -30 with 1/1 to -30 with remainder 0[0m
[00:00:20.974,914] [0m<dbg> zmk: apply_config: LISTENER INDEX: 0[0m
[00:00:20.974,945] [0m<dbg> zmk: scale_val: scaled -30 with 1/1 to -30 with remainder 0[0m
[00:00:20.974,945] [0m<dbg> zmk: zmk_hid_mouse_movement_set: Mouse movement set to -30/-30[0m
[00:00:20.975,006] [0m<dbg> zmk: zmk_hid_mouse_scroll_set: Mouse scroll set to 0/0[0m
[00:00:20.975,036] [0m<dbg> zmk: zmk_hid_mouse_movement_set: Mouse movement set to 0/0[0m
[00:00:20.983,032] [0m<dbg> zmk: apply_config: LISTENER INDEX: 0[0m
[00:00:20.983,062] [0m<dbg> zmk: scale_val: scaled -24 with 1/1 to -24 with remainder 0[0m
[00:00:20.983,215] [0m<dbg> zmk: apply_config: LISTENER INDEX: 0[0m
[00:00:20.983,245] [0m<dbg> zmk: scale_val: scaled -53 with 1/1 to -53 with remainder 0[0m
[00:00:20.983,245] [0m<dbg> zmk: zmk_hid_mouse_movement_set: Mouse movement set to -24/-53[0m
[00:00:20.983,306] [0m<dbg> zmk: zmk_hid_mouse_scroll_set: Mouse scroll set to 0/0[0m
[00:00:20.983,337] [0m<dbg> zmk: zmk_hid_mouse_movement_set: Mouse movement set to 0/0[0m
[00:00:20.991,729] [0m<dbg> zmk: apply_config: LISTENER INDEX: 0[0m
[00:00:20.991,760] [0m<dbg> zmk: scale_val: scaled -24 with 1/1 to -24 with remainder 0[0m
[00:00:20.991,821] [0m<dbg> zmk: apply_config: LISTENER INDEX: 0[0m
[00:00:20.991,851] [0m<dbg> zmk: scale_val: scaled -57 with 1/1 to -57 with remainder 0[0m
[00:00:20.991,851] [0m<dbg> zmk: zmk_hid_mouse_movement_set: Mouse movement set to -24/-57[0m
[00:00:20.991,912] [0m<dbg> zmk: zmk_hid_mouse_scroll_set: Mouse scroll set to 0/0[0m
[00:00:20.991,912] [0m<dbg> zmk: zmk_hid_mouse_movement_set: Mouse movement set to 0/0[0m
[00:00:20.999,786] [0m<dbg> zmk: apply_config: LISTENER INDEX: 0[0m
[00:00:20.999,786] [0m<dbg> zmk: scale_val: scaled -21 with 1/1 to -21 with remainder 0[0m
[00:00:20.999,847] [0m<dbg> zmk: apply_config: LISTENER INDEX: 0[0m
[00:00:20.999,877] [0m<dbg> zmk: scale_val: scaled -62 with 1/1 to -62 with remainder 0[0m
[00:00:20.999,877] [0m<dbg> zmk: zmk_hid_mouse_movement_set: Mouse movement set to -21/-62[0m
[00:00:21.000,091] [0m<dbg> zmk: zmk_hid_mouse_scroll_set: Mouse scroll set to 0/0[0m
[00:00:21.000,396] [0m<dbg> zmk: zmk_hid_mouse_movement_set: Mouse movement set to 0/0[0m
[00:00:21.007,934] [0m<dbg> zmk: apply_config: LISTENER INDEX: 0[0m
[00:00:21.007,934] [0m<dbg> zmk: scale_val: scaled -18 with 1/1 to -18 with remainder 0[0m
[00:00:21.007,995] [0m<dbg> zmk: apply_config: LISTENER INDEX: 0[0m
[00:00:21.008,026] [0m<dbg> zmk: scale_val: scaled -53 with 1/1 to -53 with remainder 0[0m
[00:00:21.008,026] [0m<dbg> zmk: zmk_hid_mouse_movement_set: Mouse movement set to -18/-53[0m
[00:00:21.008,087] [0m<dbg> zmk: zmk_hid_mouse_scroll_set: Mouse scroll set to 0/0[0m
[00:00:21.008,117] [0m<dbg> zmk: zmk_hid_mouse_movement_set: Mouse movement set to 0/0[0m
[00:00:21.015,167] [0m<dbg> zmk: apply_config: LISTENER INDEX: 0[0m
[00:00:21.015,228] [0m<dbg> zmk: scale_val: scaled -15 with 1/1 to -15 with remainder 0[0m
[00:00:21.015,289] [0m<dbg> zmk: apply_config: LISTENER INDEX: 0[0m
[00:00:21.015,319] [0m<dbg> zmk: scale_val: scaled -45 with 1/1 to -45 with remainder 0[0m
[00:00:21.015,319] [0m<dbg> zmk: zmk_hid_mouse_movement_set: Mouse movement set to -15/-45[0m
[00:00:21.015,380] [0m<dbg> zmk: zmk_hid_mouse_scroll_set: Mouse scroll set to 0/0[0m
[00:00:21.015,411] [0m<dbg> zmk: zmk_hid_mouse_movement_set: Mouse movement set to 0/0[0m
[00:00:21.023,223] [0m<dbg> zmk: apply_config: LISTENER INDEX: 0[0m
[00:00:21.023,254] [0m<dbg> zmk: scale_val: scaled -18 with 1/1 to -18 with remainder 0[0m
[00:00:21.023,284] [0m<dbg> zmk: apply_config: LISTENER INDEX: 0[0m
[00:00:21.023,315] [0m<dbg> zmk: scale_val: scaled -33 with 1/1 to -33 with remainder 0[0m
[00:00:21.023,345] [0m<dbg> zmk: zmk_hid_mouse_movement_set: Mouse movement set to -18/-33[0m
[00:00:21.023,376] [0m<dbg> zmk: zmk_hid_mouse_scroll_set: Mouse scroll set to 0/0[0m
[00:00:21.023,406] [0m<dbg> zmk: zmk_hid_mouse_movement_set: Mouse movement set to 0/0[0m
[00:00:21.031,280] [0m<dbg> zmk: apply_config: LISTENER INDEX: 0[0m
[00:00:21.031,311] [0m<dbg> zmk: scale_val: scaled -13 with 1/1 to -13 with remainder 0[0m
[00:00:21.031,341] [0m<dbg> zmk: apply_config: LISTENER INDEX: 0[0m
[00:00:21.031,372] [0m<dbg> zmk: scale_val: scaled -33 with 1/1 to -33 with remainder 0[0m
[00:00:21.031,402] [0m<dbg> zmk: zmk_hid_mouse_movement_set: Mouse movement set to -13/-33[0m
[00:00:21.031,433] [0m<dbg> zmk: zmk_hid_mouse_scroll_set: Mouse scroll set to 0/0[0m
[00:00:21.031,463] [0m<dbg> zmk: zmk_hid_mouse_movement_set: Mouse movement set to 0/0[0m
[00:00:21.039,489] [0m<dbg> zmk: apply_config: LISTENER INDEX: 0[0m
[00:00:21.039,520] [0m<dbg> zmk: scale_val: scaled -13 with 1/1 to -13 with remainder 0[0m
[00:00:21.039,581] [0m<dbg> zmk: apply_config: LISTENER INDEX: 0[0m
[00:00:21.039,581] [0m<dbg> zmk: scale_val: scaled -33 with 1/1 to -33 with remainder 0[0m
[00:00:21.039,611] [0m<dbg> zmk: zmk_hid_mouse_movement_set: Mouse movement set to -13/-33[0m
[00:00:21.039,672] [0m<dbg> zmk: zmk_hid_mouse_scroll_set: Mouse scroll set to 0/0[0m
[00:00:21.039,672] [0m<dbg> zmk: zmk_hid_mouse_movement_set: Mouse movement set to 0/0[0m
[00:00:21.047,485] [0m<dbg> zmk: apply_config: LISTENER INDEX: 0[0m
[00:00:21.047,485] [0m<dbg> zmk: scale_val: scaled -7 with 1/1 to -7 with remainder 0[0m
[00:00:21.047,546] [0m<dbg> zmk: apply_config: LISTENER INDEX: 0[0m
[00:00:21.047,576] [0m<dbg> zmk: scale_val: scaled -37 with 1/1 to -37 with remainder 0[0m
[00:00:21.047,576] [0m<dbg> zmk: zmk_hid_mouse_movement_set: Mouse movement set to -7/-37[0m
[00:00:21.047,637] [0m<dbg> zmk: zmk_hid_mouse_scroll_set: Mouse scroll set to 0/0[0m
[00:00:21.047,668] [0m<dbg> zmk: zmk_hid_mouse_movement_set: Mouse movement set to 0/0[0m
[00:00:21.055,480] [0m<dbg> zmk: apply_config: LISTENER INDEX: 0[0m
[00:00:21.055,511] [0m<dbg> zmk: scale_val: scaled -7 with 1/1 to -7 with remainder 0[0m
[00:00:21.055,572] [0m<dbg> zmk: apply_config: LISTENER INDEX: 0[0m
[00:00:21.055,603] [0m<dbg> zmk: scale_val: scaled -41 with 1/1 to -41 with remainder 0[0m
[00:00:21.055,603] [0m<dbg> zmk: zmk_hid_mouse_movement_set: Mouse movement set to -7/-41[0m
[00:00:21.055,664] [0m<dbg> zmk: zmk_hid_mouse_scroll_set: Mouse scroll set to 0/0[0m
[00:00:21.055,694] [0m<dbg> zmk: zmk_hid_mouse_movement_set: Mouse movement set to 0/0[0m
[00:00:21.063,537] [0m<dbg> zmk: apply_config: LISTENER INDEX: 0[0m
[00:00:21.063,537] [0m<dbg> zmk: scale_val: scaled -7 with 1/1 to -7 with remainder 0[0m
[00:00:21.063,598] [0m<dbg> zmk: apply_config: LISTENER INDEX: 0[0m
[00:00:21.063,629] [0m<dbg> zmk: scale_val: scaled -49 with 1/1 to -49 with remainder 0[0m
[00:00:21.063,629] [0m<dbg> zmk: zmk_hid_mouse_movement_set: Mouse movement set to -7/-49[0m
[00:00:21.063,842] [0m<dbg> zmk: zmk_hid_mouse_scroll_set: Mouse scroll set to 0/0[0m
[00:00:21.063,934] [0m<dbg> zmk: zmk_hid_mouse_movement_set: Mouse movement set to 0/0[0m
[00:00:21.071,594] [0m<dbg> zmk: apply_config: LISTENER INDEX: 0[0m
[00:00:21.071,624] [0m<dbg> zmk: scale_val: scaled -1 with 1/1 to -1 with remainder 0[0m
[00:00:21.071,655] [0m<dbg> zmk: apply_config: LISTENER INDEX: 0[0m
[00:00:21.071,685] [0m<dbg> zmk: scale_val: scaled -57 with 1/1 to -57 with remainder 0[0m
[00:00:21.071,716] [0m<dbg> zmk: zmk_hid_mouse_movement_set: Mouse movement set to -1/-57[0m
[00:00:21.071,746] [0m<dbg> zmk: zmk_hid_mouse_scroll_set: Mouse scroll set to 0/0[0m
[00:00:21.071,777] [0m<dbg> zmk: zmk_hid_mouse_movement_set: Mouse movement set to 0/0[0m
[00:00:21.079,650] [0m<dbg> zmk: apply_config: LISTENER INDEX: 0[0m
[00:00:21.079,681] [0m<dbg> zmk: scale_val: scaled 0 with 1/1 to 0 with remainder 0[0m
[00:00:21.079,742] [0m<dbg> zmk: apply_config: LISTENER INDEX: 0[0m
[00:00:21.079,742] [0m<dbg> zmk: scale_val: scaled -45 with 1/1 to -45 with remainder 0[0m
[00:00:21.079,772] [0m<dbg> zmk: zmk_hid_mouse_movement_set: Mouse movement set to 0/-45[0m
[00:00:21.079,833] [0m<dbg> zmk: zmk_hid_mouse_scroll_set: Mouse scroll set to 0/0[0m
[00:00:21.079,833] [0m<dbg> zmk: zmk_hid_mouse_movement_set: Mouse movement set to 0/0[0m
[00:00:21.087,921] [0m<dbg> zmk: apply_config: LISTENER INDEX: 0[0m
[00:00:21.087,951] [0m<dbg> zmk: scale_val: scaled 2 with 1/1 to 2 with remainder 0[0m
[00:00:21.087,982] [0m<dbg> zmk: apply_config: LISTENER INDEX: 0[0m
[00:00:21.088,012] [0m<dbg> zmk: scale_val: scaled -33 with 1/1 to -33 with remainder 0[0m
[00:00:21.088,012] [0m<dbg> zmk: zmk_hid_mouse_movement_set: Mouse movement set to 2/-33[0m
[00:00:21.088,073] [0m<dbg> zmk: zmk_hid_mouse_scroll_set: Mouse scroll set to 0/0[0m
[00:00:21.088,195] [0m<dbg> zmk: zmk_hid_mouse_movement_set: Mouse movement set to 0/0[0m
[00:00:21.096,618] [0m<dbg> zmk: apply_config: LISTENER INDEX: 0[0m
[00:00:21.096,649] [0m<dbg> zmk: scale_val: scaled 9 with 1/1 to 9 with remainder 0[0m
[00:00:21.096,710] [0m<dbg> zmk: apply_config: LISTENER INDEX: 0[0m
[00:00:21.096,740] [0m<dbg> zmk: scale_val: scaled -33 with 1/1 to -33 with remainder 0[0m
[00:00:21.096,740] [0m<dbg> zmk: zmk_hid_mouse_movement_set: Mouse movement set to 9/-33[0m
[00:00:21.096,801] [0m<dbg> zmk: zmk_hid_mouse_scroll_set: Mouse scroll set to 0/0[0m
[00:00:21.096,801] [0m<dbg> zmk: zmk_hid_mouse_movement_set: Mouse movement set to 0/0[0m
[00:00:21.103,851] [0m<dbg> zmk: apply_config: LISTENER INDEX: 0[0m
[00:00:21.103,881] [0m<dbg> zmk: scale_val: scaled 13 with 1/1 to 13 with remainder 0[0m
[00:00:21.103,942] [0m<dbg> zmk: apply_config: LISTENER INDEX: 0[0m
[00:00:21.103,973] [0m<dbg> zmk: scale_val: scaled -30 with 1/1 to -30 with remainder 0[0m
[00:00:21.103,973] [0m<dbg> zmk: zmk_hid_mouse_movement_set: Mouse movement set to 13/-30[0m
[00:00:21.104,034] [0m<dbg> zmk: zmk_hid_mouse_scroll_set: Mouse scroll set to 0/0[0m
[00:00:21.104,034] [0m<dbg> zmk: zmk_hid_mouse_movement_set: Mouse movement set to 0/0[0m
[00:00:21.111,907] [0m<dbg> zmk: apply_config: LISTENER INDEX: 0[0m
[00:00:21.111,907] [0m<dbg> zmk: scale_val: scaled 24 with 1/1 to 24 with remainder 0[0m
[00:00:21.111,968] [0m<dbg> zmk: apply_config: LISTENER INDEX: 0[0m
[00:00:21.111,999] [0m<dbg> zmk: scale_val: scaled -21 with 1/1 to -21 with remainder 0[0m
[00:00:21.111,999] [0m<dbg> zmk: zmk_hid_mouse_movement_set: Mouse movement set to 24/-21[0m
[00:00:21.112,396] [0m<dbg> zmk: zmk_hid_mouse_scroll_set: Mouse scroll set to 0/0[0m
[00:00:21.112,426] [0m<dbg> zmk: zmk_hid_mouse_movement_set: Mouse movement set to 0/0[0m
[00:00:21.119,964] [0m<dbg> zmk: apply_config: LISTENER INDEX: 0[0m
[00:00:21.119,995] [0m<dbg> zmk: scale_val: scaled 30 with 1/1 to 30 with remainder 0[0m
[00:00:21.120,056] [0m<dbg> zmk: apply_config: LISTENER INDEX: 0[0m
[00:00:21.120,086] [0m<dbg> zmk: scale_val: scaled -15 with 1/1 to -15 with remainder 0[0m
[00:00:21.120,086] [0m<dbg> zmk: zmk_hid_mouse_movement_set: Mouse movement set to 30/-15[0m
[00:00:21.120,147] [0m<dbg> zmk: zmk_hid_mouse_scroll_set: Mouse scroll set to 0/0[0m
[00:00:21.120,178] [0m<dbg> zmk: zmk_hid_mouse_movement_set: Mouse movement set to 0/0[0m
[00:00:21.128,112] [0m<dbg> zmk: apply_config: LISTENER INDEX: 0[0m
[00:00:21.128,143] [0m<dbg> zmk: scale_val: scaled 33 with 1/1 to 33 with remainder 0[0m
[00:00:21.128,173] [0m<dbg> zmk: apply_config: LISTENER INDEX: 0[0m
[00:00:21.128,204] [0m<dbg> zmk: scale_val: scaled -11 with 1/1 to -11 with remainder 0[0m
[00:00:21.128,234] [0m<dbg> zmk: zmk_hid_mouse_movement_set: Mouse movement set to 33/-11[0m
[00:00:21.128,326] [0m<dbg> zmk: zmk_hid_mouse_scroll_set: Mouse scroll set to 0/0[0m
[00:00:21.128,356] [0m<dbg> zmk: zmk_hid_mouse_movement_set: Mouse movement set to 0/0[0m
[00:00:21.136,077] [0m<dbg> zmk: apply_config: LISTENER INDEX: 0[0m
[00:00:21.136,108] [0m<dbg> zmk: scale_val: scaled 37 with 1/1 to 37 with remainder 0[0m
[00:00:21.136,169] [0m<dbg> zmk: apply_config: LISTENER INDEX: 0[0m
[00:00:21.136,169] [0m<dbg> zmk: scale_val: scaled -5 with 1/1 to -5 with remainder 0[0m
[00:00:21.136,199] [0m<dbg> zmk: zmk_hid_mouse_movement_set: Mouse movement set to 37/-5[0m
[00:00:21.136,505] [0m<dbg> zmk: zmk_hid_mouse_scroll_set: Mouse scroll set to 0/0[0m
[00:00:21.136,566] [0m<dbg> zmk: zmk_hid_mouse_movement_set: Mouse movement set to 0/0[0m
[00:00:21.144,165] [0m<dbg> zmk: apply_config: LISTENER INDEX: 0[0m
[00:00:21.144,226] [0m<dbg> zmk: scale_val: scaled 37 with 1/1 to 37 with remainder 0[0m
[00:00:21.144,287] [0m<dbg> zmk: apply_config: LISTENER INDEX: 0[0m
[00:00:21.144,317] [0m<dbg> zmk: scale_val: scaled -3 with 1/1 to -3 with remainder 0[0m
[00:00:21.144,317] [0m<dbg> zmk: zmk_hid_mouse_movement_set: Mouse movement set to 37/-3[0m
[00:00:21.144,378] [0m<dbg> zmk: zmk_hid_mouse_scroll_set: Mouse scroll set to 0/0[0m
[00:00:21.144,409] [0m<dbg> zmk: zmk_hid_mouse_movement_set: Mouse movement set to 0/0[0m
[00:00:21.152,252] [0m<dbg> zmk: apply_config: LISTENER INDEX: 0[0m
[00:00:21.152,252] [0m<dbg> zmk: scale_val: scaled 45 with 1/1 to 45 with remainder 0[0m
[00:00:21.152,313] [0m<dbg> zmk: apply_config: LISTENER INDEX: 0[0m
[00:00:21.152,343] [0m<dbg> zmk: scale_val: scaled -3 with 1/1 to -3 with remainder 0[0m
[00:00:21.152,343] [0m<dbg> zmk: zmk_hid_mouse_movement_set: Mouse movement set to 45/-3[0m
[00:00:21.152,404] [0m<dbg> zmk: zmk_hid_mouse_scroll_set: Mouse scroll set to 0/0[0m
[00:00:21.152,435] [0m<dbg> zmk: zmk_hid_mouse_movement_set: Mouse movement set to 0/0[0m
[00:00:21.160,308] [0m<dbg> zmk: apply_config: LISTENER INDEX: 0[0m
[00:00:21.160,308] [0m<dbg> zmk: scale_val: scaled 41 with 1/1 to 41 with remainder 0[0m
[00:00:21.160,369] [0m<dbg> zmk: apply_config: LISTENER INDEX: 0[0m
[00:00:21.160,400] [0m<dbg> zmk: scale_val: scaled -2 with 1/1 to -2 with remainder 0[0m
[00:00:21.160,430] [0m<dbg> zmk: zmk_hid_mouse_movement_set: Mouse movement set to 41/-2[0m
[00:00:21.160,461] [0m<dbg> zmk: zmk_hid_mouse_scroll_set: Mouse scroll set to 0/0[0m
[00:00:21.160,491] [0m<dbg> zmk: zmk_hid_mouse_movement_set: Mouse movement set to 0/0[0m
[00:00:21.168,334] [0m<dbg> zmk: apply_config: LISTENER INDEX: 0[0m
[00:00:21.168,365] [0m<dbg> zmk: scale_val: scaled 49 with 1/1 to 49 with remainder 0[0m
[00:00:21.168,548] [0m<dbg> zmk: apply_config: LISTENER INDEX: 0[0m
[00:00:21.168,579] [0m<dbg> zmk: scale_val: scaled -1 with 1/1 to -1 with remainder 0[0m
[00:00:21.168,670] [0m<dbg> zmk: zmk_hid_mouse_movement_set: Mouse movement set to 49/-1[0m
[00:00:21.168,731] [0m<dbg> zmk: zmk_hid_mouse_scroll_set: Mouse scroll set to 0/0[0m
[00:00:21.168,731] [0m<dbg> zmk: zmk_hid_mouse_movement_set: Mouse movement set to 0/0[0m
[00:00:21.176,422] [0m<dbg> zmk: apply_config: LISTENER INDEX: 0[0m
[00:00:21.176,452] [0m<dbg> zmk: scale_val: scaled 53 with 1/1 to 53 with remainder 0[0m
[00:00:21.176,513] [0m<dbg> zmk: apply_config: LISTENER INDEX: 0[0m
[00:00:21.176,513] [0m<dbg> zmk: scale_val: scaled 0 with 1/1 to 0 with remainder 0[0m
[00:00:21.176,544] [0m<dbg> zmk: zmk_hid_mouse_movement_set: Mouse movement set to 53/0[0m
[00:00:21.176,605] [0m<dbg> zmk: zmk_hid_mouse_scroll_set: Mouse scroll set to 0/0[0m
[00:00:21.176,605] [0m<dbg> zmk: zmk_hid_mouse_movement_set: Mouse movement set to 0/0[0m
[00:00:21.184,478] [0m<dbg> zmk: apply_config: LISTENER INDEX: 0[0m
[00:00:21.184,478] [0m<dbg> zmk: scale_val: scaled 49 with 1/1 to 49 with remainder 0[0m
[00:00:21.184,539] [0m<dbg> zmk: apply_config: LISTENER INDEX: 0[0m
[00:00:21.184,570] [0m<dbg> zmk: scale_val: scaled 2 with 1/1 to 2 with remainder 0[0m
[00:00:21.184,570] [0m<dbg> zmk: zmk_hid_mouse_movement_set: Mouse movement set to 49/2[0m
[00:00:21.184,631] [0m<dbg> zmk: zmk_hid_mouse_scroll_set: Mouse scroll set to 0/0[0m
[00:00:21.184,661] [0m<dbg> zmk: zmk_hid_mouse_movement_set: Mouse movement set to 0/0[0m
[00:00:21.192,565] [0m<dbg> zmk: apply_config: LISTENER INDEX: 0[0m
[00:00:21.192,596] [0m<dbg> zmk: scale_val: scaled 49 with 1/1 to 49 with remainder 0[0m
[00:00:21.192,657] [0m<dbg> zmk: apply_config: LISTENER INDEX: 0[0m
[00:00:21.192,657] [0m<dbg> zmk: scale_val: scaled 3 with 1/1 to 3 with remainder 0[0m
[00:00:21.192,687] [0m<dbg> zmk: zmk_hid_mouse_movement_set: Mouse movement set to 49/3[0m
[00:00:21.192,749] [0m<dbg> zmk: zmk_hid_mouse_scroll_set: Mouse scroll set to 0/0[0m
[00:00:21.192,749] [0m<dbg> zmk: zmk_hid_mouse_movement_set: Mouse movement set to 0/0[0m
[00:00:21.200,714] [0m<dbg> zmk: apply_config: LISTENER INDEX: 0[0m
[00:00:21.200,744] [0m<dbg> zmk: scale_val: scaled 41 with 1/1 to 41 with remainder 0[0m
[00:00:21.200,805] [0m<dbg> zmk: apply_config: LISTENER INDEX: 0[0m
[00:00:21.200,805] [0m<dbg> zmk: scale_val: scaled 11 with 1/1 to 11 with remainder 0[0m
[00:00:21.200,836] [0m<dbg> zmk: zmk_hid_mouse_movement_set: Mouse movement set to 41/11[0m
[00:00:21.201,080] [0m<dbg> zmk: zmk_hid_mouse_scroll_set: Mouse scroll set to 0/0[0m
[00:00:21.201,080] [0m<dbg> zmk: zmk_hid_mouse_movement_set: Mouse movement set to 0/0[0m
[00:00:21.208,679] [0m<dbg> zmk: apply_config: LISTENER INDEX: 0[0m
[00:00:21.208,679] [0m<dbg> zmk: scale_val: scaled 41 with 1/1 to 41 with remainder 0[0m
[00:00:21.208,740] [0m<dbg> zmk: apply_config: LISTENER INDEX: 0[0m
[00:00:21.208,770] [0m<dbg> zmk: scale_val: scaled 21 with 1/1 to 21 with remainder 0[0m
[00:00:21.208,801] [0m<dbg> zmk: zmk_hid_mouse_movement_set: Mouse movement set to 41/21[0m
[00:00:21.208,831] [0m<dbg> zmk: zmk_hid_mouse_scroll_set: Mouse scroll set to 0/0[0m
[00:00:21.208,862] [0m<dbg> zmk: zmk_hid_mouse_movement_set: Mouse movement set to 0/0[0m
[00:00:21.216,705] [0m<dbg> zmk: apply_config: LISTENER INDEX: 0[0m
[00:00:21.216,735] [0m<dbg> zmk: scale_val: scaled 33 with 1/1 to 33 with remainder 0[0m
[00:00:21.216,796] [0m<dbg> zmk: apply_config: LISTENER INDEX: 0[0m
[00:00:21.216,796] [0m<dbg> zmk: scale_val: scaled 27 with 1/1 to 27 with remainder 0[0m
[00:00:21.216,827] [0m<dbg> zmk: zmk_hid_mouse_movement_set: Mouse movement set to 33/27[0m
[00:00:21.217,010] [0m<dbg> zmk: zmk_hid_mouse_scroll_set: Mouse scroll set to 0/0[0m
[00:00:21.217,224] [0m<dbg> zmk: zmk_hid_mouse_movement_set: Mouse movement set to 0/0[0m
[00:00:21.224,822] [0m<dbg> zmk: apply_config: LISTENER INDEX: 0[0m
[00:00:21.224,853] [0m<dbg> zmk: scale_val: scaled 30 with 1/1 to 30 with remainder 0[0m
[00:00:21.224,914] [0m<dbg> zmk: apply_config: LISTENER INDEX: 0[0m
[00:00:21.224,914] [0m<dbg> zmk: scale_val: scaled 30 with 1/1 to 30 with remainder 0[0m
[00:00:21.224,945] [0m<dbg> zmk: zmk_hid_mouse_movement_set: Mouse movement set to 30/30[0m
[00:00:21.225,006] [0m<dbg> zmk: zmk_hid_mouse_scroll_set: Mouse scroll set to 0/0[0m
[00:00:21.225,036] [0m<dbg> zmk: zmk_hid_mouse_movement_set: Mouse movement set to 0/0[0m
[00:00:21.233,093] [0m<dbg> zmk: apply_config: LISTENER INDEX: 0[0m
[00:00:21.233,123] [0m<dbg> zmk: scale_val: scaled 27 with 1/1 to 27 with remainder 0[0m
[00:00:21.233,154] [0m<dbg> zmk: apply_config: LISTENER INDEX: 0[0m
[00:00:21.233,184] [0m<dbg> zmk: scale_val: scaled 33 with 1/1 to 33 with remainder 0[0m
[00:00:21.233,215] [0m<dbg> zmk: zmk_hid_mouse_movement_set: Mouse movement set to 27/33[0m
[00:00:21.233,245] [0m<dbg> zmk: zmk_hid_mouse_scroll_set: Mouse scroll set to 0/0[0m
[00:00:21.233,276] [0m<dbg> zmk: zmk_hid_mouse_movement_set: Mouse movement set to 0/0[0m
[00:00:21.240,905] [0m<dbg> zmk: apply_config: LISTENER INDEX: 0[0m
[00:00:21.240,936] [0m<dbg> zmk: scale_val: scaled 21 with 1/1 to 21 with remainder 0[0m
[00:00:21.240,966] [0m<dbg> zmk: apply_config: LISTENER INDEX: 0[0m
[00:00:21.240,997] [0m<dbg> zmk: scale_val: scaled 30 with 1/1 to 30 with remainder 0[0m
[00:00:21.241,027] [0m<dbg> zmk: zmk_hid_mouse_movement_set: Mouse movement set to 21/30[0m
[00:00:21.241,058] [0m<dbg> zmk: zmk_hid_mouse_scroll_set: Mouse scroll set to 0/0[0m
[00:00:21.241,088] [0m<dbg> zmk: zmk_hid_mouse_movement_set: Mouse movement set to 0/0[0m
[00:00:21.248,962] [0m<dbg> zmk: apply_config: LISTENER INDEX: 0[0m
[00:00:21.249,023] [0m<dbg> zmk: scale_val: scaled 21 with 1/1 to 21 with remainder 0[0m
[00:00:21.249,053] [0m<dbg> zmk: apply_config: LISTENER INDEX: 0[0m
[00:00:21.249,084] [0m<dbg> zmk: scale_val: scaled 30 with 1/1 to 30 with remainder 0[0m
[00:00:21.249,084] [0m<dbg> zmk: zmk_hid_mouse_movement_set: Mouse movement set to 21/30[0m
[00:00:21.249,145] [0m<dbg> zmk: zmk_hid_mouse_scroll_set: Mouse scroll set to 0/0[0m
[00:00:21.249,176] [0m<dbg> zmk: zmk_hid_mouse_movement_set: Mouse movement set to 0/0[0m
[00:00:21.257,080] [0m<dbg> zmk: apply_config: LISTENER INDEX: 0[0m
[00:00:21.257,080] [0m<dbg> zmk: scale_val: scaled 18 with 1/1 to 18 with remainder 0[0m
[00:00:21.257,141] [0m<dbg> zmk: apply_config: LISTENER INDEX: 0[0m
[00:00:21.257,171] [0m<dbg> zmk: scale_val: scaled 27 with 1/1 to 27 with remainder 0[0m
[00:00:21.257,171] [0m<dbg> zmk: zmk_hid_mouse_movement_set: Mouse movement set to 18/27[0m
[00:00:21.257,232] [0m<dbg> zmk: zmk_hid_mouse_scroll_set: Mouse scroll set to 0/0[0m
[00:00:21.257,263] [0m<dbg> zmk: zmk_hid_mouse_movement_set: Mouse movement set to 0/0[0m
[00:00:21.265,106] [0m<dbg> zmk: apply_config: LISTENER INDEX: 0[0m
[00:00:21.265,136] [0m<dbg> zmk: scale_val: scaled 15 with 1/1 to 15 with remainder 0[0m
[00:00:21.265,197] [0m<dbg> zmk: apply_config: LISTENER INDEX: 0[0m
[00:00:21.265,197] [0m<dbg> zmk: scale_val: scaled 27 with 1/1 to 27 with remainder 0[0m
[00:00:21.265,228] [0m<dbg> zmk: zmk_hid_mouse_movement_set: Mouse movement set to 15/27[0m
[00:00:21.265,289] [0m<dbg> zmk: zmk_hid_mouse_scroll_set: Mouse scroll set to 0/0[0m
[00:00:21.265,350] [0m<dbg> zmk: zmk_hid_mouse_movement_set: Mouse movement set to 0/0[0m
[00:00:21.273,132] [0m<dbg> zmk: apply_config: LISTENER INDEX: 0[0m
[00:00:21.273,162] [0m<dbg> zmk: scale_val: scaled 11 with 1/1 to 11 with remainder 0[0m
[00:00:21.273,223] [0m<dbg> zmk: apply_config: LISTENER INDEX: 0[0m
[00:00:21.273,223] [0m<dbg> zmk: scale_val: scaled 21 with 1/1 to 21 with remainder 0[0m
[00:00:21.273,254] [0m<dbg> zmk: zmk_hid_mouse_movement_set: Mouse movement set to 11/21[0m
[00:00:21.273,315] [0m<dbg> zmk: zmk_hid_mouse_scroll_set: Mouse scroll set to 0/0[0m
[00:00:21.273,315] [0m<dbg> zmk: zmk_hid_mouse_movement_set: Mouse movement set to 0/0[0m
[00:00:21.281,982] [0m<dbg> zmk: apply_config: LISTENER INDEX: 0[0m
[00:00:21.282,012] [0m<dbg> zmk: scale_val: scaled 9 with 1/1 to 9 with remainder 0[0m
[00:00:21.282,073] [0m<dbg> zmk: apply_config: LISTENER INDEX: 0[0m
[00:00:21.282,073] [0m<dbg> zmk: scale_val: scaled 24 with 1/1 to 24 with remainder 0[0m
[00:00:21.282,104] [0m<dbg> zmk: zmk_hid_mouse_movement_set: Mouse movement set to 9/24[0m
[00:00:21.282,165] [0m<dbg> zmk: zmk_hid_mouse_scroll_set: Mouse scroll set to 0/0[0m
[00:00:21.282,165] [0m<dbg> zmk: zmk_hid_mouse_movement_set: Mouse movement set to 0/0[0m
[00:00:21.290,039] [0m<dbg> zmk: apply_config: LISTENER INDEX: 0[0m
[00:00:21.290,069] [0m<dbg> zmk: scale_val: scaled 5 with 1/1 to 5 with remainder 0[0m
[00:00:21.290,130] [0m<dbg> zmk: apply_config: LISTENER INDEX: 0[0m
[00:00:21.290,130] [0m<dbg> zmk: scale_val: scaled 21 with 1/1 to 21 with remainder 0[0m
[00:00:21.290,161] [0m<dbg> zmk: zmk_hid_mouse_movement_set: Mouse movement set to 5/21[0m
[00:00:21.290,222] [0m<dbg> zmk: zmk_hid_mouse_scroll_set: Mouse scroll set to 0/0[0m
[00:00:21.290,222] [0m<dbg> zmk: zmk_hid_mouse_movement_set: Mouse movement set to 0/0[0m
[00:00:21.298,278] [0m<dbg> zmk: apply_config: LISTENER INDEX: 0[0m
[00:00:21.298,278] [0m<dbg> zmk: scale_val: scaled 3 with 1/1 to 3 with remainder 0[0m
[00:00:21.298,339] [0m<dbg> zmk: apply_config: LISTENER INDEX: 0[0m
[00:00:21.298,370] [0m<dbg> zmk: scale_val: scaled 18 with 1/1 to 18 with remainder 0[0m
[00:00:21.298,370] [0m<dbg> zmk: zmk_hid_mouse_movement_set: Mouse movement set to 3/18[0m
[00:00:21.298,431] [0m<dbg> zmk: zmk_hid_mouse_scroll_set: Mouse scroll set to 0/0[0m
[00:00:21.298,461] [0m<dbg> zmk: zmk_hid_mouse_movement_set: Mouse movement set to 0/0[0m
[00:00:21.306,152] [0m<dbg> zmk: apply_config: LISTENER INDEX: 0[0m
[00:00:21.306,182] [0m<dbg> zmk: scale_val: scaled 3 with 1/1 to 3 with remainder 0[0m
[00:00:21.306,213] [0m<dbg> zmk: apply_config: LISTENER INDEX: 0[0m
[00:00:21.306,243] [0m<dbg> zmk: scale_val: scaled 18 with 1/1 to 18 with remainder 0[0m
[00:00:21.306,243] [0m<dbg> zmk: zmk_hid_mouse_movement_set: Mouse movement set to 3/18[0m
[00:00:21.306,304] [0m<dbg> zmk: zmk_hid_mouse_scroll_set: Mouse scroll set to 0/0[0m
[00:00:21.306,335] [0m<dbg> zmk: zmk_hid_mouse_movement_set: Mouse movement set to 0/0[0m
[00:00:21.314,208] [0m<dbg> zmk: apply_config: LISTENER INDEX: 0[0m
[00:00:21.314,208] [0m<dbg> zmk: scale_val: scaled 2 with 1/1 to 2 with remainder 0[0m
[00:00:21.314,270] [0m<dbg> zmk: apply_config: LISTENER INDEX: 0[0m
[00:00:21.314,300] [0m<dbg> zmk: scale_val: scaled 13 with 1/1 to 13 with remainder 0[0m
[00:00:21.314,300] [0m<dbg> zmk: zmk_hid_mouse_movement_set: Mouse movement set to 2/13[0m
[00:00:21.314,361] [0m<dbg> zmk: zmk_hid_mouse_scroll_set: Mouse scroll set to 0/0[0m
[00:00:21.314,392] [0m<dbg> zmk: zmk_hid_mouse_movement_set: Mouse movement set to 0/0[0m
[00:00:21.322,570] [0m<dbg> zmk: apply_config: LISTENER INDEX: 0[0m
[00:00:21.322,601] [0m<dbg> zmk: scale_val: scaled 1 with 1/1 to 1 with remainder 0[0m
[00:00:21.322,631] [0m<dbg> zmk: apply_config: LISTENER INDEX: 0[0m
[00:00:21.322,662] [0m<dbg> zmk: scale_val: scaled 11 with 1/1 to 11 with remainder 0[0m
[00:00:21.322,662] [0m<dbg> zmk: zmk_hid_mouse_movement_set: Mouse movement set to 1/11[0m
[00:00:21.322,814] [0m<dbg> zmk: zmk_hid_mouse_scroll_set: Mouse scroll set to 0/0[0m
[00:00:21.322,845] [0m<dbg> zmk: zmk_hid_mouse_movement_set: Mouse movement set to 0/0[0m
[00:00:21.330,383] [0m<dbg> zmk: apply_config: LISTENER INDEX: 0[0m
[00:00:21.330,413] [0m<dbg> zmk: scale_val: scaled 1 with 1/1 to 1 with remainder 0[0m
[00:00:21.330,474] [0m<dbg> zmk: apply_config: LISTENER INDEX: 0[0m
[00:00:21.330,474] [0m<dbg> zmk: scale_val: scaled 13 with 1/1 to 13 with remainder 0[0m
[00:00:21.330,505] [0m<dbg> zmk: zmk_hid_mouse_movement_set: Mouse movement set to 1/13[0m
[00:00:21.330,566] [0m<dbg> zmk: zmk_hid_mouse_scroll_set: Mouse scroll set to 0/0[0m
[00:00:21.330,566] [0m<dbg> zmk: zmk_hid_mouse_movement_set: Mouse movement set to 0/0[0m
[00:00:21.338,439] [0m<dbg> zmk: apply_config: LISTENER INDEX: 0[0m
[00:00:21.338,470] [0m<dbg> zmk: scale_val: scaled 1 with 1/1 to 1 with remainder 0[0m
[00:00:21.338,531] [0m<dbg> zmk: apply_config: LISTENER INDEX: 0[0m
[00:00:21.338,531] [0m<dbg> zmk: scale_val: scaled 11 with 1/1 to 11 with remainder 0[0m
[00:00:21.338,623] [0m<dbg> zmk: zmk_hid_mouse_movement_set: Mouse movement set to 1/11[0m
[00:00:21.338,653] [0m<dbg> zmk: zmk_hid_mouse_scroll_set: Mouse scroll set to 0/0[0m
[00:00:21.338,684] [0m<dbg> zmk: zmk_hid_mouse_movement_set: Mouse movement set to 0/0[0m
[00:00:21.346,435] [0m<dbg> zmk: apply_config: LISTENER INDEX: 0[0m
[00:00:21.346,435] [0m<dbg> zmk: scale_val: scaled 0 with 1/1 to 0 with remainder 0[0m
[00:00:21.346,527] [0m<dbg> zmk: apply_config: LISTENER INDEX: 0[0m
[00:00:21.346,557] [0m<dbg> zmk: scale_val: scaled 7 with 1/1 to 7 with remainder 0[0m
[00:00:21.346,557] [0m<dbg> zmk: zmk_hid_mouse_movement_set: Mouse movement set to 0/7[0m
[00:00:21.346,618] [0m<dbg> zmk: zmk_hid_mouse_scroll_set: Mouse scroll set to 0/0[0m
[00:00:21.346,649] [0m<dbg> zmk: zmk_hid_mouse_movement_set: Mouse movement set to 0/0[0m
[00:00:21.354,522] [0m<dbg> zmk: apply_config: LISTENER INDEX: 0[0m
[00:00:21.354,553] [0m<dbg> zmk: scale_val: scaled 0 with 1/1 to 0 with remainder 0[0m
[00:00:21.354,614] [0m<dbg> zmk: apply_config: LISTENER INDEX: 0[0m
[00:00:21.354,614] [0m<dbg> zmk: scale_val: scaled 7 with 1/1 to 7 with remainder 0[0m
[00:00:21.354,644] [0m<dbg> zmk: zmk_hid_mouse_movement_set: Mouse movement set to 0/7[0m
[00:00:21.354,675] [0m<dbg> zmk: zmk_hid_mouse_scroll_set: Mouse scroll set to 0/0[0m
[00:00:21.354,705] [0m<dbg> zmk: zmk_hid_mouse_movement_set: Mouse movement set to 0/0[0m
[00:00:21.361,389] [0m<dbg> zmk: apply_config: LISTENER INDEX: 0[0m
[00:00:21.361,389] [0m<dbg> zmk: scale_val: scaled -1 with 1/1 to -1 with remainder 0[0m
[00:00:21.361,450] [0m<dbg> zmk: apply_config: LISTENER INDEX: 0[0m
[00:00:21.361,480] [0m<dbg> zmk: scale_val: scaled 0 with 1/1 to 0 with remainder 0[0m
[00:00:21.361,480] [0m<dbg> zmk: zmk_hid_mouse_movement_set: Mouse movement set to -1/0[0m
[00:00:21.361,541] [0m<dbg> zmk: zmk_hid_mouse_scroll_set: Mouse scroll set to 0/0[0m
[00:00:21.361,572] [0m<dbg> zmk: zmk_hid_mouse_movement_set: Mouse movement set to 0/0[0m
[00:00:21.393,585] [0m<dbg> zmk: apply_config: LISTENER INDEX: 0[0m
[00:00:21.393,585] [0m<dbg> zmk: scale_val: scaled 0 with 1/1 to 0 with remainder 0[0m
[00:00:21.393,646] [0m<dbg> zmk: apply_config: LISTENER INDEX: 0[0m
[00:00:21.393,676] [0m<dbg> zmk: scale_val: scaled 1 with 1/1 to 1 with remainder 0[0m
[00:00:21.393,676] [0m<dbg> zmk: zmk_hid_mouse_movement_set: Mouse movement set to 0/1[0m
[00:00:21.393,737] [0m<dbg> zmk: zmk_hid_mouse_scroll_set: Mouse scroll set to 0/0[0m
[00:00:21.393,768] [0m<dbg> zmk: zmk_hid_mouse_movement_set: Mouse movement set to 0/0[0m
[00:00:21.433,868] [0m<dbg> zmk: apply_config: LISTENER INDEX: 0[0m
[00:00:21.433,868] [0m<dbg> zmk: scale_val: scaled 1 with 1/1 to 1 with remainder 0[0m
[00:00:21.433,929] [0m<dbg> zmk: apply_config: LISTENER INDEX: 0[0m
[00:00:21.433,959] [0m<dbg> zmk: scale_val: scaled 0 with 1/1 to 0 with remainder 0[0m
[00:00:21.433,959] [0m<dbg> zmk: zmk_hid_mouse_movement_set: Mouse movement set to 1/0[0m
[00:00:21.434,020] [0m<dbg> zmk: zmk_hid_mouse_scroll_set: Mouse scroll set to 0/0[0m
[00:00:21.434,051] [0m<dbg> zmk: zmk_hid_mouse_movement_set: Mouse movement set to 0/0[0m
[00:00:21.443,206] [0m<dbg> zmk: apply_config: LISTENER INDEX: 0[0m
[00:00:21.443,206] [0m<dbg> zmk: scale_val: scaled -1 with 1/1 to -1 with remainder 0[0m
[00:00:21.443,267] [0m<dbg> zmk: apply_config: LISTENER INDEX: 0[0m
[00:00:21.443,298] [0m<dbg> zmk: scale_val: scaled -3 with 1/1 to -3 with remainder 0[0m
[00:00:21.443,298] [0m<dbg> zmk: zmk_hid_mouse_movement_set: Mouse movement set to -1/-3[0m
[00:00:21.443,359] [0m<dbg> zmk: zmk_hid_mouse_scroll_set: Mouse scroll set to 0/0[0m
[00:00:21.443,389] [0m<dbg> zmk: zmk_hid_mouse_movement_set: Mouse movement set to 0/0[0m
[00:00:21.451,232] [0m<dbg> zmk: apply_config: LISTENER INDEX: 0[0m
[00:00:21.451,263] [0m<dbg> zmk: scale_val: scaled -3 with 1/1 to -3 with remainder 0[0m
[00:00:21.451,324] [0m<dbg> zmk: apply_config: LISTENER INDEX: 0[0m
[00:00:21.451,324] [0m<dbg> zmk: scale_val: scaled -13 with 1/1 to -13 with remainder 0[0m
[00:00:21.451,354] [0m<dbg> zmk: zmk_hid_mouse_movement_set: Mouse movement set to -3/-13[0m
[00:00:21.451,538] [0m<dbg> zmk: zmk_hid_mouse_scroll_set: Mouse scroll set to 0/0[0m
[00:00:21.451,538] [0m<dbg> zmk: zmk_hid_mouse_movement_set: Mouse movement set to 0/0[0m
[00:00:21.458,801] [0m<dbg> zmk: apply_config: LISTENER INDEX: 0[0m
[00:00:21.458,831] [0m<dbg> zmk: scale_val: scaled -5 with 1/1 to -5 with remainder 0[0m
[00:00:21.458,862] [0m<dbg> zmk: apply_config: LISTENER INDEX: 0[0m
[00:00:21.458,892] [0m<dbg> zmk: scale_val: scaled -21 with 1/1 to -21 with remainder 0[0m
[00:00:21.458,892] [0m<dbg> zmk: zmk_hid_mouse_movement_set: Mouse movement set to -5/-21[0m
[00:00:21.458,953] [0m<dbg> zmk: zmk_hid_mouse_scroll_set: Mouse scroll set to 0/0[0m
[00:00:21.458,984] [0m<dbg> zmk: zmk_hid_mouse_movement_set: Mouse movement set to 0/0[0m
[00:00:21.466,644] [0m<dbg> zmk: apply_config: LISTENER INDEX: 0[0m
[00:00:21.466,674] [0m<dbg> zmk: scale_val: scaled -3 with 1/1 to -3 with remainder 0[0m
[00:00:21.466,735] [0m<dbg> zmk: apply_config: LISTENER INDEX: 0[0m
[00:00:21.466,735] [0m<dbg> zmk: scale_val: scaled -27 with 1/1 to -27 with remainder 0[0m
[00:00:21.466,766] [0m<dbg> zmk: zmk_hid_mouse_movement_set: Mouse movement set to -3/-27[0m
[00:00:21.466,827] [0m<dbg> zmk: zmk_hid_mouse_scroll_set: Mouse scroll set to 0/0[0m
[00:00:21.466,827] [0m<dbg> zmk: zmk_hid_mouse_movement_set: Mouse movement set to 0/0[0m
[00:00:21.474,670] [0m<dbg> zmk: apply_config: LISTENER INDEX: 0[0m
[00:00:21.474,700] [0m<dbg> zmk: scale_val: scaled -5 with 1/1 to -5 with remainder 0[0m
[00:00:21.474,761] [0m<dbg> zmk: apply_config: LISTENER INDEX: 0[0m
[00:00:21.474,761] [0m<dbg> zmk: scale_val: scaled -27 with 1/1 to -27 with remainder 0[0m
[00:00:21.474,792] [0m<dbg> zmk: zmk_hid_mouse_movement_set: Mouse movement set to -5/-27[0m
[00:00:21.474,822] [0m<dbg> zmk: zmk_hid_mouse_scroll_set: Mouse scroll set to 0/0[0m
[00:00:21.474,853] [0m<dbg> zmk: zmk_hid_mouse_movement_set: Mouse movement set to 0/0[0m
[00:00:21.482,757] [0m<dbg> zmk: apply_config: LISTENER INDEX: 0[0m
[00:00:21.482,757] [0m<dbg> zmk: scale_val: scaled -3 with 1/1 to -3 with remainder 0[0m
[00:00:21.482,818] [0m<dbg> zmk: apply_config: LISTENER INDEX: 0[0m
[00:00:21.482,849] [0m<dbg> zmk: scale_val: scaled -24 with 1/1 to -24 with remainder 0[0m
[00:00:21.482,849] [0m<dbg> zmk: zmk_hid_mouse_movement_set: Mouse movement set to -3/-24[0m
[00:00:21.482,910] [0m<dbg> zmk: zmk_hid_mouse_scroll_set: Mouse scroll set to 0/0[0m
[00:00:21.482,940] [0m<dbg> zmk: zmk_hid_mouse_movement_set: Mouse movement set to 0/0[0m
[00:00:21.491,546] [0m<dbg> zmk: apply_config: LISTENER INDEX: 0[0m
[00:00:21.491,577] [0m<dbg> zmk: scale_val: scaled -5 with 1/1 to -5 with remainder 0[0m
[00:00:21.491,638] [0m<dbg> zmk: apply_config: LISTENER INDEX: 0[0m
[00:00:21.491,668] [0m<dbg> zmk: scale_val: scaled -24 with 1/1 to -24 with remainder 0[0m
[00:00:21.491,668] [0m<dbg> zmk: zmk_hid_mouse_movement_set: Mouse movement set to -5/-24[0m
[00:00:21.491,729] [0m<dbg> zmk: zmk_hid_mouse_scroll_set: Mouse scroll set to 0/0[0m
[00:00:21.491,760] [0m<dbg> zmk: zmk_hid_mouse_movement_set: Mouse movement set to 0/0[0m
[00:00:21.499,603] [0m<dbg> zmk: apply_config: LISTENER INDEX: 0[0m
[00:00:21.499,633] [0m<dbg> zmk: scale_val: scaled -5 with 1/1 to -5 with remainder 0[0m
[00:00:21.499,694] [0m<dbg> zmk: apply_config: LISTENER INDEX: 0[0m
[00:00:21.499,725] [0m<dbg> zmk: scale_val: scaled -24 with 1/1 to -24 with remainder 0[0m
[00:00:21.499,725] [0m<dbg> zmk: zmk_hid_mouse_movement_set: Mouse movement set to -5/-24[0m
[00:00:21.499,786] [0m<dbg> zmk: zmk_hid_mouse_scroll_set: Mouse scroll set to 0/0[0m
[00:00:21.499,786] [0m<dbg> zmk: zmk_hid_mouse_movement_set: Mouse movement set to 0/0[0m
[00:00:21.507,659] [0m<dbg> zmk: apply_config: LISTENER INDEX: 0[0m
[00:00:21.507,659] [0m<dbg> zmk: scale_val: scaled -7 with 1/1 to -7 with remainder 0[0m
[00:00:21.507,720] [0m<dbg> zmk: apply_config: LISTENER INDEX: 0[0m
[00:00:21.507,751] [0m<dbg> zmk: scale_val: scaled -24 with 1/1 to -24 with remainder 0[0m
[00:00:21.507,751] [0m<dbg> zmk: zmk_hid_mouse_movement_set: Mouse movement set to -7/-24[0m
[00:00:21.507,812] [0m<dbg> zmk: zmk_hid_mouse_scroll_set: Mouse scroll set to 0/0[0m
[00:00:21.507,843] [0m<dbg> zmk: zmk_hid_mouse_movement_set: Mouse movement set to 0/0[0m
[00:00:21.514,953] [0m<dbg> zmk: apply_config: LISTENER INDEX: 0[0m
[00:00:21.515,106] [0m<dbg> zmk: scale_val: scaled -7 with 1/1 to -7 with remainder 0[0m
[00:00:21.515,258] [0m<dbg> zmk: apply_config: LISTENER INDEX: 0[0m
[00:00:21.515,258] [0m<dbg> zmk: scale_val: scaled -18 with 1/1 to -18 with remainder 0[0m
[00:00:21.515,289] [0m<dbg> zmk: zmk_hid_mouse_movement_set: Mouse movement set to -7/-18[0m
[00:00:21.515,350] [0m<dbg> zmk: zmk_hid_mouse_scroll_set: Mouse scroll set to 0/0[0m
[00:00:21.515,350] [0m<dbg> zmk: zmk_hid_mouse_movement_set: Mouse movement set to 0/0[0m
[00:00:21.523,773] [0m<dbg> zmk: apply_config: LISTENER INDEX: 0[0m
[00:00:21.523,803] [0m<dbg> zmk: scale_val: scaled -7 with 1/1 to -7 with remainder 0[0m
[00:00:21.523,864] [0m<dbg> zmk: apply_config: LISTENER INDEX: 0[0m
[00:00:21.523,864] [0m<dbg> zmk: scale_val: scaled -30 with 1/1 to -30 with remainder 0[0m
[00:00:21.523,895] [0m<dbg> zmk: zmk_hid_mouse_movement_set: Mouse movement set to -7/-30[0m
[00:00:21.523,925] [0m<dbg> zmk: zmk_hid_mouse_scroll_set: Mouse scroll set to 0/0[0m
[00:00:21.523,956] [0m<dbg> zmk: zmk_hid_mouse_movement_set: Mouse movement set to 0/0[0m
[00:00:21.531,890] [0m<dbg> zmk: apply_config: LISTENER INDEX: 0[0m
[00:00:21.531,921] [0m<dbg> zmk: scale_val: scaled -9 with 1/1 to -9 with remainder 0[0m
[00:00:21.531,951] [0m<dbg> zmk: apply_config: LISTENER INDEX: 0[0m
[00:00:21.531,982] [0m<dbg> zmk: scale_val: scaled -33 with 1/1 to -33 with remainder 0[0m
[00:00:21.532,012] [0m<dbg> zmk: zmk_hid_mouse_movement_set: Mouse movement set to -9/-33[0m
[00:00:21.532,043] [0m<dbg> zmk: zmk_hid_mouse_scroll_set: Mouse scroll set to 0/0[0m
[00:00:21.532,073] [0m<dbg> zmk: zmk_hid_mouse_movement_set: Mouse movement set to 0/0[0m
[00:00:21.540,130] [0m<dbg> zmk: apply_config: LISTENER INDEX: 0[0m
[00:00:21.540,161] [0m<dbg> zmk: scale_val: scaled -5 with 1/1 to -5 with remainder 0[0m
[00:00:21.540,252] [0m<dbg> zmk: apply_config: LISTENER INDEX: 0[0m
[00:00:21.540,283] [0m<dbg> zmk: scale_val: scaled -45 with 1/1 to -45 with remainder 0[0m
[00:00:21.540,283] [0m<dbg> zmk: zmk_hid_mouse_movement_set: Mouse movement set to -5/-45[0m
[00:00:21.540,344] [0m<dbg> zmk: zmk_hid_mouse_scroll_set: Mouse scroll set to 0/0[0m
[00:00:21.540,374] [0m<dbg> zmk: zmk_hid_mouse_movement_set: Mouse movement set to 0/0[0m
[00:00:21.547,546] [0m<dbg> zmk: apply_config: LISTENER INDEX: 0[0m
[00:00:21.547,576] [0m<dbg> zmk: scale_val: scaled -5 with 1/1 to -5 with remainder 0[0m
[00:00:21.547,637] [0m<dbg> zmk: apply_config: LISTENER INDEX: 0[0m
[00:00:21.547,668] [0m<dbg> zmk: scale_val: scaled -45 with 1/1 to -45 with remainder 0[0m
[00:00:21.547,668] [0m<dbg> zmk: zmk_hid_mouse_movement_set: Mouse movement set to -5/-45[0m
[00:00:21.547,821] [0m<dbg> zmk: zmk_hid_mouse_scroll_set: Mouse scroll set to 0/0[0m
[00:00:21.547,821] [0m<dbg> zmk: zmk_hid_mouse_movement_set: Mouse movement set to 0/0[0m
[00:00:21.556,060] [0m<dbg> zmk: apply_config: LISTENER INDEX: 0[0m
[00:00:21.556,091] [0m<dbg> zmk: scale_val: scaled -7 with 1/1 to -7 with remainder 0[0m
[00:00:21.556,152] [0m<dbg> zmk: apply_config: LISTENER INDEX: 0[0m
[00:00:21.556,152] [0m<dbg> zmk: scale_val: scaled -49 with 1/1 to -49 with remainder 0[0m
[00:00:21.556,182] [0m<dbg> zmk: zmk_hid_mouse_movement_set: Mouse movement set to -7/-49[0m
[00:00:21.556,243] [0m<dbg> zmk: zmk_hid_mouse_scroll_set: Mouse scroll set to 0/0[0m
[00:00:21.556,243] [0m<dbg> zmk: zmk_hid_mouse_movement_set: Mouse movement set to 0/0[0m
[00:00:21.564,117] [0m<dbg> zmk: apply_config: LISTENER INDEX: 0[0m
[00:00:21.564,147] [0m<dbg> zmk: scale_val: scaled -5 with 1/1 to -5 with remainder 0[0m
[00:00:21.564,208] [0m<dbg> zmk: apply_config: LISTENER INDEX: 0[0m
[00:00:21.564,208] [0m<dbg> zmk: scale_val: scaled -49 with 1/1 to -49 with remainder 0[0m
[00:00:21.564,239] [0m<dbg> zmk: zmk_hid_mouse_movement_set: Mouse movement set to -5/-49[0m
[00:00:21.564,758] [0m<dbg> zmk: zmk_hid_mouse_scroll_set: Mouse scroll set to 0/0[0m
[00:00:21.564,758] [0m<dbg> zmk: zmk_hid_mouse_movement_set: Mouse movement set to 0/0[0m
[00:00:21.571,411] [0m<dbg> zmk: apply_config: LISTENER INDEX: 0[0m
[00:00:21.571,441] [0m<dbg> zmk: scale_val: scaled -3 with 1/1 to -3 with remainder 0[0m
[00:00:21.571,502] [0m<dbg> zmk: apply_config: LISTENER INDEX: 0[0m
[00:00:21.571,502] [0m<dbg> zmk: scale_val: scaled -57 with 1/1 to -57 with remainder 0[0m
[00:00:21.571,533] [0m<dbg> zmk: zmk_hid_mouse_movement_set: Mouse movement set to -3/-57[0m
[00:00:21.571,594] [0m<dbg> zmk: zmk_hid_mouse_scroll_set: Mouse scroll set to 0/0[0m
[00:00:21.571,594] [0m<dbg> zmk: zmk_hid_mouse_movement_set: Mouse movement set to 0/0[0m
[00:00:21.579,528] [0m<dbg> zmk: apply_config: LISTENER INDEX: 0[0m
[00:00:21.579,528] [0m<dbg> zmk: scale_val: scaled -1 with 1/1 to -1 with remainder 0[0m
[00:00:21.579,589] [0m<dbg> zmk: apply_config: LISTENER INDEX: 0[0m
[00:00:21.579,620] [0m<dbg> zmk: scale_val: scaled -45 with 1/1 to -45 with remainder 0[0m
[00:00:21.579,620] [0m<dbg> zmk: zmk_hid_mouse_movement_set: Mouse movement set to -1/-45[0m
[00:00:21.579,681] [0m<dbg> zmk: zmk_hid_mouse_scroll_set: Mouse scroll set to 0/0[0m
[00:00:21.579,681] [0m<dbg> zmk: zmk_hid_mouse_movement_set: Mouse movement set to 0/0[0m
[00:00:21.587,554] [0m<dbg> zmk: apply_config: LISTENER INDEX: 0[0m
[00:00:21.587,554] [0m<dbg> zmk: scale_val: scaled 0 with 1/1 to 0 with remainder 0[0m
[00:00:21.587,615] [0m<dbg> zmk: apply_config: LISTENER INDEX: 0[0m
[00:00:21.587,646] [0m<dbg> zmk: scale_val: scaled -41 with 1/1 to -41 with remainder 0[0m
[00:00:21.587,646] [0m<dbg> zmk: zmk_hid_mouse_movement_set: Mouse movement set to 0/-41[0m
[00:00:21.587,707] [0m<dbg> zmk: zmk_hid_mouse_scroll_set: Mouse scroll set to 0/0[0m
[00:00:21.587,707] [0m<dbg> zmk: zmk_hid_mouse_movement_set: Mouse movement set to 0/0[0m
[00:00:21.596,527] [0m<dbg> zmk: apply_config: LISTENER INDEX: 0[0m
[00:00:21.596,557] [0m<dbg> zmk: scale_val: scaled 0 with 1/1 to 0 with remainder 0[0m
[00:00:21.596,618] [0m<dbg> zmk: apply_config: LISTENER INDEX: 0[0m
[00:00:21.596,618] [0m<dbg> zmk: scale_val: scaled -33 with 1/1 to -33 with remainder 0[0m
[00:00:21.596,649] [0m<dbg> zmk: zmk_hid_mouse_movement_set: Mouse movement set to 0/-33[0m
[00:00:21.596,740] [0m<dbg> zmk: zmk_hid_mouse_scroll_set: Mouse scroll set to 0/0[0m
[00:00:21.596,771] [0m<dbg> zmk: zmk_hid_mouse_movement_set: Mouse movement set to 0/0[0m
[00:00:21.603,881] [0m<dbg> zmk: apply_config: LISTENER INDEX: 0[0m
[00:00:21.603,881] [0m<dbg> zmk: scale_val: scaled 2 with 1/1 to 2 with remainder 0[0m
[00:00:21.603,942] [0m<dbg> zmk: apply_config: LISTENER INDEX: 0[0m
[00:00:21.603,973] [0m<dbg> zmk: scale_val: scaled -30 with 1/1 to -30 with remainder 0[0m
[00:00:21.603,973] [0m<dbg> zmk: zmk_hid_mouse_movement_set: Mouse movement set to 2/-30[0m
[00:00:21.604,034] [0m<dbg> zmk: zmk_hid_mouse_scroll_set: Mouse scroll set to 0/0[0m
[00:00:21.604,064] [0m<dbg> zmk: zmk_hid_mouse_movement_set: Mouse movement set to 0/0[0m
[00:00:21.611,755] [0m<dbg> zmk: apply_config: LISTENER INDEX: 0[0m
[00:00:21.611,755] [0m<dbg> zmk: scale_val: scaled 7 with 1/1 to 7 with remainder 0[0m
[00:00:21.611,816] [0m<dbg> zmk: apply_config: LISTENER INDEX: 0[0m
[00:00:21.611,846] [0m<dbg> zmk: scale_val: scaled -30 with 1/1 to -30 with remainder 0[0m
[00:00:21.611,846] [0m<dbg> zmk: zmk_hid_mouse_movement_set: Mouse movement set to 7/-30[0m
[00:00:21.611,907] [0m<dbg> zmk: zmk_hid_mouse_scroll_set: Mouse scroll set to 0/0[0m
[00:00:21.611,938] [0m<dbg> zmk: zmk_hid_mouse_movement_set: Mouse movement set to 0/0[0m
[00:00:21.619,781] [0m<dbg> zmk: apply_config: LISTENER INDEX: 0[0m
[00:00:21.619,812] [0m<dbg> zmk: scale_val: scaled 9 with 1/1 to 9 with remainder 0[0m
[00:00:21.619,873] [0m<dbg> zmk: apply_config: LISTENER INDEX: 0[0m
[00:00:21.619,873] [0m<dbg> zmk: scale_val: scaled -27 with 1/1 to -27 with remainder 0[0m
[00:00:21.619,903] [0m<dbg> zmk: zmk_hid_mouse_movement_set: Mouse movement set to 9/-27[0m
[00:00:21.619,964] [0m<dbg> zmk: zmk_hid_mouse_scroll_set: Mouse scroll set to 0/0[0m
[00:00:21.619,964] [0m<dbg> zmk: zmk_hid_mouse_movement_set: Mouse movement set to 0/0[0m
[00:00:21.627,868] [0m<dbg> zmk: apply_config: LISTENER INDEX: 0[0m
[00:00:21.627,899] [0m<dbg> zmk: scale_val: scaled 15 with 1/1 to 15 with remainder 0[0m
[00:00:21.627,929] [0m<dbg> zmk: apply_config: LISTENER INDEX: 0[0m
[00:00:21.627,960] [0m<dbg> zmk: scale_val: scaled -27 with 1/1 to -27 with remainder 0[0m
[00:00:21.627,960] [0m<dbg> zmk: zmk_hid_mouse_movement_set: Mouse movement set to 15/-27[0m
[00:00:21.628,021] [0m<dbg> zmk: zmk_hid_mouse_scroll_set: Mouse scroll set to 0/0[0m
[00:00:21.628,051] [0m<dbg> zmk: zmk_hid_mouse_movement_set: Mouse movement set to 0/0[0m
[00:00:21.636,138] [0m<dbg> zmk: apply_config: LISTENER INDEX: 0[0m
[00:00:21.636,138] [0m<dbg> zmk: scale_val: scaled 21 with 1/1 to 21 with remainder 0[0m
[00:00:21.636,199] [0m<dbg> zmk: apply_config: LISTENER INDEX: 0[0m
[00:00:21.636,230] [0m<dbg> zmk: scale_val: scaled -24 with 1/1 to -24 with remainder 0[0m
[00:00:21.636,230] [0m<dbg> zmk: zmk_hid_mouse_movement_set: Mouse movement set to 21/-24[0m
[00:00:21.636,291] [0m<dbg> zmk: zmk_hid_mouse_scroll_set: Mouse scroll set to 0/0[0m
[00:00:21.636,352] [0m<dbg> zmk: zmk_hid_mouse_movement_set: Mouse movement set to 0/0[0m
[00:00:21.643,981] [0m<dbg> zmk: apply_config: LISTENER INDEX: 0[0m
[00:00:21.643,981] [0m<dbg> zmk: scale_val: scaled 30 with 1/1 to 30 with remainder 0[0m
[00:00:21.644,042] [0m<dbg> zmk: apply_config: LISTENER INDEX: 0[0m
[00:00:21.644,073] [0m<dbg> zmk: scale_val: scaled -18 with 1/1 to -18 with remainder 0[0m
[00:00:21.644,073] [0m<dbg> zmk: zmk_hid_mouse_movement_set: Mouse movement set to 30/-18[0m
[00:00:21.644,134] [0m<dbg> zmk: zmk_hid_mouse_scroll_set: Mouse scroll set to 0/0[0m
[00:00:21.644,165] [0m<dbg> zmk: zmk_hid_mouse_movement_set: Mouse movement set to 0/0[0m
[00:00:21.652,069] [0m<dbg> zmk: apply_config: LISTENER INDEX: 0[0m
[00:00:21.652,069] [0m<dbg> zmk: scale_val: scaled 27 with 1/1 to 27 with remainder 0[0m
[00:00:21.652,221] [0m<dbg> zmk: apply_config: LISTENER INDEX: 0[0m
[00:00:21.652,252] [0m<dbg> zmk: scale_val: scaled -13 with 1/1 to -13 with remainder 0[0m
[00:00:21.652,282] [0m<dbg> zmk: zmk_hid_mouse_movement_set: Mouse movement set to 27/-13[0m
[00:00:21.652,313] [0m<dbg> zmk: zmk_hid_mouse_scroll_set: Mouse scroll set to 0/0[0m
[00:00:21.652,343] [0m<dbg> zmk: zmk_hid_mouse_movement_set: Mouse movement set to 0/0[0m
[00:00:21.660,125] [0m<dbg> zmk: apply_config: LISTENER INDEX: 0[0m
[00:00:21.660,125] [0m<dbg> zmk: scale_val: scaled 24 with 1/1 to 24 with remainder 0[0m
[00:00:21.660,247] [0m<dbg> zmk: apply_config: LISTENER INDEX: 0[0m
[00:00:21.660,247] [0m<dbg> zmk: scale_val: scaled -9 with 1/1 to -9 with remainder 0[0m
[00:00:21.660,278] [0m<dbg> zmk: zmk_hid_mouse_movement_set: Mouse movement set to 24/-9[0m
[00:00:21.660,339] [0m<dbg> zmk: zmk_hid_mouse_scroll_set: Mouse scroll set to 0/0[0m
[00:00:21.660,339] [0m<dbg> zmk: zmk_hid_mouse_movement_set: Mouse movement set to 0/0[0m
[00:00:21.668,182] [0m<dbg> zmk: apply_config: LISTENER INDEX: 0[0m
[00:00:21.668,182] [0m<dbg> zmk: scale_val: scaled 21 with 1/1 to 21 with remainder 0[0m
[00:00:21.668,243] [0m<dbg> zmk: apply_config: LISTENER INDEX: 0[0m
[00:00:21.668,273] [0m<dbg> zmk: scale_val: scaled -2 with 1/1 to -2 with remainder 0[0m
[00:00:21.668,273] [0m<dbg> zmk: zmk_hid_mouse_movement_set: Mouse movement set to 21/-2[0m
[00:00:21.668,334] [0m<dbg> zmk: zmk_hid_mouse_scroll_set: Mouse scroll set to 0/0[0m
[00:00:21.668,334] [0m<dbg> zmk: zmk_hid_mouse_movement_set: Mouse movement set to 0/0[0m
[00:00:21.677,154] [0m<dbg> zmk: apply_config: LISTENER INDEX: 0[0m
[00:00:21.677,154] [0m<dbg> zmk: scale_val: scaled 24 with 1/1 to 24 with remainder 0[0m
[00:00:21.677,215] [0m<dbg> zmk: apply_config: LISTENER INDEX: 0[0m
[00:00:21.677,246] [0m<dbg> zmk: scale_val: scaled -2 with 1/1 to -2 with remainder 0[0m
[00:00:21.677,246] [0m<dbg> zmk: zmk_hid_mouse_movement_set: Mouse movement set to 24/-2[0m
[00:00:21.677,307] [0m<dbg> zmk: zmk_hid_mouse_scroll_set: Mouse scroll set to 0/0[0m
[00:00:21.677,368] [0m<dbg> zmk: zmk_hid_mouse_movement_set: Mouse movement set to 0/0[0m
[00:00:21.685,028] [0m<dbg> zmk: apply_config: LISTENER INDEX: 0[0m
[00:00:21.685,058] [0m<dbg> zmk: scale_val: scaled 27 with 1/1 to 27 with remainder 0[0m
[00:00:21.685,119] [0m<dbg> zmk: apply_config: LISTENER INDEX: 0[0m
[00:00:21.685,119] [0m<dbg> zmk: scale_val: scaled 0 with 1/1 to 0 with remainder 0[0m
[00:00:21.685,150] [0m<dbg> zmk: zmk_hid_mouse_movement_set: Mouse movement set to 27/0[0m
[00:00:21.685,180] [0m<dbg> zmk: zmk_hid_mouse_scroll_set: Mouse scroll set to 0/0[0m
[00:00:21.685,211] [0m<dbg> zmk: zmk_hid_mouse_movement_set: Mouse movement set to 0/0[0m
[00:00:21.692,565] [0m<dbg> zmk: apply_config: LISTENER INDEX: 0[0m
[00:00:21.692,565] [0m<dbg> zmk: scale_val: scaled 33 with 1/1 to 33 with remainder 0[0m
[00:00:21.692,626] [0m<dbg> zmk: apply_config: LISTENER INDEX: 0[0m
[00:00:21.692,657] [0m<dbg> zmk: scale_val: scaled 0 with 1/1 to 0 with remainder 0[0m
[00:00:21.692,657] [0m<dbg> zmk: zmk_hid_mouse_movement_set: Mouse movement set to 33/0[0m
[00:00:21.692,718] [0m<dbg> zmk: zmk_hid_mouse_scroll_set: Mouse scroll set to 0/0[0m
[00:00:21.692,749] [0m<dbg> zmk: zmk_hid_mouse_movement_set: Mouse movement set to 0/0[0m
[00:00:21.700,408] [0m<dbg> zmk: apply_config: LISTENER INDEX: 0[0m
[00:00:21.700,439] [0m<dbg> zmk: scale_val: scaled 37 with 1/1 to 37 with remainder 0[0m
[00:00:21.700,500] [0m<dbg> zmk: apply_config: LISTENER INDEX: 0[0m
[00:00:21.700,500] [0m<dbg> zmk: scale_val: scaled 1 with 1/1 to 1 with remainder 0[0m
[00:00:21.700,531] [0m<dbg> zmk: zmk_hid_mouse_movement_set: Mouse movement set to 37/1[0m
[00:00:21.700,592] [0m<dbg> zmk: zmk_hid_mouse_scroll_set: Mouse scroll set to 0/0[0m
[00:00:21.700,592] [0m<dbg> zmk: zmk_hid_mouse_movement_set: Mouse movement set to 0/0[0m
[00:00:21.708,526] [0m<dbg> zmk: apply_config: LISTENER INDEX: 0[0m
[00:00:21.708,557] [0m<dbg> zmk: scale_val: scaled 45 with 1/1 to 45 with remainder 0[0m
[00:00:21.708,618] [0m<dbg> zmk: apply_config: LISTENER INDEX: 0[0m
[00:00:21.708,618] [0m<dbg> zmk: scale_val: scaled 3 with 1/1 to 3 with remainder 0[0m
[00:00:21.708,648] [0m<dbg> zmk: zmk_hid_mouse_movement_set: Mouse movement set to 45/3[0m
[00:00:21.708,709] [0m<dbg> zmk: zmk_hid_mouse_scroll_set: Mouse scroll set to 0/0[0m
[00:00:21.708,709] [0m<dbg> zmk: zmk_hid_mouse_movement_set: Mouse movement set to 0/0[0m
[00:00:21.716,552] [0m<dbg> zmk: apply_config: LISTENER INDEX: 0[0m
[00:00:21.716,583] [0m<dbg> zmk: scale_val: scaled 49 with 1/1 to 49 with remainder 0[0m
[00:00:21.716,644] [0m<dbg> zmk: apply_config: LISTENER INDEX: 0[0m
[00:00:21.716,674] [0m<dbg> zmk: scale_val: scaled 5 with 1/1 to 5 with remainder 0[0m
[00:00:21.716,674] [0m<dbg> zmk: zmk_hid_mouse_movement_set: Mouse movement set to 49/5[0m
[00:00:21.716,735] [0m<dbg> zmk: zmk_hid_mouse_scroll_set: Mouse scroll set to 0/0[0m
[00:00:21.716,735] [0m<dbg> zmk: zmk_hid_mouse_movement_set: Mouse movement set to 0/0[0m
[00:00:21.724,609] [0m<dbg> zmk: apply_config: LISTENER INDEX: 0[0m
[00:00:21.724,639] [0m<dbg> zmk: scale_val: scaled 45 with 1/1 to 45 with remainder 0[0m
[00:00:21.724,670] [0m<dbg> zmk: apply_config: LISTENER INDEX: 0[0m
[00:00:21.724,700] [0m<dbg> zmk: scale_val: scaled 9 with 1/1 to 9 with remainder 0[0m
[00:00:21.724,700] [0m<dbg> zmk: zmk_hid_mouse_movement_set: Mouse movement set to 45/9[0m
[00:00:21.724,761] [0m<dbg> zmk: zmk_hid_mouse_scroll_set: Mouse scroll set to 0/0[0m
[00:00:21.724,792] [0m<dbg> zmk: zmk_hid_mouse_movement_set: Mouse movement set to 0/0[0m
[00:00:21.732,666] [0m<dbg> zmk: apply_config: LISTENER INDEX: 0[0m
[00:00:21.732,666] [0m<dbg> zmk: scale_val: scaled 41 w